id,kind,payload_bytes,accepted,rejected
1,0,1,1,0
2,1,2,0,1
3,2,3,0,1
4,3,4,0,1
5,4,5,0,1
6,5,6,0,1
7,6,7,0,1
8,7,8,0,1
9,0,9,1,0
10,1,10,0,1
11,2,11,0,1
12,3,12,0,1
13,4,13,0,1
14,5,14,0,1
15,6,15,0,1
16,7,16,0,1
17,0,17,1,0
18,1,18,0,1
19,2,19,0,1
20,3,20,0,1
21,4,21,0,1
22,5,22,0,1
23,6,23,0,1
24,7,24,0,1
25,0,25,1,0
26,1,26,0,1
27,2,27,0,1
28,3,28,0,1
29,4,29,0,1
30,5,30,0,1
31,6,31,0,1
32,7,32,0,1
33,0,33,1,0
34,1,34,0,1
35,2,35,0,1
36,3,36,0,1
37,4,37,0,1
38,5,38,0,1
39,6,39,0,1
40,7,40,0,1
41,0,41,1,0
42,1,42,0,1
43,2,43,0,1
44,3,44,0,1
45,4,45,0,1
46,5,46,0,1
47,6,47,0,1
48,7,48,0,1
49,0,49,1,0
50,1,50,0,1
51,2,51,0,1
52,3,52,0,1
53,4,53,0,1
54,5,54,0,1
55,6,55,0,1
56,7,56,0,1
57,0,57,1,0
58,1,58,0,1
59,2,59,0,1
60,3,60,0,1
61,4,61,0,1
62,5,62,0,1
63,6,63,0,1
64,7,64,0,1
65,0,1,1,0
66,1,2,0,1
67,2,3,0,1
68,3,4,0,1
69,4,5,0,1
70,5,6,0,1
71,6,7,0,1
72,7,8,0,1
73,0,9,1,0
74,1,10,0,1
75,2,11,0,1
76,3,12,0,1
77,4,13,0,1
78,5,14,0,1
79,6,15,0,1
80,7,16,0,1
81,0,17,1,0
82,1,18,0,1
83,2,19,0,1
84,3,20,0,1
85,4,21,0,1
86,5,22,0,1
87,6,23,0,1
88,7,24,0,1
89,0,25,1,0
90,1,26,0,1
91,2,27,0,1
92,3,28,0,1
93,4,29,0,1
94,5,30,0,1
95,6,31,0,1
96,7,32,0,1
97,0,33,1,0
98,1,34,0,1
99,2,35,0,1
100,3,36,0,1
101,4,37,0,1
102,5,38,0,1
103,6,39,0,1
104,7,40,0,1
105,0,41,1,0
106,1,42,0,1
107,2,43,0,1
108,3,44,0,1
109,4,45,0,1
110,5,46,0,1
111,6,47,0,1
112,7,48,0,1
113,0,49,1,0
114,1,50,0,1
115,2,51,0,1
116,3,52,0,1
117,4,53,0,1
118,5,54,0,1
119,6,55,0,1
120,7,56,0,1
121,0,57,1,0
122,1,58,0,1
123,2,59,0,1
124,3,60,0,1
125,4,61,0,1
126,5,62,0,1
127,6,63,0,1
128,7,64,0,1
129,0,1,1,0
130,1,2,0,1
131,2,3,0,1
132,3,4,0,1
133,4,5,0,1
134,5,6,0,1
135,6,7,0,1
136,7,8,0,1
137,0,9,1,0
138,1,10,0,1
139,2,11,0,1
140,3,12,0,1
141,4,13,0,1
142,5,14,0,1
143,6,15,0,1
144,7,16,0,1
145,0,17,1,0
146,1,18,0,1
147,2,19,0,1
148,3,20,0,1
149,4,21,0,1
150,5,22,0,1
151,6,23,0,1
152,7,24,0,1
153,0,25,1,0
154,1,26,0,1
155,2,27,0,1
156,3,28,0,1
157,4,29,0,1
158,5,30,0,1
159,6,31,0,1
160,7,32,0,1
161,0,33,1,0
162,1,34,0,1
163,2,35,0,1
164,3,36,0,1
165,4,37,0,1
166,5,38,0,1
167,6,39,0,1
168,7,40,0,1
169,0,41,1,0
170,1,42,0,1
171,2,43,0,1
172,3,44,0,1
173,4,45,0,1
174,5,46,0,1
175,6,47,0,1
176,7,48,0,1
177,0,49,1,0
178,1,50,0,1
179,2,51,0,1
180,3,52,0,1
181,4,53,0,1
182,5,54,0,1
183,6,55,0,1
184,7,56,0,1
185,0,57,1,0
186,1,58,0,1
187,2,59,0,1
188,3,60,0,1
189,4,61,0,1
190,5,62,0,1
191,6,63,0,1
192,7,64,0,1
193,0,1,1,0
194,1,2,0,1
195,2,3,0,1
196,3,4,0,1
197,4,5,0,1
198,5,6,0,1
199,6,7,0,1
200,7,8,0,1
201,0,9,1,0
202,1,10,0,1
203,2,11,0,1
204,3,12,0,1
205,4,13,0,1
206,5,14,0,1
207,6,15,0,1
208,7,16,0,1
209,0,17,1,0
210,1,18,0,1
211,2,19,0,1
212,3,20,0,1
213,4,21,0,1
214,5,22,0,1
215,6,23,0,1
216,7,24,0,1
217,0,25,1,0
218,1,26,0,1
219,2,27,0,1
220,3,28,0,1
221,4,29,0,1
222,5,30,0,1
223,6,31,0,1
224,7,32,0,1
225,0,33,1,0
226,1,34,0,1
227,2,35,0,1
228,3,36,0,1
229,4,37,0,1
230,5,38,0,1
231,6,39,0,1
232,7,40,0,1
233,0,41,1,0
234,1,42,0,1
235,2,43,0,1
236,3,44,0,1
237,4,45,0,1
238,5,46,0,1
239,6,47,0,1
240,7,48,0,1
241,0,49,1,0
242,1,50,0,1
243,2,51,0,1
244,3,52,0,1
245,4,53,0,1
246,5,54,0,1
247,6,55,0,1
248,7,56,0,1
249,0,57,1,0
250,1,58,0,1
251,2,59,0,1
252,3,60,0,1
253,4,61,0,1
254,5,62,0,1
255,6,63,0,1
256,7,64,0,1
257,0,1,1,0
258,1,2,0,1
259,2,3,0,1
260,3,4,0,1
261,4,5,0,1
262,5,6,0,1
263,6,7,0,1
264,7,8,0,1
265,0,9,1,0
266,1,10,0,1
267,2,11,0,1
268,3,12,0,1
269,4,13,0,1
270,5,14,0,1
271,6,15,0,1
272,7,16,0,1
273,0,17,1,0
274,1,18,0,1
275,2,19,0,1
276,3,20,0,1
277,4,21,0,1
278,5,22,0,1
279,6,23,0,1
280,7,24,0,1
281,0,25,1,0
282,1,26,0,1
283,2,27,0,1
284,3,28,0,1
285,4,29,0,1
286,5,30,0,1
287,6,31,0,1
288,7,32,0,1
289,0,33,1,0
290,1,34,0,1
291,2,35,0,1
292,3,36,0,1
293,4,37,0,1
294,5,38,0,1
295,6,39,0,1
296,7,40,0,1
297,0,41,1,0
298,1,42,0,1
299,2,43,0,1
300,3,44,0,1
301,4,45,0,1
302,5,46,0,1
303,6,47,0,1
304,7,48,0,1
305,0,49,1,0
306,1,50,0,1
307,2,51,0,1
308,3,52,0,1
309,4,53,0,1
310,5,54,0,1
311,6,55,0,1
312,7,56,0,1
313,0,57,1,0
314,1,58,0,1
315,2,59,0,1
316,3,60,0,1
317,4,61,0,1
318,5,62,0,1
319,6,63,0,1
320,7,64,0,1
321,0,1,1,0
322,1,2,0,1
323,2,3,0,1
324,3,4,0,1
325,4,5,0,1
326,5,6,0,1
327,6,7,0,1
328,7,8,0,1
329,0,9,1,0
330,1,10,0,1
331,2,11,0,1
332,3,12,0,1
333,4,13,0,1
334,5,14,0,1
335,6,15,0,1
336,7,16,0,1
337,0,17,1,0
338,1,18,0,1
339,2,19,0,1
340,3,20,0,1
341,4,21,0,1
342,5,22,0,1
343,6,23,0,1
344,7,24,0,1
345,0,25,1,0
346,1,26,0,1
347,2,27,0,1
348,3,28,0,1
349,4,29,0,1
350,5,30,0,1
351,6,31,0,1
352,7,32,0,1
353,0,33,1,0
354,1,34,0,1
355,2,35,0,1
356,3,36,0,1
357,4,37,0,1
358,5,38,0,1
359,6,39,0,1
360,7,40,0,1
361,0,41,1,0
362,1,42,0,1
363,2,43,0,1
364,3,44,0,1
365,4,45,0,1
366,5,46,0,1
367,6,47,0,1
368,7,48,0,1
369,0,49,1,0
370,1,50,0,1
371,2,51,0,1
372,3,52,0,1
373,4,53,0,1
374,5,54,0,1
375,6,55,0,1
376,7,56,0,1
377,0,57,1,0
378,1,58,0,1
379,2,59,0,1
380,3,60,0,1
381,4,61,0,1
382,5,62,0,1
383,6,63,0,1
384,7,64,0,1
385,0,1,1,0
386,1,2,0,1
387,2,3,0,1
388,3,4,0,1
389,4,5,0,1
390,5,6,0,1
391,6,7,0,1
392,7,8,0,1
393,0,9,1,0
394,1,10,0,1
395,2,11,0,1
396,3,12,0,1
397,4,13,0,1
398,5,14,0,1
399,6,15,0,1
400,7,16,0,1
401,0,17,1,0
402,1,18,0,1
403,2,19,0,1
404,3,20,0,1
405,4,21,0,1
406,5,22,0,1
407,6,23,0,1
408,7,24,0,1
409,0,25,1,0
410,1,26,0,1
411,2,27,0,1
412,3,28,0,1
413,4,29,0,1
414,5,30,0,1
415,6,31,0,1
416,7,32,0,1
417,0,33,1,0
418,1,34,0,1
419,2,35,0,1
420,3,36,0,1
421,4,37,0,1
422,5,38,0,1
423,6,39,0,1
424,7,40,0,1
425,0,41,1,0
426,1,42,0,1
427,2,43,0,1
428,3,44,0,1
429,4,45,0,1
430,5,46,0,1
431,6,47,0,1
432,7,48,0,1
433,0,49,1,0
434,1,50,0,1
435,2,51,0,1
436,3,52,0,1
437,4,53,0,1
438,5,54,0,1
439,6,55,0,1
440,7,56,0,1
441,0,57,1,0
442,1,58,0,1
443,2,59,0,1
444,3,60,0,1
445,4,61,0,1
446,5,62,0,1
447,6,63,0,1
448,7,64,0,1
449,0,1,1,0
450,1,2,0,1
451,2,3,0,1
452,3,4,0,1
453,4,5,0,1
454,5,6,0,1
455,6,7,0,1
456,7,8,0,1
457,0,9,1,0
458,1,10,0,1
459,2,11,0,1
460,3,12,0,1
461,4,13,0,1
462,5,14,0,1
463,6,15,0,1
464,7,16,0,1
465,0,17,1,0
466,1,18,0,1
467,2,19,0,1
468,3,20,0,1
469,4,21,0,1
470,5,22,0,1
471,6,23,0,1
472,7,24,0,1
473,0,25,1,0
474,1,26,0,1
475,2,27,0,1
476,3,28,0,1
477,4,29,0,1
478,5,30,0,1
479,6,31,0,1
480,7,32,0,1
481,0,33,1,0
482,1,34,0,1
483,2,35,0,1
484,3,36,0,1
485,4,37,0,1
486,5,38,0,1
487,6,39,0,1
488,7,40,0,1
489,0,41,1,0
490,1,42,0,1
491,2,43,0,1
492,3,44,0,1
493,4,45,0,1
494,5,46,0,1
495,6,47,0,1
496,7,48,0,1
497,0,49,1,0
498,1,50,0,1
499,2,51,0,1
500,3,52,0,1
501,4,53,0,1
502,5,54,0,1
503,6,55,0,1
504,7,56,0,1
505,0,57,1,0
506,1,58,0,1
507,2,59,0,1
508,3,60,0,1
509,4,61,0,1
510,5,62,0,1
511,6,63,0,1
512,7,64,0,1
513,0,1,1,0
514,1,2,0,1
515,2,3,0,1
516,3,4,0,1
517,4,5,0,1
518,5,6,0,1
519,6,7,0,1
520,7,8,0,1
521,0,9,1,0
522,1,10,0,1
523,2,11,0,1
524,3,12,0,1
525,4,13,0,1
526,5,14,0,1
527,6,15,0,1
528,7,16,0,1
529,0,17,1,0
530,1,18,0,1
531,2,19,0,1
532,3,20,0,1
533,4,21,0,1
534,5,22,0,1
535,6,23,0,1
536,7,24,0,1
537,0,25,1,0
538,1,26,0,1
539,2,27,0,1
540,3,28,0,1
541,4,29,0,1
542,5,30,0,1
543,6,31,0,1
544,7,32,0,1
545,0,33,1,0
546,1,34,0,1
547,2,35,0,1
548,3,36,0,1
549,4,37,0,1
550,5,38,0,1
551,6,39,0,1
552,7,40,0,1
553,0,41,1,0
554,1,42,0,1
555,2,43,0,1
556,3,44,0,1
557,4,45,0,1
558,5,46,0,1
559,6,47,0,1
560,7,48,0,1
561,0,49,1,0
562,1,50,0,1
563,2,51,0,1
564,3,52,0,1
565,4,53,0,1
566,5,54,0,1
567,6,55,0,1
568,7,56,0,1
569,0,57,1,0
570,1,58,0,1
571,2,59,0,1
572,3,60,0,1
573,4,61,0,1
574,5,62,0,1
575,6,63,0,1
576,7,64,0,1
577,0,1,1,0
578,1,2,0,1
579,2,3,0,1
580,3,4,0,1
581,4,5,0,1
582,5,6,0,1
583,6,7,0,1
584,7,8,0,1
585,0,9,1,0
586,1,10,0,1
587,2,11,0,1
588,3,12,0,1
589,4,13,0,1
590,5,14,0,1
591,6,15,0,1
592,7,16,0,1
593,0,17,1,0
594,1,18,0,1
595,2,19,0,1
596,3,20,0,1
597,4,21,0,1
598,5,22,0,1
599,6,23,0,1
600,7,24,0,1
601,0,25,1,0
602,1,26,0,1
603,2,27,0,1
604,3,28,0,1
605,4,29,0,1
606,5,30,0,1
607,6,31,0,1
608,7,32,0,1
609,0,33,1,0
610,1,34,0,1
611,2,35,0,1
612,3,36,0,1
613,4,37,0,1
614,5,38,0,1
615,6,39,0,1
616,7,40,0,1
617,0,41,1,0
618,1,42,0,1
619,2,43,0,1
620,3,44,0,1
621,4,45,0,1
622,5,46,0,1
623,6,47,0,1
624,7,48,0,1
625,0,49,1,0
626,1,50,0,1
627,2,51,0,1
628,3,52,0,1
629,4,53,0,1
630,5,54,0,1
631,6,55,0,1
632,7,56,0,1
633,0,57,1,0
634,1,58,0,1
635,2,59,0,1
636,3,60,0,1
637,4,61,0,1
638,5,62,0,1
639,6,63,0,1
640,7,64,0,1
641,0,1,1,0
642,1,2,0,1
643,2,3,0,1
644,3,4,0,1
645,4,5,0,1
646,5,6,0,1
647,6,7,0,1
648,7,8,0,1
649,0,9,1,0
650,1,10,0,1
651,2,11,0,1
652,3,12,0,1
653,4,13,0,1
654,5,14,0,1
655,6,15,0,1
656,7,16,0,1
657,0,17,1,0
658,1,18,0,1
659,2,19,0,1
660,3,20,0,1
661,4,21,0,1
662,5,22,0,1
663,6,23,0,1
664,7,24,0,1
665,0,25,1,0
666,1,26,0,1
667,2,27,0,1
668,3,28,0,1
669,4,29,0,1
670,5,30,0,1
671,6,31,0,1
672,7,32,0,1
673,0,33,1,0
674,1,34,0,1
675,2,35,0,1
676,3,36,0,1
677,4,37,0,1
678,5,38,0,1
679,6,39,0,1
680,7,40,0,1
681,0,41,1,0
682,1,42,0,1
683,2,43,0,1
684,3,44,0,1
685,4,45,0,1
686,5,46,0,1
687,6,47,0,1
688,7,48,0,1
689,0,49,1,0
690,1,50,0,1
691,2,51,0,1
692,3,52,0,1
693,4,53,0,1
694,5,54,0,1
695,6,55,0,1
696,7,56,0,1
697,0,57,1,0
698,1,58,0,1
699,2,59,0,1
700,3,60,0,1
701,4,61,0,1
702,5,62,0,1
703,6,63,0,1
704,7,64,0,1
705,0,1,1,0
706,1,2,0,1
707,2,3,0,1
708,3,4,0,1
709,4,5,0,1
710,5,6,0,1
711,6,7,0,1
712,7,8,0,1
713,0,9,1,0
714,1,10,0,1
715,2,11,0,1
716,3,12,0,1
717,4,13,0,1
718,5,14,0,1
719,6,15,0,1
720,7,16,0,1
721,0,17,1,0
722,1,18,0,1
723,2,19,0,1
724,3,20,0,1
725,4,21,0,1
726,5,22,0,1
727,6,23,0,1
728,7,24,0,1
729,0,25,1,0
730,1,26,0,1
731,2,27,0,1
732,3,28,0,1
733,4,29,0,1
734,5,30,0,1
735,6,31,0,1
736,7,32,0,1
737,0,33,1,0
738,1,34,0,1
739,2,35,0,1
740,3,36,0,1
741,4,37,0,1
742,5,38,0,1
743,6,39,0,1
744,7,40,0,1
745,0,41,1,0
746,1,42,0,1
747,2,43,0,1
748,3,44,0,1
749,4,45,0,1
750,5,46,0,1
751,6,47,0,1
752,7,48,0,1
753,0,49,1,0
754,1,50,0,1
755,2,51,0,1
756,3,52,0,1
757,4,53,0,1
758,5,54,0,1
759,6,55,0,1
760,7,56,0,1
761,0,57,1,0
762,1,58,0,1
763,2,59,0,1
764,3,60,0,1
765,4,61,0,1
766,5,62,0,1
767,6,63,0,1
768,7,64,0,1
769,0,1,1,0
770,1,2,0,1
771,2,3,0,1
772,3,4,0,1
773,4,5,0,1
774,5,6,0,1
775,6,7,0,1
776,7,8,0,1
777,0,9,1,0
778,1,10,0,1
779,2,11,0,1
780,3,12,0,1
781,4,13,0,1
782,5,14,0,1
783,6,15,0,1
784,7,16,0,1
785,0,17,1,0
786,1,18,0,1
787,2,19,0,1
788,3,20,0,1
789,4,21,0,1
790,5,22,0,1
791,6,23,0,1
792,7,24,0,1
793,0,25,1,0
794,1,26,0,1
795,2,27,0,1
796,3,28,0,1
797,4,29,0,1
798,5,30,0,1
799,6,31,0,1
800,7,32,0,1
801,0,33,1,0
802,1,34,0,1
803,2,35,0,1
804,3,36,0,1
805,4,37,0,1
806,5,38,0,1
807,6,39,0,1
808,7,40,0,1
809,0,41,1,0
810,1,42,0,1
811,2,43,0,1
812,3,44,0,1
813,4,45,0,1
814,5,46,0,1
815,6,47,0,1
816,7,48,0,1
817,0,49,1,0
818,1,50,0,1
819,2,51,0,1
820,3,52,0,1
821,4,53,0,1
822,5,54,0,1
823,6,55,0,1
824,7,56,0,1
825,0,57,1,0
826,1,58,0,1
827,2,59,0,1
828,3,60,0,1
829,4,61,0,1
830,5,62,0,1
831,6,63,0,1
832,7,64,0,1
833,0,1,1,0
834,1,2,0,1
835,2,3,0,1
836,3,4,0,1
837,4,5,0,1
838,5,6,0,1
839,6,7,0,1
840,7,8,0,1
841,0,9,1,0
842,1,10,0,1
843,2,11,0,1
844,3,12,0,1
845,4,13,0,1
846,5,14,0,1
847,6,15,0,1
848,7,16,0,1
849,0,17,1,0
850,1,18,0,1
851,2,19,0,1
852,3,20,0,1
853,4,21,0,1
854,5,22,0,1
855,6,23,0,1
856,7,24,0,1
857,0,25,1,0
858,1,26,0,1
859,2,27,0,1
860,3,28,0,1
861,4,29,0,1
862,5,30,0,1
863,6,31,0,1
864,7,32,0,1
865,0,33,1,0
866,1,34,0,1
867,2,35,0,1
868,3,36,0,1
869,4,37,0,1
870,5,38,0,1
871,6,39,0,1
872,7,40,0,1
873,0,41,1,0
874,1,42,0,1
875,2,43,0,1
876,3,44,0,1
877,4,45,0,1
878,5,46,0,1
879,6,47,0,1
880,7,48,0,1
881,0,49,1,0
882,1,50,0,1
883,2,51,0,1
884,3,52,0,1
885,4,53,0,1
886,5,54,0,1
887,6,55,0,1
888,7,56,0,1
889,0,57,1,0
890,1,58,0,1
891,2,59,0,1
892,3,60,0,1
893,4,61,0,1
894,5,62,0,1
895,6,63,0,1
896,7,64,0,1
897,0,1,1,0
898,1,2,0,1
899,2,3,0,1
900,3,4,0,1
901,4,5,0,1
902,5,6,0,1
903,6,7,0,1
904,7,8,0,1
905,0,9,1,0
906,1,10,0,1
907,2,11,0,1
908,3,12,0,1
909,4,13,0,1
910,5,14,0,1
911,6,15,0,1
912,7,16,0,1
913,0,17,1,0
914,1,18,0,1
915,2,19,0,1
916,3,20,0,1
917,4,21,0,1
918,5,22,0,1
919,6,23,0,1
920,7,24,0,1
921,0,25,1,0
922,1,26,0,1
923,2,27,0,1
924,3,28,0,1
925,4,29,0,1
926,5,30,0,1
927,6,31,0,1
928,7,32,0,1
929,0,33,1,0
930,1,34,0,1
931,2,35,0,1
932,3,36,0,1
933,4,37,0,1
934,5,38,0,1
935,6,39,0,1
936,7,40,0,1
937,0,41,1,0
938,1,42,0,1
939,2,43,0,1
940,3,44,0,1
941,4,45,0,1
942,5,46,0,1
943,6,47,0,1
944,7,48,0,1
945,0,49,1,0
946,1,50,0,1
947,2,51,0,1
948,3,52,0,1
949,4,53,0,1
950,5,54,0,1
951,6,55,0,1
952,7,56,0,1
953,0,57,1,0
954,1,58,0,1
955,2,59,0,1
956,3,60,0,1
957,4,61,0,1
958,5,62,0,1
959,6,63,0,1
960,7,64,0,1
961,0,1,1,0
962,1,2,0,1
963,2,3,0,1
964,3,4,0,1
965,4,5,0,1
966,5,6,0,1
967,6,7,0,1
968,7,8,0,1
969,0,9,1,0
970,1,10,0,1
971,2,11,0,1
972,3,12,0,1
973,4,13,0,1
974,5,14,0,1
975,6,15,0,1
976,7,16,0,1
977,0,17,1,0
978,1,18,0,1
979,2,19,0,1
980,3,20,0,1
981,4,21,0,1
982,5,22,0,1
983,6,23,0,1
984,7,24,0,1
985,0,25,1,0
986,1,26,0,1
987,2,27,0,1
988,3,28,0,1
989,4,29,0,1
990,5,30,0,1
991,6,31,0,1
992,7,32,0,1
993,0,33,1,0
994,1,34,0,1
995,2,35,0,1
996,3,36,0,1
997,4,37,0,1
998,5,38,0,1
999,6,39,0,1
1000,7,40,0,1
1001,0,41,1,0
1002,1,42,0,1
1003,2,43,0,1
1004,3,44,0,1
1005,4,45,0,1
1006,5,46,0,1
1007,6,47,0,1
1008,7,48,0,1
1009,0,49,1,0
1010,1,50,0,1
1011,2,51,0,1
1012,3,52,0,1
1013,4,53,0,1
1014,5,54,0,1
1015,6,55,0,1
1016,7,56,0,1
1017,0,57,1,0
1018,1,58,0,1
1019,2,59,0,1
1020,3,60,0,1
1021,4,61,0,1
1022,5,62,0,1
1023,6,63,0,1
1024,7,64,0,1
1025,0,1,1,0
1026,1,2,0,1
1027,2,3,0,1
1028,3,4,0,1
1029,4,5,0,1
1030,5,6,0,1
1031,6,7,0,1
1032,7,8,0,1
1033,0,9,1,0
1034,1,10,0,1
1035,2,11,0,1
1036,3,12,0,1
1037,4,13,0,1
1038,5,14,0,1
1039,6,15,0,1
1040,7,16,0,1
1041,0,17,1,0
1042,1,18,0,1
1043,2,19,0,1
1044,3,20,0,1
1045,4,21,0,1
1046,5,22,0,1
1047,6,23,0,1
1048,7,24,0,1
1049,0,25,1,0
1050,1,26,0,1
1051,2,27,0,1
1052,3,28,0,1
1053,4,29,0,1
1054,5,30,0,1
1055,6,31,0,1
1056,7,32,0,1
1057,0,33,1,0
1058,1,34,0,1
1059,2,35,0,1
1060,3,36,0,1
1061,4,37,0,1
1062,5,38,0,1
1063,6,39,0,1
1064,7,40,0,1
1065,0,41,1,0
1066,1,42,0,1
1067,2,43,0,1
1068,3,44,0,1
1069,4,45,0,1
1070,5,46,0,1
1071,6,47,0,1
1072,7,48,0,1
1073,0,49,1,0
1074,1,50,0,1
1075,2,51,0,1
1076,3,52,0,1
1077,4,53,0,1
1078,5,54,0,1
1079,6,55,0,1
1080,7,56,0,1
1081,0,57,1,0
1082,1,58,0,1
1083,2,59,0,1
1084,3,60,0,1
1085,4,61,0,1
1086,5,62,0,1
1087,6,63,0,1
1088,7,64,0,1
1089,0,1,1,0
1090,1,2,0,1
1091,2,3,0,1
1092,3,4,0,1
1093,4,5,0,1
1094,5,6,0,1
1095,6,7,0,1
1096,7,8,0,1
1097,0,9,1,0
1098,1,10,0,1
1099,2,11,0,1
1100,3,12,0,1
1101,4,13,0,1
1102,5,14,0,1
1103,6,15,0,1
1104,7,16,0,1
1105,0,17,1,0
1106,1,18,0,1
1107,2,19,0,1
1108,3,20,0,1
1109,4,21,0,1
1110,5,22,0,1
1111,6,23,0,1
1112,7,24,0,1
1113,0,25,1,0
1114,1,26,0,1
1115,2,27,0,1
1116,3,28,0,1
1117,4,29,0,1
1118,5,30,0,1
1119,6,31,0,1
1120,7,32,0,1
1121,0,33,1,0
1122,1,34,0,1
1123,2,35,0,1
1124,3,36,0,1
1125,4,37,0,1
1126,5,38,0,1
1127,6,39,0,1
1128,7,40,0,1
1129,0,41,1,0
1130,1,42,0,1
1131,2,43,0,1
1132,3,44,0,1
1133,4,45,0,1
1134,5,46,0,1
1135,6,47,0,1
1136,7,48,0,1
1137,0,49,1,0
1138,1,50,0,1
1139,2,51,0,1
1140,3,52,0,1
1141,4,53,0,1
1142,5,54,0,1
1143,6,55,0,1
1144,7,56,0,1
1145,0,57,1,0
1146,1,58,0,1
1147,2,59,0,1
1148,3,60,0,1
1149,4,61,0,1
1150,5,62,0,1
1151,6,63,0,1
1152,7,64,0,1
1153,0,1,1,0
1154,1,2,0,1
1155,2,3,0,1
1156,3,4,0,1
1157,4,5,0,1
1158,5,6,0,1
1159,6,7,0,1
1160,7,8,0,1
1161,0,9,1,0
1162,1,10,0,1
1163,2,11,0,1
1164,3,12,0,1
1165,4,13,0,1
1166,5,14,0,1
1167,6,15,0,1
1168,7,16,0,1
1169,0,17,1,0
1170,1,18,0,1
1171,2,19,0,1
1172,3,20,0,1
1173,4,21,0,1
1174,5,22,0,1
1175,6,23,0,1
1176,7,24,0,1
1177,0,25,1,0
1178,1,26,0,1
1179,2,27,0,1
1180,3,28,0,1
1181,4,29,0,1
1182,5,30,0,1
1183,6,31,0,1
1184,7,32,0,1
1185,0,33,1,0
1186,1,34,0,1
1187,2,35,0,1
1188,3,36,0,1
1189,4,37,0,1
1190,5,38,0,1
1191,6,39,0,1
1192,7,40,0,1
1193,0,41,1,0
1194,1,42,0,1
1195,2,43,0,1
1196,3,44,0,1
1197,4,45,0,1
1198,5,46,0,1
1199,6,47,0,1
1200,7,48,0,1
1201,0,49,1,0
1202,1,50,0,1
1203,2,51,0,1
1204,3,52,0,1
1205,4,53,0,1
1206,5,54,0,1
1207,6,55,0,1
1208,7,56,0,1
1209,0,57,1,0
1210,1,58,0,1
1211,2,59,0,1
1212,3,60,0,1
1213,4,61,0,1
1214,5,62,0,1
1215,6,63,0,1
1216,7,64,0,1
1217,0,1,1,0
1218,1,2,0,1
1219,2,3,0,1
1220,3,4,0,1
1221,4,5,0,1
1222,5,6,0,1
1223,6,7,0,1
1224,7,8,0,1
1225,0,9,1,0
1226,1,10,0,1
1227,2,11,0,1
1228,3,12,0,1
1229,4,13,0,1
1230,5,14,0,1
1231,6,15,0,1
1232,7,16,0,1
1233,0,17,1,0
1234,1,18,0,1
1235,2,19,0,1
1236,3,20,0,1
1237,4,21,0,1
1238,5,22,0,1
1239,6,23,0,1
1240,7,24,0,1
1241,0,25,1,0
1242,1,26,0,1
1243,2,27,0,1
1244,3,28,0,1
1245,4,29,0,1
1246,5,30,0,1
1247,6,31,0,1
1248,7,32,0,1
1249,0,33,1,0
1250,1,34,0,1
1251,2,35,0,1
1252,3,36,0,1
1253,4,37,0,1
1254,5,38,0,1
1255,6,39,0,1
1256,7,40,0,1
1257,0,41,1,0
1258,1,42,0,1
1259,2,43,0,1
1260,3,44,0,1
1261,4,45,0,1
1262,5,46,0,1
1263,6,47,0,1
1264,7,48,0,1
1265,0,49,1,0
1266,1,50,0,1
1267,2,51,0,1
1268,3,52,0,1
1269,4,53,0,1
1270,5,54,0,1
1271,6,55,0,1
1272,7,56,0,1
1273,0,57,1,0
1274,1,58,0,1
1275,2,59,0,1
1276,3,60,0,1
1277,4,61,0,1
1278,5,62,0,1
1279,6,63,0,1
1280,7,64,0,1
1281,0,1,1,0
1282,1,2,0,1
1283,2,3,0,1
1284,3,4,0,1
1285,4,5,0,1
1286,5,6,0,1
1287,6,7,0,1
1288,7,8,0,1
1289,0,9,1,0
1290,1,10,0,1
1291,2,11,0,1
1292,3,12,0,1
1293,4,13,0,1
1294,5,14,0,1
1295,6,15,0,1
1296,7,16,0,1
1297,0,17,1,0
1298,1,18,0,1
1299,2,19,0,1
1300,3,20,0,1
1301,4,21,0,1
1302,5,22,0,1
1303,6,23,0,1
1304,7,24,0,1
1305,0,25,1,0
1306,1,26,0,1
1307,2,27,0,1
1308,3,28,0,1
1309,4,29,0,1
1310,5,30,0,1
1311,6,31,0,1
1312,7,32,0,1
1313,0,33,1,0
1314,1,34,0,1
1315,2,35,0,1
1316,3,36,0,1
1317,4,37,0,1
1318,5,38,0,1
1319,6,39,0,1
1320,7,40,0,1
1321,0,41,1,0
1322,1,42,0,1
1323,2,43,0,1
1324,3,44,0,1
1325,4,45,0,1
1326,5,46,0,1
1327,6,47,0,1
1328,7,48,0,1
1329,0,49,1,0
1330,1,50,0,1
1331,2,51,0,1
1332,3,52,0,1
1333,4,53,0,1
1334,5,54,0,1
1335,6,55,0,1
1336,7,56,0,1
1337,0,57,1,0
1338,1,58,0,1
1339,2,59,0,1
1340,3,60,0,1
1341,4,61,0,1
1342,5,62,0,1
1343,6,63,0,1
1344,7,64,0,1
1345,0,1,1,0
1346,1,2,0,1
1347,2,3,0,1
1348,3,4,0,1
1349,4,5,0,1
1350,5,6,0,1
1351,6,7,0,1
1352,7,8,0,1
1353,0,9,1,0
1354,1,10,0,1
1355,2,11,0,1
1356,3,12,0,1
1357,4,13,0,1
1358,5,14,0,1
1359,6,15,0,1
1360,7,16,0,1
1361,0,17,1,0
1362,1,18,0,1
1363,2,19,0,1
1364,3,20,0,1
1365,4,21,0,1
1366,5,22,0,1
1367,6,23,0,1
1368,7,24,0,1
1369,0,25,1,0
1370,1,26,0,1
1371,2,27,0,1
1372,3,28,0,1
1373,4,29,0,1
1374,5,30,0,1
1375,6,31,0,1
1376,7,32,0,1
1377,0,33,1,0
1378,1,34,0,1
1379,2,35,0,1
1380,3,36,0,1
1381,4,37,0,1
1382,5,38,0,1
1383,6,39,0,1
1384,7,40,0,1
1385,0,41,1,0
1386,1,42,0,1
1387,2,43,0,1
1388,3,44,0,1
1389,4,45,0,1
1390,5,46,0,1
1391,6,47,0,1
1392,7,48,0,1
1393,0,49,1,0
1394,1,50,0,1
1395,2,51,0,1
1396,3,52,0,1
1397,4,53,0,1
1398,5,54,0,1
1399,6,55,0,1
1400,7,56,0,1
1401,0,57,1,0
1402,1,58,0,1
1403,2,59,0,1
1404,3,60,0,1
1405,4,61,0,1
1406,5,62,0,1
1407,6,63,0,1
1408,7,64,0,1
1409,0,1,1,0
1410,1,2,0,1
1411,2,3,0,1
1412,3,4,0,1
1413,4,5,0,1
1414,5,6,0,1
1415,6,7,0,1
1416,7,8,0,1
1417,0,9,1,0
1418,1,10,0,1
1419,2,11,0,1
1420,3,12,0,1
1421,4,13,0,1
1422,5,14,0,1
1423,6,15,0,1
1424,7,16,0,1
1425,0,17,1,0
1426,1,18,0,1
1427,2,19,0,1
1428,3,20,0,1
1429,4,21,0,1
1430,5,22,0,1
1431,6,23,0,1
1432,7,24,0,1
1433,0,25,1,0
1434,1,26,0,1
1435,2,27,0,1
1436,3,28,0,1
1437,4,29,0,1
1438,5,30,0,1
1439,6,31,0,1
1440,7,32,0,1
1441,0,33,1,0
1442,1,34,0,1
1443,2,35,0,1
1444,3,36,0,1
1445,4,37,0,1
1446,5,38,0,1
1447,6,39,0,1
1448,7,40,0,1
1449,0,41,1,0
1450,1,42,0,1
1451,2,43,0,1
1452,3,44,0,1
1453,4,45,0,1
1454,5,46,0,1
1455,6,47,0,1
1456,7,48,0,1
1457,0,49,1,0
1458,1,50,0,1
1459,2,51,0,1
1460,3,52,0,1
1461,4,53,0,1
1462,5,54,0,1
1463,6,55,0,1
1464,7,56,0,1
1465,0,57,1,0
1466,1,58,0,1
1467,2,59,0,1
1468,3,60,0,1
1469,4,61,0,1
1470,5,62,0,1
1471,6,63,0,1
1472,7,64,0,1
1473,0,1,1,0
1474,1,2,0,1
1475,2,3,0,1
1476,3,4,0,1
1477,4,5,0,1
1478,5,6,0,1
1479,6,7,0,1
1480,7,8,0,1
1481,0,9,1,0
1482,1,10,0,1
1483,2,11,0,1
1484,3,12,0,1
1485,4,13,0,1
1486,5,14,0,1
1487,6,15,0,1
1488,7,16,0,1
1489,0,17,1,0
1490,1,18,0,1
1491,2,19,0,1
1492,3,20,0,1
1493,4,21,0,1
1494,5,22,0,1
1495,6,23,0,1
1496,7,24,0,1
1497,0,25,1,0
1498,1,26,0,1
1499,2,27,0,1
1500,3,28,0,1
1501,4,29,0,1
1502,5,30,0,1
1503,6,31,0,1
1504,7,32,0,1
1505,0,33,1,0
1506,1,34,0,1
1507,2,35,0,1
1508,3,36,0,1
1509,4,37,0,1
1510,5,38,0,1
1511,6,39,0,1
1512,7,40,0,1
1513,0,41,1,0
1514,1,42,0,1
1515,2,43,0,1
1516,3,44,0,1
1517,4,45,0,1
1518,5,46,0,1
1519,6,47,0,1
1520,7,48,0,1
1521,0,49,1,0
1522,1,50,0,1
1523,2,51,0,1
1524,3,52,0,1
1525,4,53,0,1
1526,5,54,0,1
1527,6,55,0,1
1528,7,56,0,1
1529,0,57,1,0
1530,1,58,0,1
1531,2,59,0,1
1532,3,60,0,1
1533,4,61,0,1
1534,5,62,0,1
1535,6,63,0,1
1536,7,64,0,1
1537,0,1,1,0
1538,1,2,0,1
1539,2,3,0,1
1540,3,4,0,1
1541,4,5,0,1
1542,5,6,0,1
1543,6,7,0,1
1544,7,8,0,1
1545,0,9,1,0
1546,1,10,0,1
1547,2,11,0,1
1548,3,12,0,1
1549,4,13,0,1
1550,5,14,0,1
1551,6,15,0,1
1552,7,16,0,1
1553,0,17,1,0
1554,1,18,0,1
1555,2,19,0,1
1556,3,20,0,1
1557,4,21,0,1
1558,5,22,0,1
1559,6,23,0,1
1560,7,24,0,1
1561,0,25,1,0
1562,1,26,0,1
1563,2,27,0,1
1564,3,28,0,1
1565,4,29,0,1
1566,5,30,0,1
1567,6,31,0,1
1568,7,32,0,1
1569,0,33,1,0
1570,1,34,0,1
1571,2,35,0,1
1572,3,36,0,1
1573,4,37,0,1
1574,5,38,0,1
1575,6,39,0,1
1576,7,40,0,1
1577,0,41,1,0
1578,1,42,0,1
1579,2,43,0,1
1580,3,44,0,1
1581,4,45,0,1
1582,5,46,0,1
1583,6,47,0,1
1584,7,48,0,1
1585,0,49,1,0
1586,1,50,0,1
1587,2,51,0,1
1588,3,52,0,1
1589,4,53,0,1
1590,5,54,0,1
1591,6,55,0,1
1592,7,56,0,1
1593,0,57,1,0
1594,1,58,0,1
1595,2,59,0,1
1596,3,60,0,1
1597,4,61,0,1
1598,5,62,0,1
1599,6,63,0,1
1600,7,64,0,1
1601,0,1,1,0
1602,1,2,0,1
1603,2,3,0,1
1604,3,4,0,1
1605,4,5,0,1
1606,5,6,0,1
1607,6,7,0,1
1608,7,8,0,1
1609,0,9,1,0
1610,1,10,0,1
1611,2,11,0,1
1612,3,12,0,1
1613,4,13,0,1
1614,5,14,0,1
1615,6,15,0,1
1616,7,16,0,1
1617,0,17,1,0
1618,1,18,0,1
1619,2,19,0,1
1620,3,20,0,1
1621,4,21,0,1
1622,5,22,0,1
1623,6,23,0,1
1624,7,24,0,1
1625,0,25,1,0
1626,1,26,0,1
1627,2,27,0,1
1628,3,28,0,1
1629,4,29,0,1
1630,5,30,0,1
1631,6,31,0,1
1632,7,32,0,1
1633,0,33,1,0
1634,1,34,0,1
1635,2,35,0,1
1636,3,36,0,1
1637,4,37,0,1
1638,5,38,0,1
1639,6,39,0,1
1640,7,40,0,1
1641,0,41,1,0
1642,1,42,0,1
1643,2,43,0,1
1644,3,44,0,1
1645,4,45,0,1
1646,5,46,0,1
1647,6,47,0,1
1648,7,48,0,1
1649,0,49,1,0
1650,1,50,0,1
1651,2,51,0,1
1652,3,52,0,1
1653,4,53,0,1
1654,5,54,0,1
1655,6,55,0,1
1656,7,56,0,1
1657,0,57,1,0
1658,1,58,0,1
1659,2,59,0,1
1660,3,60,0,1
1661,4,61,0,1
1662,5,62,0,1
1663,6,63,0,1
1664,7,64,0,1
1665,0,1,1,0
1666,1,2,0,1
1667,2,3,0,1
1668,3,4,0,1
1669,4,5,0,1
1670,5,6,0,1
1671,6,7,0,1
1672,7,8,0,1
1673,0,9,1,0
1674,1,10,0,1
1675,2,11,0,1
1676,3,12,0,1
1677,4,13,0,1
1678,5,14,0,1
1679,6,15,0,1
1680,7,16,0,1
1681,0,17,1,0
1682,1,18,0,1
1683,2,19,0,1
1684,3,20,0,1
1685,4,21,0,1
1686,5,22,0,1
1687,6,23,0,1
1688,7,24,0,1
1689,0,25,1,0
1690,1,26,0,1
1691,2,27,0,1
1692,3,28,0,1
1693,4,29,0,1
1694,5,30,0,1
1695,6,31,0,1
1696,7,32,0,1
1697,0,33,1,0
1698,1,34,0,1
1699,2,35,0,1
1700,3,36,0,1
1701,4,37,0,1
1702,5,38,0,1
1703,6,39,0,1
1704,7,40,0,1
1705,0,41,1,0
1706,1,42,0,1
1707,2,43,0,1
1708,3,44,0,1
1709,4,45,0,1
1710,5,46,0,1
1711,6,47,0,1
1712,7,48,0,1
1713,0,49,1,0
1714,1,50,0,1
1715,2,51,0,1
1716,3,52,0,1
1717,4,53,0,1
1718,5,54,0,1
1719,6,55,0,1
1720,7,56,0,1
1721,0,57,1,0
1722,1,58,0,1
1723,2,59,0,1
1724,3,60,0,1
1725,4,61,0,1
1726,5,62,0,1
1727,6,63,0,1
1728,7,64,0,1
1729,0,1,1,0
1730,1,2,0,1
1731,2,3,0,1
1732,3,4,0,1
1733,4,5,0,1
1734,5,6,0,1
1735,6,7,0,1
1736,7,8,0,1
1737,0,9,1,0
1738,1,10,0,1
1739,2,11,0,1
1740,3,12,0,1
1741,4,13,0,1
1742,5,14,0,1
1743,6,15,0,1
1744,7,16,0,1
1745,0,17,1,0
1746,1,18,0,1
1747,2,19,0,1
1748,3,20,0,1
1749,4,21,0,1
1750,5,22,0,1
1751,6,23,0,1
1752,7,24,0,1
1753,0,25,1,0
1754,1,26,0,1
1755,2,27,0,1
1756,3,28,0,1
1757,4,29,0,1
1758,5,30,0,1
1759,6,31,0,1
1760,7,32,0,1
1761,0,33,1,0
1762,1,34,0,1
1763,2,35,0,1
1764,3,36,0,1
1765,4,37,0,1
1766,5,38,0,1
1767,6,39,0,1
1768,7,40,0,1
1769,0,41,1,0
1770,1,42,0,1
1771,2,43,0,1
1772,3,44,0,1
1773,4,45,0,1
1774,5,46,0,1
1775,6,47,0,1
1776,7,48,0,1
1777,0,49,1,0
1778,1,50,0,1
1779,2,51,0,1
1780,3,52,0,1
1781,4,53,0,1
1782,5,54,0,1
1783,6,55,0,1
1784,7,56,0,1
1785,0,57,1,0
1786,1,58,0,1
1787,2,59,0,1
1788,3,60,0,1
1789,4,61,0,1
1790,5,62,0,1
1791,6,63,0,1
1792,7,64,0,1
1793,0,1,1,0
1794,1,2,0,1
1795,2,3,0,1
1796,3,4,0,1
1797,4,5,0,1
1798,5,6,0,1
1799,6,7,0,1
1800,7,8,0,1
1801,0,9,1,0
1802,1,10,0,1
1803,2,11,0,1
1804,3,12,0,1
1805,4,13,0,1
1806,5,14,0,1
1807,6,15,0,1
1808,7,16,0,1
1809,0,17,1,0
1810,1,18,0,1
1811,2,19,0,1
1812,3,20,0,1
1813,4,21,0,1
1814,5,22,0,1
1815,6,23,0,1
1816,7,24,0,1
1817,0,25,1,0
1818,1,26,0,1
1819,2,27,0,1
1820,3,28,0,1
1821,4,29,0,1
1822,5,30,0,1
1823,6,31,0,1
1824,7,32,0,1
1825,0,33,1,0
1826,1,34,0,1
1827,2,35,0,1
1828,3,36,0,1
1829,4,37,0,1
1830,5,38,0,1
1831,6,39,0,1
1832,7,40,0,1
1833,0,41,1,0
1834,1,42,0,1
1835,2,43,0,1
1836,3,44,0,1
1837,4,45,0,1
1838,5,46,0,1
1839,6,47,0,1
1840,7,48,0,1
1841,0,49,1,0
1842,1,50,0,1
1843,2,51,0,1
1844,3,52,0,1
1845,4,53,0,1
1846,5,54,0,1
1847,6,55,0,1
1848,7,56,0,1
1849,0,57,1,0
1850,1,58,0,1
1851,2,59,0,1
1852,3,60,0,1
1853,4,61,0,1
1854,5,62,0,1
1855,6,63,0,1
1856,7,64,0,1
1857,0,1,1,0
1858,1,2,0,1
1859,2,3,0,1
1860,3,4,0,1
1861,4,5,0,1
1862,5,6,0,1
1863,6,7,0,1
1864,7,8,0,1
1865,0,9,1,0
1866,1,10,0,1
1867,2,11,0,1
1868,3,12,0,1
1869,4,13,0,1
1870,5,14,0,1
1871,6,15,0,1
1872,7,16,0,1
1873,0,17,1,0
1874,1,18,0,1
1875,2,19,0,1
1876,3,20,0,1
1877,4,21,0,1
1878,5,22,0,1
1879,6,23,0,1
1880,7,24,0,1
1881,0,25,1,0
1882,1,26,0,1
1883,2,27,0,1
1884,3,28,0,1
1885,4,29,0,1
1886,5,30,0,1
1887,6,31,0,1
1888,7,32,0,1
1889,0,33,1,0
1890,1,34,0,1
1891,2,35,0,1
1892,3,36,0,1
1893,4,37,0,1
1894,5,38,0,1
1895,6,39,0,1
1896,7,40,0,1
1897,0,41,1,0
1898,1,42,0,1
1899,2,43,0,1
1900,3,44,0,1
1901,4,45,0,1
1902,5,46,0,1
1903,6,47,0,1
1904,7,48,0,1
1905,0,49,1,0
1906,1,50,0,1
1907,2,51,0,1
1908,3,52,0,1
1909,4,53,0,1
1910,5,54,0,1
1911,6,55,0,1
1912,7,56,0,1
1913,0,57,1,0
1914,1,58,0,1
1915,2,59,0,1
1916,3,60,0,1
1917,4,61,0,1
1918,5,62,0,1
1919,6,63,0,1
1920,7,64,0,1
1921,0,1,1,0
1922,1,2,0,1
1923,2,3,0,1
1924,3,4,0,1
1925,4,5,0,1
1926,5,6,0,1
1927,6,7,0,1
1928,7,8,0,1
1929,0,9,1,0
1930,1,10,0,1
1931,2,11,0,1
1932,3,12,0,1
1933,4,13,0,1
1934,5,14,0,1
1935,6,15,0,1
1936,7,16,0,1
1937,0,17,1,0
1938,1,18,0,1
1939,2,19,0,1
1940,3,20,0,1
1941,4,21,0,1
1942,5,22,0,1
1943,6,23,0,1
1944,7,24,0,1
1945,0,25,1,0
1946,1,26,0,1
1947,2,27,0,1
1948,3,28,0,1
1949,4,29,0,1
1950,5,30,0,1
1951,6,31,0,1
1952,7,32,0,1
1953,0,33,1,0
1954,1,34,0,1
1955,2,35,0,1
1956,3,36,0,1
1957,4,37,0,1
1958,5,38,0,1
1959,6,39,0,1
1960,7,40,0,1
1961,0,41,1,0
1962,1,42,0,1
1963,2,43,0,1
1964,3,44,0,1
1965,4,45,0,1
1966,5,46,0,1
1967,6,47,0,1
1968,7,48,0,1
1969,0,49,1,0
1970,1,50,0,1
1971,2,51,0,1
1972,3,52,0,1
1973,4,53,0,1
1974,5,54,0,1
1975,6,55,0,1
1976,7,56,0,1
1977,0,57,1,0
1978,1,58,0,1
1979,2,59,0,1
1980,3,60,0,1
1981,4,61,0,1
1982,5,62,0,1
1983,6,63,0,1
1984,7,64,0,1
1985,0,1,1,0
1986,1,2,0,1
1987,2,3,0,1
1988,3,4,0,1
1989,4,5,0,1
1990,5,6,0,1
1991,6,7,0,1
1992,7,8,0,1
1993,0,9,1,0
1994,1,10,0,1
1995,2,11,0,1
1996,3,12,0,1
1997,4,13,0,1
1998,5,14,0,1
1999,6,15,0,1
2000,7,16,0,1
2001,0,17,1,0
2002,1,18,0,1
2003,2,19,0,1
2004,3,20,0,1
2005,4,21,0,1
2006,5,22,0,1
2007,6,23,0,1
2008,7,24,0,1
2009,0,25,1,0
2010,1,26,0,1
2011,2,27,0,1
2012,3,28,0,1
2013,4,29,0,1
2014,5,30,0,1
2015,6,31,0,1
2016,7,32,0,1
2017,0,33,1,0
2018,1,34,0,1
2019,2,35,0,1
2020,3,36,0,1
2021,4,37,0,1
2022,5,38,0,1
2023,6,39,0,1
2024,7,40,0,1
2025,0,41,1,0
2026,1,42,0,1
2027,2,43,0,1
2028,3,44,0,1
2029,4,45,0,1
2030,5,46,0,1
2031,6,47,0,1
2032,7,48,0,1
2033,0,49,1,0
2034,1,50,0,1
2035,2,51,0,1
2036,3,52,0,1
2037,4,53,0,1
2038,5,54,0,1
2039,6,55,0,1
2040,7,56,0,1
2041,0,57,1,0
2042,1,58,0,1
2043,2,59,0,1
2044,3,60,0,1
2045,4,61,0,1
2046,5,62,0,1
2047,6,63,0,1
2048,7,64,0,1
2049,0,1,1,0
2050,1,2,0,1
2051,2,3,0,1
2052,3,4,0,1
2053,4,5,0,1
2054,5,6,0,1
2055,6,7,0,1
2056,7,8,0,1
2057,0,9,1,0
2058,1,10,0,1
2059,2,11,0,1
2060,3,12,0,1
2061,4,13,0,1
2062,5,14,0,1
2063,6,15,0,1
2064,7,16,0,1
2065,0,17,1,0
2066,1,18,0,1
2067,2,19,0,1
2068,3,20,0,1
2069,4,21,0,1
2070,5,22,0,1
2071,6,23,0,1
2072,7,24,0,1
2073,0,25,1,0
2074,1,26,0,1
2075,2,27,0,1
2076,3,28,0,1
2077,4,29,0,1
2078,5,30,0,1
2079,6,31,0,1
2080,7,32,0,1
2081,0,33,1,0
2082,1,34,0,1
2083,2,35,0,1
2084,3,36,0,1
2085,4,37,0,1
2086,5,38,0,1
2087,6,39,0,1
2088,7,40,0,1
2089,0,41,1,0
2090,1,42,0,1
2091,2,43,0,1
2092,3,44,0,1
2093,4,45,0,1
2094,5,46,0,1
2095,6,47,0,1
2096,7,48,0,1
2097,0,49,1,0
2098,1,50,0,1
2099,2,51,0,1
2100,3,52,0,1
2101,4,53,0,1
2102,5,54,0,1
2103,6,55,0,1
2104,7,56,0,1
2105,0,57,1,0
2106,1,58,0,1
2107,2,59,0,1
2108,3,60,0,1
2109,4,61,0,1
2110,5,62,0,1
2111,6,63,0,1
2112,7,64,0,1
2113,0,1,1,0
2114,1,2,0,1
2115,2,3,0,1
2116,3,4,0,1
2117,4,5,0,1
2118,5,6,0,1
2119,6,7,0,1
2120,7,8,0,1
2121,0,9,1,0
2122,1,10,0,1
2123,2,11,0,1
2124,3,12,0,1
2125,4,13,0,1
2126,5,14,0,1
2127,6,15,0,1
2128,7,16,0,1
2129,0,17,1,0
2130,1,18,0,1
2131,2,19,0,1
2132,3,20,0,1
2133,4,21,0,1
2134,5,22,0,1
2135,6,23,0,1
2136,7,24,0,1
2137,0,25,1,0
2138,1,26,0,1
2139,2,27,0,1
2140,3,28,0,1
2141,4,29,0,1
2142,5,30,0,1
2143,6,31,0,1
2144,7,32,0,1
2145,0,33,1,0
2146,1,34,0,1
2147,2,35,0,1
2148,3,36,0,1
2149,4,37,0,1
2150,5,38,0,1
2151,6,39,0,1
2152,7,40,0,1
2153,0,41,1,0
2154,1,42,0,1
2155,2,43,0,1
2156,3,44,0,1
2157,4,45,0,1
2158,5,46,0,1
2159,6,47,0,1
2160,7,48,0,1
2161,0,49,1,0
2162,1,50,0,1
2163,2,51,0,1
2164,3,52,0,1
2165,4,53,0,1
2166,5,54,0,1
2167,6,55,0,1
2168,7,56,0,1
2169,0,57,1,0
2170,1,58,0,1
2171,2,59,0,1
2172,3,60,0,1
2173,4,61,0,1
2174,5,62,0,1
2175,6,63,0,1
2176,7,64,0,1
2177,0,1,1,0
2178,1,2,0,1
2179,2,3,0,1
2180,3,4,0,1
2181,4,5,0,1
2182,5,6,0,1
2183,6,7,0,1
2184,7,8,0,1
2185,0,9,1,0
2186,1,10,0,1
2187,2,11,0,1
2188,3,12,0,1
2189,4,13,0,1
2190,5,14,0,1
2191,6,15,0,1
2192,7,16,0,1
2193,0,17,1,0
2194,1,18,0,1
2195,2,19,0,1
2196,3,20,0,1
2197,4,21,0,1
2198,5,22,0,1
2199,6,23,0,1
2200,7,24,0,1
2201,0,25,1,0
2202,1,26,0,1
2203,2,27,0,1
2204,3,28,0,1
2205,4,29,0,1
2206,5,30,0,1
2207,6,31,0,1
2208,7,32,0,1
2209,0,33,1,0
2210,1,34,0,1
2211,2,35,0,1
2212,3,36,0,1
2213,4,37,0,1
2214,5,38,0,1
2215,6,39,0,1
2216,7,40,0,1
2217,0,41,1,0
2218,1,42,0,1
2219,2,43,0,1
2220,3,44,0,1
2221,4,45,0,1
2222,5,46,0,1
2223,6,47,0,1
2224,7,48,0,1
2225,0,49,1,0
2226,1,50,0,1
2227,2,51,0,1
2228,3,52,0,1
2229,4,53,0,1
2230,5,54,0,1
2231,6,55,0,1
2232,7,56,0,1
2233,0,57,1,0
2234,1,58,0,1
2235,2,59,0,1
2236,3,60,0,1
2237,4,61,0,1
2238,5,62,0,1
2239,6,63,0,1
2240,7,64,0,1
2241,0,1,1,0
2242,1,2,0,1
2243,2,3,0,1
2244,3,4,0,1
2245,4,5,0,1
2246,5,6,0,1
2247,6,7,0,1
2248,7,8,0,1
2249,0,9,1,0
2250,1,10,0,1
2251,2,11,0,1
2252,3,12,0,1
2253,4,13,0,1
2254,5,14,0,1
2255,6,15,0,1
2256,7,16,0,1
2257,0,17,1,0
2258,1,18,0,1
2259,2,19,0,1
2260,3,20,0,1
2261,4,21,0,1
2262,5,22,0,1
2263,6,23,0,1
2264,7,24,0,1
2265,0,25,1,0
2266,1,26,0,1
2267,2,27,0,1
2268,3,28,0,1
2269,4,29,0,1
2270,5,30,0,1
2271,6,31,0,1
2272,7,32,0,1
2273,0,33,1,0
2274,1,34,0,1
2275,2,35,0,1
2276,3,36,0,1
2277,4,37,0,1
2278,5,38,0,1
2279,6,39,0,1
2280,7,40,0,1
2281,0,41,1,0
2282,1,42,0,1
2283,2,43,0,1
2284,3,44,0,1
2285,4,45,0,1
2286,5,46,0,1
2287,6,47,0,1
2288,7,48,0,1
2289,0,49,1,0
2290,1,50,0,1
2291,2,51,0,1
2292,3,52,0,1
2293,4,53,0,1
2294,5,54,0,1
2295,6,55,0,1
2296,7,56,0,1
2297,0,57,1,0
2298,1,58,0,1
2299,2,59,0,1
2300,3,60,0,1
2301,4,61,0,1
2302,5,62,0,1
2303,6,63,0,1
2304,7,64,0,1
2305,0,1,1,0
2306,1,2,0,1
2307,2,3,0,1
2308,3,4,0,1
2309,4,5,0,1
2310,5,6,0,1
2311,6,7,0,1
2312,7,8,0,1
2313,0,9,1,0
2314,1,10,0,1
2315,2,11,0,1
2316,3,12,0,1
2317,4,13,0,1
2318,5,14,0,1
2319,6,15,0,1
2320,7,16,0,1
2321,0,17,1,0
2322,1,18,0,1
2323,2,19,0,1
2324,3,20,0,1
2325,4,21,0,1
2326,5,22,0,1
2327,6,23,0,1
2328,7,24,0,1
2329,0,25,1,0
2330,1,26,0,1
2331,2,27,0,1
2332,3,28,0,1
2333,4,29,0,1
2334,5,30,0,1
2335,6,31,0,1
2336,7,32,0,1
2337,0,33,1,0
2338,1,34,0,1
2339,2,35,0,1
2340,3,36,0,1
2341,4,37,0,1
2342,5,38,0,1
2343,6,39,0,1
2344,7,40,0,1
2345,0,41,1,0
2346,1,42,0,1
2347,2,43,0,1
2348,3,44,0,1
2349,4,45,0,1
2350,5,46,0,1
2351,6,47,0,1
2352,7,48,0,1
2353,0,49,1,0
2354,1,50,0,1
2355,2,51,0,1
2356,3,52,0,1
2357,4,53,0,1
2358,5,54,0,1
2359,6,55,0,1
2360,7,56,0,1
2361,0,57,1,0
2362,1,58,0,1
2363,2,59,0,1
2364,3,60,0,1
2365,4,61,0,1
2366,5,62,0,1
2367,6,63,0,1
2368,7,64,0,1
2369,0,1,1,0
2370,1,2,0,1
2371,2,3,0,1
2372,3,4,0,1
2373,4,5,0,1
2374,5,6,0,1
2375,6,7,0,1
2376,7,8,0,1
2377,0,9,1,0
2378,1,10,0,1
2379,2,11,0,1
2380,3,12,0,1
2381,4,13,0,1
2382,5,14,0,1
2383,6,15,0,1
2384,7,16,0,1
2385,0,17,1,0
2386,1,18,0,1
2387,2,19,0,1
2388,3,20,0,1
2389,4,21,0,1
2390,5,22,0,1
2391,6,23,0,1
2392,7,24,0,1
2393,0,25,1,0
2394,1,26,0,1
2395,2,27,0,1
2396,3,28,0,1
2397,4,29,0,1
2398,5,30,0,1
2399,6,31,0,1
2400,7,32,0,1
2401,0,33,1,0
2402,1,34,0,1
2403,2,35,0,1
2404,3,36,0,1
2405,4,37,0,1
2406,5,38,0,1
2407,6,39,0,1
2408,7,40,0,1
2409,0,41,1,0
2410,1,42,0,1
2411,2,43,0,1
2412,3,44,0,1
2413,4,45,0,1
2414,5,46,0,1
2415,6,47,0,1
2416,7,48,0,1
2417,0,49,1,0
2418,1,50,0,1
2419,2,51,0,1
2420,3,52,0,1
2421,4,53,0,1
2422,5,54,0,1
2423,6,55,0,1
2424,7,56,0,1
2425,0,57,1,0
2426,1,58,0,1
2427,2,59,0,1
2428,3,60,0,1
2429,4,61,0,1
2430,5,62,0,1
2431,6,63,0,1
2432,7,64,0,1
2433,0,1,1,0
2434,1,2,0,1
2435,2,3,0,1
2436,3,4,0,1
2437,4,5,0,1
2438,5,6,0,1
2439,6,7,0,1
2440,7,8,0,1
2441,0,9,1,0
2442,1,10,0,1
2443,2,11,0,1
2444,3,12,0,1
2445,4,13,0,1
2446,5,14,0,1
2447,6,15,0,1
2448,7,16,0,1
2449,0,17,1,0
2450,1,18,0,1
2451,2,19,0,1
2452,3,20,0,1
2453,4,21,0,1
2454,5,22,0,1
2455,6,23,0,1
2456,7,24,0,1
2457,0,25,1,0
2458,1,26,0,1
2459,2,27,0,1
2460,3,28,0,1
2461,4,29,0,1
2462,5,30,0,1
2463,6,31,0,1
2464,7,32,0,1
2465,0,33,1,0
2466,1,34,0,1
2467,2,35,0,1
2468,3,36,0,1
2469,4,37,0,1
2470,5,38,0,1
2471,6,39,0,1
2472,7,40,0,1
2473,0,41,1,0
2474,1,42,0,1
2475,2,43,0,1
2476,3,44,0,1
2477,4,45,0,1
2478,5,46,0,1
2479,6,47,0,1
2480,7,48,0,1
2481,0,49,1,0
2482,1,50,0,1
2483,2,51,0,1
2484,3,52,0,1
2485,4,53,0,1
2486,5,54,0,1
2487,6,55,0,1
2488,7,56,0,1
2489,0,57,1,0
2490,1,58,0,1
2491,2,59,0,1
2492,3,60,0,1
2493,4,61,0,1
2494,5,62,0,1
2495,6,63,0,1
2496,7,64,0,1
2497,0,1,1,0
2498,1,2,0,1
2499,2,3,0,1
2500,3,4,0,1
2501,4,5,0,1
2502,5,6,0,1
2503,6,7,0,1
2504,7,8,0,1
2505,0,9,1,0
2506,1,10,0,1
2507,2,11,0,1
2508,3,12,0,1
2509,4,13,0,1
2510,5,14,0,1
2511,6,15,0,1
2512,7,16,0,1
2513,0,17,1,0
2514,1,18,0,1
2515,2,19,0,1
2516,3,20,0,1
2517,4,21,0,1
2518,5,22,0,1
2519,6,23,0,1
2520,7,24,0,1
2521,0,25,1,0
2522,1,26,0,1
2523,2,27,0,1
2524,3,28,0,1
2525,4,29,0,1
2526,5,30,0,1
2527,6,31,0,1
2528,7,32,0,1
2529,0,33,1,0
2530,1,34,0,1
2531,2,35,0,1
2532,3,36,0,1
2533,4,37,0,1
2534,5,38,0,1
2535,6,39,0,1
2536,7,40,0,1
2537,0,41,1,0
2538,1,42,0,1
2539,2,43,0,1
2540,3,44,0,1
2541,4,45,0,1
2542,5,46,0,1
2543,6,47,0,1
2544,7,48,0,1
2545,0,49,1,0
2546,1,50,0,1
2547,2,51,0,1
2548,3,52,0,1
2549,4,53,0,1
2550,5,54,0,1
2551,6,55,0,1
2552,7,56,0,1
2553,0,57,1,0
2554,1,58,0,1
2555,2,59,0,1
2556,3,60,0,1
2557,4,61,0,1
2558,5,62,0,1
2559,6,63,0,1
2560,7,64,0,1
2561,0,1,1,0
2562,1,2,0,1
2563,2,3,0,1
2564,3,4,0,1
2565,4,5,0,1
2566,5,6,0,1
2567,6,7,0,1
2568,7,8,0,1
2569,0,9,1,0
2570,1,10,0,1
2571,2,11,0,1
2572,3,12,0,1
2573,4,13,0,1
2574,5,14,0,1
2575,6,15,0,1
2576,7,16,0,1
2577,0,17,1,0
2578,1,18,0,1
2579,2,19,0,1
2580,3,20,0,1
2581,4,21,0,1
2582,5,22,0,1
2583,6,23,0,1
2584,7,24,0,1
2585,0,25,1,0
2586,1,26,0,1
2587,2,27,0,1
2588,3,28,0,1
2589,4,29,0,1
2590,5,30,0,1
2591,6,31,0,1
2592,7,32,0,1
2593,0,33,1,0
2594,1,34,0,1
2595,2,35,0,1
2596,3,36,0,1
2597,4,37,0,1
2598,5,38,0,1
2599,6,39,0,1
2600,7,40,0,1
2601,0,41,1,0
2602,1,42,0,1
2603,2,43,0,1
2604,3,44,0,1
2605,4,45,0,1
2606,5,46,0,1
2607,6,47,0,1
2608,7,48,0,1
2609,0,49,1,0
2610,1,50,0,1
2611,2,51,0,1
2612,3,52,0,1
2613,4,53,0,1
2614,5,54,0,1
2615,6,55,0,1
2616,7,56,0,1
2617,0,57,1,0
2618,1,58,0,1
2619,2,59,0,1
2620,3,60,0,1
2621,4,61,0,1
2622,5,62,0,1
2623,6,63,0,1
2624,7,64,0,1
2625,0,1,1,0
2626,1,2,0,1
2627,2,3,0,1
2628,3,4,0,1
2629,4,5,0,1
2630,5,6,0,1
2631,6,7,0,1
2632,7,8,0,1
2633,0,9,1,0
2634,1,10,0,1
2635,2,11,0,1
2636,3,12,0,1
2637,4,13,0,1
2638,5,14,0,1
2639,6,15,0,1
2640,7,16,0,1
2641,0,17,1,0
2642,1,18,0,1
2643,2,19,0,1
2644,3,20,0,1
2645,4,21,0,1
2646,5,22,0,1
2647,6,23,0,1
2648,7,24,0,1
2649,0,25,1,0
2650,1,26,0,1
2651,2,27,0,1
2652,3,28,0,1
2653,4,29,0,1
2654,5,30,0,1
2655,6,31,0,1
2656,7,32,0,1
2657,0,33,1,0
2658,1,34,0,1
2659,2,35,0,1
2660,3,36,0,1
2661,4,37,0,1
2662,5,38,0,1
2663,6,39,0,1
2664,7,40,0,1
2665,0,41,1,0
2666,1,42,0,1
2667,2,43,0,1
2668,3,44,0,1
2669,4,45,0,1
2670,5,46,0,1
2671,6,47,0,1
2672,7,48,0,1
2673,0,49,1,0
2674,1,50,0,1
2675,2,51,0,1
2676,3,52,0,1
2677,4,53,0,1
2678,5,54,0,1
2679,6,55,0,1
2680,7,56,0,1
2681,0,57,1,0
2682,1,58,0,1
2683,2,59,0,1
2684,3,60,0,1
2685,4,61,0,1
2686,5,62,0,1
2687,6,63,0,1
2688,7,64,0,1
2689,0,1,1,0
2690,1,2,0,1
2691,2,3,0,1
2692,3,4,0,1
2693,4,5,0,1
2694,5,6,0,1
2695,6,7,0,1
2696,7,8,0,1
2697,0,9,1,0
2698,1,10,0,1
2699,2,11,0,1
2700,3,12,0,1
2701,4,13,0,1
2702,5,14,0,1
2703,6,15,0,1
2704,7,16,0,1
2705,0,17,1,0
2706,1,18,0,1
2707,2,19,0,1
2708,3,20,0,1
2709,4,21,0,1
2710,5,22,0,1
2711,6,23,0,1
2712,7,24,0,1
2713,0,25,1,0
2714,1,26,0,1
2715,2,27,0,1
2716,3,28,0,1
2717,4,29,0,1
2718,5,30,0,1
2719,6,31,0,1
2720,7,32,0,1
2721,0,33,1,0
2722,1,34,0,1
2723,2,35,0,1
2724,3,36,0,1
2725,4,37,0,1
2726,5,38,0,1
2727,6,39,0,1
2728,7,40,0,1
2729,0,41,1,0
2730,1,42,0,1
2731,2,43,0,1
2732,3,44,0,1
2733,4,45,0,1
2734,5,46,0,1
2735,6,47,0,1
2736,7,48,0,1
2737,0,49,1,0
2738,1,50,0,1
2739,2,51,0,1
2740,3,52,0,1
2741,4,53,0,1
2742,5,54,0,1
2743,6,55,0,1
2744,7,56,0,1
2745,0,57,1,0
2746,1,58,0,1
2747,2,59,0,1
2748,3,60,0,1
2749,4,61,0,1
2750,5,62,0,1
2751,6,63,0,1
2752,7,64,0,1
2753,0,1,1,0
2754,1,2,0,1
2755,2,3,0,1
2756,3,4,0,1
2757,4,5,0,1
2758,5,6,0,1
2759,6,7,0,1
2760,7,8,0,1
2761,0,9,1,0
2762,1,10,0,1
2763,2,11,0,1
2764,3,12,0,1
2765,4,13,0,1
2766,5,14,0,1
2767,6,15,0,1
2768,7,16,0,1
2769,0,17,1,0
2770,1,18,0,1
2771,2,19,0,1
2772,3,20,0,1
2773,4,21,0,1
2774,5,22,0,1
2775,6,23,0,1
2776,7,24,0,1
2777,0,25,1,0
2778,1,26,0,1
2779,2,27,0,1
2780,3,28,0,1
2781,4,29,0,1
2782,5,30,0,1
2783,6,31,0,1
2784,7,32,0,1
2785,0,33,1,0
2786,1,34,0,1
2787,2,35,0,1
2788,3,36,0,1
2789,4,37,0,1
2790,5,38,0,1
2791,6,39,0,1
2792,7,40,0,1
2793,0,41,1,0
2794,1,42,0,1
2795,2,43,0,1
2796,3,44,0,1
2797,4,45,0,1
2798,5,46,0,1
2799,6,47,0,1
2800,7,48,0,1
2801,0,49,1,0
2802,1,50,0,1
2803,2,51,0,1
2804,3,52,0,1
2805,4,53,0,1
2806,5,54,0,1
2807,6,55,0,1
2808,7,56,0,1
2809,0,57,1,0
2810,1,58,0,1
2811,2,59,0,1
2812,3,60,0,1
2813,4,61,0,1
2814,5,62,0,1
2815,6,63,0,1
2816,7,64,0,1
2817,0,1,1,0
2818,1,2,0,1
2819,2,3,0,1
2820,3,4,0,1
2821,4,5,0,1
2822,5,6,0,1
2823,6,7,0,1
2824,7,8,0,1
2825,0,9,1,0
2826,1,10,0,1
2827,2,11,0,1
2828,3,12,0,1
2829,4,13,0,1
2830,5,14,0,1
2831,6,15,0,1
2832,7,16,0,1
2833,0,17,1,0
2834,1,18,0,1
2835,2,19,0,1
2836,3,20,0,1
2837,4,21,0,1
2838,5,22,0,1
2839,6,23,0,1
2840,7,24,0,1
2841,0,25,1,0
2842,1,26,0,1
2843,2,27,0,1
2844,3,28,0,1
2845,4,29,0,1
2846,5,30,0,1
2847,6,31,0,1
2848,7,32,0,1
2849,0,33,1,0
2850,1,34,0,1
2851,2,35,0,1
2852,3,36,0,1
2853,4,37,0,1
2854,5,38,0,1
2855,6,39,0,1
2856,7,40,0,1
2857,0,41,1,0
2858,1,42,0,1
2859,2,43,0,1
2860,3,44,0,1
2861,4,45,0,1
2862,5,46,0,1
2863,6,47,0,1
2864,7,48,0,1
2865,0,49,1,0
2866,1,50,0,1
2867,2,51,0,1
2868,3,52,0,1
2869,4,53,0,1
2870,5,54,0,1
2871,6,55,0,1
2872,7,56,0,1
2873,0,57,1,0
2874,1,58,0,1
2875,2,59,0,1
2876,3,60,0,1
2877,4,61,0,1
2878,5,62,0,1
2879,6,63,0,1
2880,7,64,0,1
2881,0,1,1,0
2882,1,2,0,1
2883,2,3,0,1
2884,3,4,0,1
2885,4,5,0,1
2886,5,6,0,1
2887,6,7,0,1
2888,7,8,0,1
2889,0,9,1,0
2890,1,10,0,1
2891,2,11,0,1
2892,3,12,0,1
2893,4,13,0,1
2894,5,14,0,1
2895,6,15,0,1
2896,7,16,0,1
2897,0,17,1,0
2898,1,18,0,1
2899,2,19,0,1
2900,3,20,0,1
2901,4,21,0,1
2902,5,22,0,1
2903,6,23,0,1
2904,7,24,0,1
2905,0,25,1,0
2906,1,26,0,1
2907,2,27,0,1
2908,3,28,0,1
2909,4,29,0,1
2910,5,30,0,1
2911,6,31,0,1
2912,7,32,0,1
2913,0,33,1,0
2914,1,34,0,1
2915,2,35,0,1
2916,3,36,0,1
2917,4,37,0,1
2918,5,38,0,1
2919,6,39,0,1
2920,7,40,0,1
2921,0,41,1,0
2922,1,42,0,1
2923,2,43,0,1
2924,3,44,0,1
2925,4,45,0,1
2926,5,46,0,1
2927,6,47,0,1
2928,7,48,0,1
2929,0,49,1,0
2930,1,50,0,1
2931,2,51,0,1
2932,3,52,0,1
2933,4,53,0,1
2934,5,54,0,1
2935,6,55,0,1
2936,7,56,0,1
2937,0,57,1,0
2938,1,58,0,1
2939,2,59,0,1
2940,3,60,0,1
2941,4,61,0,1
2942,5,62,0,1
2943,6,63,0,1
2944,7,64,0,1
2945,0,1,1,0
2946,1,2,0,1
2947,2,3,0,1
2948,3,4,0,1
2949,4,5,0,1
2950,5,6,0,1
2951,6,7,0,1
2952,7,8,0,1
2953,0,9,1,0
2954,1,10,0,1
2955,2,11,0,1
2956,3,12,0,1
2957,4,13,0,1
2958,5,14,0,1
2959,6,15,0,1
2960,7,16,0,1
2961,0,17,1,0
2962,1,18,0,1
2963,2,19,0,1
2964,3,20,0,1
2965,4,21,0,1
2966,5,22,0,1
2967,6,23,0,1
2968,7,24,0,1
2969,0,25,1,0
2970,1,26,0,1
2971,2,27,0,1
2972,3,28,0,1
2973,4,29,0,1
2974,5,30,0,1
2975,6,31,0,1
2976,7,32,0,1
2977,0,33,1,0
2978,1,34,0,1
2979,2,35,0,1
2980,3,36,0,1
2981,4,37,0,1
2982,5,38,0,1
2983,6,39,0,1
2984,7,40,0,1
2985,0,41,1,0
2986,1,42,0,1
2987,2,43,0,1
2988,3,44,0,1
2989,4,45,0,1
2990,5,46,0,1
2991,6,47,0,1
2992,7,48,0,1
2993,0,49,1,0
2994,1,50,0,1
2995,2,51,0,1
2996,3,52,0,1
2997,4,53,0,1
2998,5,54,0,1
2999,6,55,0,1
3000,7,56,0,1
3001,0,57,1,0
3002,1,58,0,1
3003,2,59,0,1
3004,3,60,0,1
3005,4,61,0,1
3006,5,62,0,1
3007,6,63,0,1
3008,7,64,0,1
3009,0,1,1,0
3010,1,2,0,1
3011,2,3,0,1
3012,3,4,0,1
3013,4,5,0,1
3014,5,6,0,1
3015,6,7,0,1
3016,7,8,0,1
3017,0,9,1,0
3018,1,10,0,1
3019,2,11,0,1
3020,3,12,0,1
3021,4,13,0,1
3022,5,14,0,1
3023,6,15,0,1
3024,7,16,0,1
3025,0,17,1,0
3026,1,18,0,1
3027,2,19,0,1
3028,3,20,0,1
3029,4,21,0,1
3030,5,22,0,1
3031,6,23,0,1
3032,7,24,0,1
3033,0,25,1,0
3034,1,26,0,1
3035,2,27,0,1
3036,3,28,0,1
3037,4,29,0,1
3038,5,30,0,1
3039,6,31,0,1
3040,7,32,0,1
3041,0,33,1,0
3042,1,34,0,1
3043,2,35,0,1
3044,3,36,0,1
3045,4,37,0,1
3046,5,38,0,1
3047,6,39,0,1
3048,7,40,0,1
3049,0,41,1,0
3050,1,42,0,1
3051,2,43,0,1
3052,3,44,0,1
3053,4,45,0,1
3054,5,46,0,1
3055,6,47,0,1
3056,7,48,0,1
3057,0,49,1,0
3058,1,50,0,1
3059,2,51,0,1
3060,3,52,0,1
3061,4,53,0,1
3062,5,54,0,1
3063,6,55,0,1
3064,7,56,0,1
3065,0,57,1,0
3066,1,58,0,1
3067,2,59,0,1
3068,3,60,0,1
3069,4,61,0,1
3070,5,62,0,1
3071,6,63,0,1
3072,7,64,0,1
3073,0,1,1,0
3074,1,2,0,1
3075,2,3,0,1
3076,3,4,0,1
3077,4,5,0,1
3078,5,6,0,1
3079,6,7,0,1
3080,7,8,0,1
3081,0,9,1,0
3082,1,10,0,1
3083,2,11,0,1
3084,3,12,0,1
3085,4,13,0,1
3086,5,14,0,1
3087,6,15,0,1
3088,7,16,0,1
3089,0,17,1,0
3090,1,18,0,1
3091,2,19,0,1
3092,3,20,0,1
3093,4,21,0,1
3094,5,22,0,1
3095,6,23,0,1
3096,7,24,0,1
3097,0,25,1,0
3098,1,26,0,1
3099,2,27,0,1
3100,3,28,0,1
3101,4,29,0,1
3102,5,30,0,1
3103,6,31,0,1
3104,7,32,0,1
3105,0,33,1,0
3106,1,34,0,1
3107,2,35,0,1
3108,3,36,0,1
3109,4,37,0,1
3110,5,38,0,1
3111,6,39,0,1
3112,7,40,0,1
3113,0,41,1,0
3114,1,42,0,1
3115,2,43,0,1
3116,3,44,0,1
3117,4,45,0,1
3118,5,46,0,1
3119,6,47,0,1
3120,7,48,0,1
3121,0,49,1,0
3122,1,50,0,1
3123,2,51,0,1
3124,3,52,0,1
3125,4,53,0,1
3126,5,54,0,1
3127,6,55,0,1
3128,7,56,0,1
3129,0,57,1,0
3130,1,58,0,1
3131,2,59,0,1
3132,3,60,0,1
3133,4,61,0,1
3134,5,62,0,1
3135,6,63,0,1
3136,7,64,0,1
3137,0,1,1,0
3138,1,2,0,1
3139,2,3,0,1
3140,3,4,0,1
3141,4,5,0,1
3142,5,6,0,1
3143,6,7,0,1
3144,7,8,0,1
3145,0,9,1,0
3146,1,10,0,1
3147,2,11,0,1
3148,3,12,0,1
3149,4,13,0,1
3150,5,14,0,1
3151,6,15,0,1
3152,7,16,0,1
3153,0,17,1,0
3154,1,18,0,1
3155,2,19,0,1
3156,3,20,0,1
3157,4,21,0,1
3158,5,22,0,1
3159,6,23,0,1
3160,7,24,0,1
3161,0,25,1,0
3162,1,26,0,1
3163,2,27,0,1
3164,3,28,0,1
3165,4,29,0,1
3166,5,30,0,1
3167,6,31,0,1
3168,7,32,0,1
3169,0,33,1,0
3170,1,34,0,1
3171,2,35,0,1
3172,3,36,0,1
3173,4,37,0,1
3174,5,38,0,1
3175,6,39,0,1
3176,7,40,0,1
3177,0,41,1,0
3178,1,42,0,1
3179,2,43,0,1
3180,3,44,0,1
3181,4,45,0,1
3182,5,46,0,1
3183,6,47,0,1
3184,7,48,0,1
3185,0,49,1,0
3186,1,50,0,1
3187,2,51,0,1
3188,3,52,0,1
3189,4,53,0,1
3190,5,54,0,1
3191,6,55,0,1
3192,7,56,0,1
3193,0,57,1,0
3194,1,58,0,1
3195,2,59,0,1
3196,3,60,0,1
3197,4,61,0,1
3198,5,62,0,1
3199,6,63,0,1
3200,7,64,0,1
3201,0,1,1,0
3202,1,2,0,1
3203,2,3,0,1
3204,3,4,0,1
3205,4,5,0,1
3206,5,6,0,1
3207,6,7,0,1
3208,7,8,0,1
3209,0,9,1,0
3210,1,10,0,1
3211,2,11,0,1
3212,3,12,0,1
3213,4,13,0,1
3214,5,14,0,1
3215,6,15,0,1
3216,7,16,0,1
3217,0,17,1,0
3218,1,18,0,1
3219,2,19,0,1
3220,3,20,0,1
3221,4,21,0,1
3222,5,22,0,1
3223,6,23,0,1
3224,7,24,0,1
3225,0,25,1,0
3226,1,26,0,1
3227,2,27,0,1
3228,3,28,0,1
3229,4,29,0,1
3230,5,30,0,1
3231,6,31,0,1
3232,7,32,0,1
3233,0,33,1,0
3234,1,34,0,1
3235,2,35,0,1
3236,3,36,0,1
3237,4,37,0,1
3238,5,38,0,1
3239,6,39,0,1
3240,7,40,0,1
3241,0,41,1,0
3242,1,42,0,1
3243,2,43,0,1
3244,3,44,0,1
3245,4,45,0,1
3246,5,46,0,1
3247,6,47,0,1
3248,7,48,0,1
3249,0,49,1,0
3250,1,50,0,1
3251,2,51,0,1
3252,3,52,0,1
3253,4,53,0,1
3254,5,54,0,1
3255,6,55,0,1
3256,7,56,0,1
3257,0,57,1,0
3258,1,58,0,1
3259,2,59,0,1
3260,3,60,0,1
3261,4,61,0,1
3262,5,62,0,1
3263,6,63,0,1
3264,7,64,0,1
3265,0,1,1,0
3266,1,2,0,1
3267,2,3,0,1
3268,3,4,0,1
3269,4,5,0,1
3270,5,6,0,1
3271,6,7,0,1
3272,7,8,0,1
3273,0,9,1,0
3274,1,10,0,1
3275,2,11,0,1
3276,3,12,0,1
3277,4,13,0,1
3278,5,14,0,1
3279,6,15,0,1
3280,7,16,0,1
3281,0,17,1,0
3282,1,18,0,1
3283,2,19,0,1
3284,3,20,0,1
3285,4,21,0,1
3286,5,22,0,1
3287,6,23,0,1
3288,7,24,0,1
3289,0,25,1,0
3290,1,26,0,1
3291,2,27,0,1
3292,3,28,0,1
3293,4,29,0,1
3294,5,30,0,1
3295,6,31,0,1
3296,7,32,0,1
3297,0,33,1,0
3298,1,34,0,1
3299,2,35,0,1
3300,3,36,0,1
3301,4,37,0,1
3302,5,38,0,1
3303,6,39,0,1
3304,7,40,0,1
3305,0,41,1,0
3306,1,42,0,1
3307,2,43,0,1
3308,3,44,0,1
3309,4,45,0,1
3310,5,46,0,1
3311,6,47,0,1
3312,7,48,0,1
3313,0,49,1,0
3314,1,50,0,1
3315,2,51,0,1
3316,3,52,0,1
3317,4,53,0,1
3318,5,54,0,1
3319,6,55,0,1
3320,7,56,0,1
3321,0,57,1,0
3322,1,58,0,1
3323,2,59,0,1
3324,3,60,0,1
3325,4,61,0,1
3326,5,62,0,1
3327,6,63,0,1
3328,7,64,0,1
3329,0,1,1,0
3330,1,2,0,1
3331,2,3,0,1
3332,3,4,0,1
3333,4,5,0,1
3334,5,6,0,1
3335,6,7,0,1
3336,7,8,0,1
3337,0,9,1,0
3338,1,10,0,1
3339,2,11,0,1
3340,3,12,0,1
3341,4,13,0,1
3342,5,14,0,1
3343,6,15,0,1
3344,7,16,0,1
3345,0,17,1,0
3346,1,18,0,1
3347,2,19,0,1
3348,3,20,0,1
3349,4,21,0,1
3350,5,22,0,1
3351,6,23,0,1
3352,7,24,0,1
3353,0,25,1,0
3354,1,26,0,1
3355,2,27,0,1
3356,3,28,0,1
3357,4,29,0,1
3358,5,30,0,1
3359,6,31,0,1
3360,7,32,0,1
3361,0,33,1,0
3362,1,34,0,1
3363,2,35,0,1
3364,3,36,0,1
3365,4,37,0,1
3366,5,38,0,1
3367,6,39,0,1
3368,7,40,0,1
3369,0,41,1,0
3370,1,42,0,1
3371,2,43,0,1
3372,3,44,0,1
3373,4,45,0,1
3374,5,46,0,1
3375,6,47,0,1
3376,7,48,0,1
3377,0,49,1,0
3378,1,50,0,1
3379,2,51,0,1
3380,3,52,0,1
3381,4,53,0,1
3382,5,54,0,1
3383,6,55,0,1
3384,7,56,0,1
3385,0,57,1,0
3386,1,58,0,1
3387,2,59,0,1
3388,3,60,0,1
3389,4,61,0,1
3390,5,62,0,1
3391,6,63,0,1
3392,7,64,0,1
3393,0,1,1,0
3394,1,2,0,1
3395,2,3,0,1
3396,3,4,0,1
3397,4,5,0,1
3398,5,6,0,1
3399,6,7,0,1
3400,7,8,0,1
3401,0,9,1,0
3402,1,10,0,1
3403,2,11,0,1
3404,3,12,0,1
3405,4,13,0,1
3406,5,14,0,1
3407,6,15,0,1
3408,7,16,0,1
3409,0,17,1,0
3410,1,18,0,1
3411,2,19,0,1
3412,3,20,0,1
3413,4,21,0,1
3414,5,22,0,1
3415,6,23,0,1
3416,7,24,0,1
3417,0,25,1,0
3418,1,26,0,1
3419,2,27,0,1
3420,3,28,0,1
3421,4,29,0,1
3422,5,30,0,1
3423,6,31,0,1
3424,7,32,0,1
3425,0,33,1,0
3426,1,34,0,1
3427,2,35,0,1
3428,3,36,0,1
3429,4,37,0,1
3430,5,38,0,1
3431,6,39,0,1
3432,7,40,0,1
3433,0,41,1,0
3434,1,42,0,1
3435,2,43,0,1
3436,3,44,0,1
3437,4,45,0,1
3438,5,46,0,1
3439,6,47,0,1
3440,7,48,0,1
3441,0,49,1,0
3442,1,50,0,1
3443,2,51,0,1
3444,3,52,0,1
3445,4,53,0,1
3446,5,54,0,1
3447,6,55,0,1
3448,7,56,0,1
3449,0,57,1,0
3450,1,58,0,1
3451,2,59,0,1
3452,3,60,0,1
3453,4,61,0,1
3454,5,62,0,1
3455,6,63,0,1
3456,7,64,0,1
3457,0,1,1,0
3458,1,2,0,1
3459,2,3,0,1
3460,3,4,0,1
3461,4,5,0,1
3462,5,6,0,1
3463,6,7,0,1
3464,7,8,0,1
3465,0,9,1,0
3466,1,10,0,1
3467,2,11,0,1
3468,3,12,0,1
3469,4,13,0,1
3470,5,14,0,1
3471,6,15,0,1
3472,7,16,0,1
3473,0,17,1,0
3474,1,18,0,1
3475,2,19,0,1
3476,3,20,0,1
3477,4,21,0,1
3478,5,22,0,1
3479,6,23,0,1
3480,7,24,0,1
3481,0,25,1,0
3482,1,26,0,1
3483,2,27,0,1
3484,3,28,0,1
3485,4,29,0,1
3486,5,30,0,1
3487,6,31,0,1
3488,7,32,0,1
3489,0,33,1,0
3490,1,34,0,1
3491,2,35,0,1
3492,3,36,0,1
3493,4,37,0,1
3494,5,38,0,1
3495,6,39,0,1
3496,7,40,0,1
3497,0,41,1,0
3498,1,42,0,1
3499,2,43,0,1
3500,3,44,0,1
3501,4,45,0,1
3502,5,46,0,1
3503,6,47,0,1
3504,7,48,0,1
3505,0,49,1,0
3506,1,50,0,1
3507,2,51,0,1
3508,3,52,0,1
3509,4,53,0,1
3510,5,54,0,1
3511,6,55,0,1
3512,7,56,0,1
3513,0,57,1,0
3514,1,58,0,1
3515,2,59,0,1
3516,3,60,0,1
3517,4,61,0,1
3518,5,62,0,1
3519,6,63,0,1
3520,7,64,0,1
3521,0,1,1,0
3522,1,2,0,1
3523,2,3,0,1
3524,3,4,0,1
3525,4,5,0,1
3526,5,6,0,1
3527,6,7,0,1
3528,7,8,0,1
3529,0,9,1,0
3530,1,10,0,1
3531,2,11,0,1
3532,3,12,0,1
3533,4,13,0,1
3534,5,14,0,1
3535,6,15,0,1
3536,7,16,0,1
3537,0,17,1,0
3538,1,18,0,1
3539,2,19,0,1
3540,3,20,0,1
3541,4,21,0,1
3542,5,22,0,1
3543,6,23,0,1
3544,7,24,0,1
3545,0,25,1,0
3546,1,26,0,1
3547,2,27,0,1
3548,3,28,0,1
3549,4,29,0,1
3550,5,30,0,1
3551,6,31,0,1
3552,7,32,0,1
3553,0,33,1,0
3554,1,34,0,1
3555,2,35,0,1
3556,3,36,0,1
3557,4,37,0,1
3558,5,38,0,1
3559,6,39,0,1
3560,7,40,0,1
3561,0,41,1,0
3562,1,42,0,1
3563,2,43,0,1
3564,3,44,0,1
3565,4,45,0,1
3566,5,46,0,1
3567,6,47,0,1
3568,7,48,0,1
3569,0,49,1,0
3570,1,50,0,1
3571,2,51,0,1
3572,3,52,0,1
3573,4,53,0,1
3574,5,54,0,1
3575,6,55,0,1
3576,7,56,0,1
3577,0,57,1,0
3578,1,58,0,1
3579,2,59,0,1
3580,3,60,0,1
3581,4,61,0,1
3582,5,62,0,1
3583,6,63,0,1
3584,7,64,0,1
3585,0,1,1,0
3586,1,2,0,1
3587,2,3,0,1
3588,3,4,0,1
3589,4,5,0,1
3590,5,6,0,1
3591,6,7,0,1
3592,7,8,0,1
3593,0,9,1,0
3594,1,10,0,1
3595,2,11,0,1
3596,3,12,0,1
3597,4,13,0,1
3598,5,14,0,1
3599,6,15,0,1
3600,7,16,0,1
3601,0,17,1,0
3602,1,18,0,1
3603,2,19,0,1
3604,3,20,0,1
3605,4,21,0,1
3606,5,22,0,1
3607,6,23,0,1
3608,7,24,0,1
3609,0,25,1,0
3610,1,26,0,1
3611,2,27,0,1
3612,3,28,0,1
3613,4,29,0,1
3614,5,30,0,1
3615,6,31,0,1
3616,7,32,0,1
3617,0,33,1,0
3618,1,34,0,1
3619,2,35,0,1
3620,3,36,0,1
3621,4,37,0,1
3622,5,38,0,1
3623,6,39,0,1
3624,7,40,0,1
3625,0,41,1,0
3626,1,42,0,1
3627,2,43,0,1
3628,3,44,0,1
3629,4,45,0,1
3630,5,46,0,1
3631,6,47,0,1
3632,7,48,0,1
3633,0,49,1,0
3634,1,50,0,1
3635,2,51,0,1
3636,3,52,0,1
3637,4,53,0,1
3638,5,54,0,1
3639,6,55,0,1
3640,7,56,0,1
3641,0,57,1,0
3642,1,58,0,1
3643,2,59,0,1
3644,3,60,0,1
3645,4,61,0,1
3646,5,62,0,1
3647,6,63,0,1
3648,7,64,0,1
3649,0,1,1,0
3650,1,2,0,1
3651,2,3,0,1
3652,3,4,0,1
3653,4,5,0,1
3654,5,6,0,1
3655,6,7,0,1
3656,7,8,0,1
3657,0,9,1,0
3658,1,10,0,1
3659,2,11,0,1
3660,3,12,0,1
3661,4,13,0,1
3662,5,14,0,1
3663,6,15,0,1
3664,7,16,0,1
3665,0,17,1,0
3666,1,18,0,1
3667,2,19,0,1
3668,3,20,0,1
3669,4,21,0,1
3670,5,22,0,1
3671,6,23,0,1
3672,7,24,0,1
3673,0,25,1,0
3674,1,26,0,1
3675,2,27,0,1
3676,3,28,0,1
3677,4,29,0,1
3678,5,30,0,1
3679,6,31,0,1
3680,7,32,0,1
3681,0,33,1,0
3682,1,34,0,1
3683,2,35,0,1
3684,3,36,0,1
3685,4,37,0,1
3686,5,38,0,1
3687,6,39,0,1
3688,7,40,0,1
3689,0,41,1,0
3690,1,42,0,1
3691,2,43,0,1
3692,3,44,0,1
3693,4,45,0,1
3694,5,46,0,1
3695,6,47,0,1
3696,7,48,0,1
3697,0,49,1,0
3698,1,50,0,1
3699,2,51,0,1
3700,3,52,0,1
3701,4,53,0,1
3702,5,54,0,1
3703,6,55,0,1
3704,7,56,0,1
3705,0,57,1,0
3706,1,58,0,1
3707,2,59,0,1
3708,3,60,0,1
3709,4,61,0,1
3710,5,62,0,1
3711,6,63,0,1
3712,7,64,0,1
3713,0,1,1,0
3714,1,2,0,1
3715,2,3,0,1
3716,3,4,0,1
3717,4,5,0,1
3718,5,6,0,1
3719,6,7,0,1
3720,7,8,0,1
3721,0,9,1,0
3722,1,10,0,1
3723,2,11,0,1
3724,3,12,0,1
3725,4,13,0,1
3726,5,14,0,1
3727,6,15,0,1
3728,7,16,0,1
3729,0,17,1,0
3730,1,18,0,1
3731,2,19,0,1
3732,3,20,0,1
3733,4,21,0,1
3734,5,22,0,1
3735,6,23,0,1
3736,7,24,0,1
3737,0,25,1,0
3738,1,26,0,1
3739,2,27,0,1
3740,3,28,0,1
3741,4,29,0,1
3742,5,30,0,1
3743,6,31,0,1
3744,7,32,0,1
3745,0,33,1,0
3746,1,34,0,1
3747,2,35,0,1
3748,3,36,0,1
3749,4,37,0,1
3750,5,38,0,1
3751,6,39,0,1
3752,7,40,0,1
3753,0,41,1,0
3754,1,42,0,1
3755,2,43,0,1
3756,3,44,0,1
3757,4,45,0,1
3758,5,46,0,1
3759,6,47,0,1
3760,7,48,0,1
3761,0,49,1,0
3762,1,50,0,1
3763,2,51,0,1
3764,3,52,0,1
3765,4,53,0,1
3766,5,54,0,1
3767,6,55,0,1
3768,7,56,0,1
3769,0,57,1,0
3770,1,58,0,1
3771,2,59,0,1
3772,3,60,0,1
3773,4,61,0,1
3774,5,62,0,1
3775,6,63,0,1
3776,7,64,0,1
3777,0,1,1,0
3778,1,2,0,1
3779,2,3,0,1
3780,3,4,0,1
3781,4,5,0,1
3782,5,6,0,1
3783,6,7,0,1
3784,7,8,0,1
3785,0,9,1,0
3786,1,10,0,1
3787,2,11,0,1
3788,3,12,0,1
3789,4,13,0,1
3790,5,14,0,1
3791,6,15,0,1
3792,7,16,0,1
3793,0,17,1,0
3794,1,18,0,1
3795,2,19,0,1
3796,3,20,0,1
3797,4,21,0,1
3798,5,22,0,1
3799,6,23,0,1
3800,7,24,0,1
3801,0,25,1,0
3802,1,26,0,1
3803,2,27,0,1
3804,3,28,0,1
3805,4,29,0,1
3806,5,30,0,1
3807,6,31,0,1
3808,7,32,0,1
3809,0,33,1,0
3810,1,34,0,1
3811,2,35,0,1
3812,3,36,0,1
3813,4,37,0,1
3814,5,38,0,1
3815,6,39,0,1
3816,7,40,0,1
3817,0,41,1,0
3818,1,42,0,1
3819,2,43,0,1
3820,3,44,0,1
3821,4,45,0,1
3822,5,46,0,1
3823,6,47,0,1
3824,7,48,0,1
3825,0,49,1,0
3826,1,50,0,1
3827,2,51,0,1
3828,3,52,0,1
3829,4,53,0,1
3830,5,54,0,1
3831,6,55,0,1
3832,7,56,0,1
3833,0,57,1,0
3834,1,58,0,1
3835,2,59,0,1
3836,3,60,0,1
3837,4,61,0,1
3838,5,62,0,1
3839,6,63,0,1
3840,7,64,0,1
3841,0,1,1,0
3842,1,2,0,1
3843,2,3,0,1
3844,3,4,0,1
3845,4,5,0,1
3846,5,6,0,1
3847,6,7,0,1
3848,7,8,0,1
3849,0,9,1,0
3850,1,10,0,1
3851,2,11,0,1
3852,3,12,0,1
3853,4,13,0,1
3854,5,14,0,1
3855,6,15,0,1
3856,7,16,0,1
3857,0,17,1,0
3858,1,18,0,1
3859,2,19,0,1
3860,3,20,0,1
3861,4,21,0,1
3862,5,22,0,1
3863,6,23,0,1
3864,7,24,0,1
3865,0,25,1,0
3866,1,26,0,1
3867,2,27,0,1
3868,3,28,0,1
3869,4,29,0,1
3870,5,30,0,1
3871,6,31,0,1
3872,7,32,0,1
3873,0,33,1,0
3874,1,34,0,1
3875,2,35,0,1
3876,3,36,0,1
3877,4,37,0,1
3878,5,38,0,1
3879,6,39,0,1
3880,7,40,0,1
3881,0,41,1,0
3882,1,42,0,1
3883,2,43,0,1
3884,3,44,0,1
3885,4,45,0,1
3886,5,46,0,1
3887,6,47,0,1
3888,7,48,0,1
3889,0,49,1,0
3890,1,50,0,1
3891,2,51,0,1
3892,3,52,0,1
3893,4,53,0,1
3894,5,54,0,1
3895,6,55,0,1
3896,7,56,0,1
3897,0,57,1,0
3898,1,58,0,1
3899,2,59,0,1
3900,3,60,0,1
3901,4,61,0,1
3902,5,62,0,1
3903,6,63,0,1
3904,7,64,0,1
3905,0,1,1,0
3906,1,2,0,1
3907,2,3,0,1
3908,3,4,0,1
3909,4,5,0,1
3910,5,6,0,1
3911,6,7,0,1
3912,7,8,0,1
3913,0,9,1,0
3914,1,10,0,1
3915,2,11,0,1
3916,3,12,0,1
3917,4,13,0,1
3918,5,14,0,1
3919,6,15,0,1
3920,7,16,0,1
3921,0,17,1,0
3922,1,18,0,1
3923,2,19,0,1
3924,3,20,0,1
3925,4,21,0,1
3926,5,22,0,1
3927,6,23,0,1
3928,7,24,0,1
3929,0,25,1,0
3930,1,26,0,1
3931,2,27,0,1
3932,3,28,0,1
3933,4,29,0,1
3934,5,30,0,1
3935,6,31,0,1
3936,7,32,0,1
3937,0,33,1,0
3938,1,34,0,1
3939,2,35,0,1
3940,3,36,0,1
3941,4,37,0,1
3942,5,38,0,1
3943,6,39,0,1
3944,7,40,0,1
3945,0,41,1,0
3946,1,42,0,1
3947,2,43,0,1
3948,3,44,0,1
3949,4,45,0,1
3950,5,46,0,1
3951,6,47,0,1
3952,7,48,0,1
3953,0,49,1,0
3954,1,50,0,1
3955,2,51,0,1
3956,3,52,0,1
3957,4,53,0,1
3958,5,54,0,1
3959,6,55,0,1
3960,7,56,0,1
3961,0,57,1,0
3962,1,58,0,1
3963,2,59,0,1
3964,3,60,0,1
3965,4,61,0,1
3966,5,62,0,1
3967,6,63,0,1
3968,7,64,0,1
3969,0,1,1,0
3970,1,2,0,1
3971,2,3,0,1
3972,3,4,0,1
3973,4,5,0,1
3974,5,6,0,1
3975,6,7,0,1
3976,7,8,0,1
3977,0,9,1,0
3978,1,10,0,1
3979,2,11,0,1
3980,3,12,0,1
3981,4,13,0,1
3982,5,14,0,1
3983,6,15,0,1
3984,7,16,0,1
3985,0,17,1,0
3986,1,18,0,1
3987,2,19,0,1
3988,3,20,0,1
3989,4,21,0,1
3990,5,22,0,1
3991,6,23,0,1
3992,7,24,0,1
3993,0,25,1,0
3994,1,26,0,1
3995,2,27,0,1
3996,3,28,0,1
3997,4,29,0,1
3998,5,30,0,1
3999,6,31,0,1
4000,7,32,0,1
4001,0,33,1,0
4002,1,34,0,1
4003,2,35,0,1
4004,3,36,0,1
4005,4,37,0,1
4006,5,38,0,1
4007,6,39,0,1
4008,7,40,0,1
4009,0,41,1,0
4010,1,42,0,1
4011,2,43,0,1
4012,3,44,0,1
4013,4,45,0,1
4014,5,46,0,1
4015,6,47,0,1
4016,7,48,0,1
4017,0,49,1,0
4018,1,50,0,1
4019,2,51,0,1
4020,3,52,0,1
4021,4,53,0,1
4022,5,54,0,1
4023,6,55,0,1
4024,7,56,0,1
4025,0,57,1,0
4026,1,58,0,1
4027,2,59,0,1
4028,3,60,0,1
4029,4,61,0,1
4030,5,62,0,1
4031,6,63,0,1
4032,7,64,0,1
4033,0,1,1,0
4034,1,2,0,1
4035,2,3,0,1
4036,3,4,0,1
4037,4,5,0,1
4038,5,6,0,1
4039,6,7,0,1
4040,7,8,0,1
4041,0,9,1,0
4042,1,10,0,1
4043,2,11,0,1
4044,3,12,0,1
4045,4,13,0,1
4046,5,14,0,1
4047,6,15,0,1
4048,7,16,0,1
4049,0,17,1,0
4050,1,18,0,1
4051,2,19,0,1
4052,3,20,0,1
4053,4,21,0,1
4054,5,22,0,1
4055,6,23,0,1
4056,7,24,0,1
4057,0,25,1,0
4058,1,26,0,1
4059,2,27,0,1
4060,3,28,0,1
4061,4,29,0,1
4062,5,30,0,1
4063,6,31,0,1
4064,7,32,0,1
4065,0,33,1,0
4066,1,34,0,1
4067,2,35,0,1
4068,3,36,0,1
4069,4,37,0,1
4070,5,38,0,1
4071,6,39,0,1
4072,7,40,0,1
4073,0,41,1,0
4074,1,42,0,1
4075,2,43,0,1
4076,3,44,0,1
4077,4,45,0,1
4078,5,46,0,1
4079,6,47,0,1
4080,7,48,0,1
4081,0,49,1,0
4082,1,50,0,1
4083,2,51,0,1
4084,3,52,0,1
4085,4,53,0,1
4086,5,54,0,1
4087,6,55,0,1
4088,7,56,0,1
4089,0,57,1,0
4090,1,58,0,1
4091,2,59,0,1
4092,3,60,0,1
4093,4,61,0,1
4094,5,62,0,1
4095,6,63,0,1
4096,7,64,0,1
4097,0,1,1,0
4098,1,2,0,1
4099,2,3,0,1
4100,3,4,0,1
4101,4,5,0,1
4102,5,6,0,1
4103,6,7,0,1
4104,7,8,0,1
4105,0,9,1,0
4106,1,10,0,1
4107,2,11,0,1
4108,3,12,0,1
4109,4,13,0,1
4110,5,14,0,1
4111,6,15,0,1
4112,7,16,0,1
4113,0,17,1,0
4114,1,18,0,1
4115,2,19,0,1
4116,3,20,0,1
4117,4,21,0,1
4118,5,22,0,1
4119,6,23,0,1
4120,7,24,0,1
4121,0,25,1,0
4122,1,26,0,1
4123,2,27,0,1
4124,3,28,0,1
4125,4,29,0,1
4126,5,30,0,1
4127,6,31,0,1
4128,7,32,0,1
4129,0,33,1,0
4130,1,34,0,1
4131,2,35,0,1
4132,3,36,0,1
4133,4,37,0,1
4134,5,38,0,1
4135,6,39,0,1
4136,7,40,0,1
4137,0,41,1,0
4138,1,42,0,1
4139,2,43,0,1
4140,3,44,0,1
4141,4,45,0,1
4142,5,46,0,1
4143,6,47,0,1
4144,7,48,0,1
4145,0,49,1,0
4146,1,50,0,1
4147,2,51,0,1
4148,3,52,0,1
4149,4,53,0,1
4150,5,54,0,1
4151,6,55,0,1
4152,7,56,0,1
4153,0,57,1,0
4154,1,58,0,1
4155,2,59,0,1
4156,3,60,0,1
4157,4,61,0,1
4158,5,62,0,1
4159,6,63,0,1
4160,7,64,0,1
4161,0,1,1,0
4162,1,2,0,1
4163,2,3,0,1
4164,3,4,0,1
4165,4,5,0,1
4166,5,6,0,1
4167,6,7,0,1
4168,7,8,0,1
4169,0,9,1,0
4170,1,10,0,1
4171,2,11,0,1
4172,3,12,0,1
4173,4,13,0,1
4174,5,14,0,1
4175,6,15,0,1
4176,7,16,0,1
4177,0,17,1,0
4178,1,18,0,1
4179,2,19,0,1
4180,3,20,0,1
4181,4,21,0,1
4182,5,22,0,1
4183,6,23,0,1
4184,7,24,0,1
4185,0,25,1,0
4186,1,26,0,1
4187,2,27,0,1
4188,3,28,0,1
4189,4,29,0,1
4190,5,30,0,1
4191,6,31,0,1
4192,7,32,0,1
4193,0,33,1,0
4194,1,34,0,1
4195,2,35,0,1
4196,3,36,0,1
4197,4,37,0,1
4198,5,38,0,1
4199,6,39,0,1
4200,7,40,0,1
4201,0,41,1,0
4202,1,42,0,1
4203,2,43,0,1
4204,3,44,0,1
4205,4,45,0,1
4206,5,46,0,1
4207,6,47,0,1
4208,7,48,0,1
4209,0,49,1,0
4210,1,50,0,1
4211,2,51,0,1
4212,3,52,0,1
4213,4,53,0,1
4214,5,54,0,1
4215,6,55,0,1
4216,7,56,0,1
4217,0,57,1,0
4218,1,58,0,1
4219,2,59,0,1
4220,3,60,0,1
4221,4,61,0,1
4222,5,62,0,1
4223,6,63,0,1
4224,7,64,0,1
4225,0,1,1,0
4226,1,2,0,1
4227,2,3,0,1
4228,3,4,0,1
4229,4,5,0,1
4230,5,6,0,1
4231,6,7,0,1
4232,7,8,0,1
4233,0,9,1,0
4234,1,10,0,1
4235,2,11,0,1
4236,3,12,0,1
4237,4,13,0,1
4238,5,14,0,1
4239,6,15,0,1
4240,7,16,0,1
4241,0,17,1,0
4242,1,18,0,1
4243,2,19,0,1
4244,3,20,0,1
4245,4,21,0,1
4246,5,22,0,1
4247,6,23,0,1
4248,7,24,0,1
4249,0,25,1,0
4250,1,26,0,1
4251,2,27,0,1
4252,3,28,0,1
4253,4,29,0,1
4254,5,30,0,1
4255,6,31,0,1
4256,7,32,0,1
4257,0,33,1,0
4258,1,34,0,1
4259,2,35,0,1
4260,3,36,0,1
4261,4,37,0,1
4262,5,38,0,1
4263,6,39,0,1
4264,7,40,0,1
4265,0,41,1,0
4266,1,42,0,1
4267,2,43,0,1
4268,3,44,0,1
4269,4,45,0,1
4270,5,46,0,1
4271,6,47,0,1
4272,7,48,0,1
4273,0,49,1,0
4274,1,50,0,1
4275,2,51,0,1
4276,3,52,0,1
4277,4,53,0,1
4278,5,54,0,1
4279,6,55,0,1
4280,7,56,0,1
4281,0,57,1,0
4282,1,58,0,1
4283,2,59,0,1
4284,3,60,0,1
4285,4,61,0,1
4286,5,62,0,1
4287,6,63,0,1
4288,7,64,0,1
4289,0,1,1,0
4290,1,2,0,1
4291,2,3,0,1
4292,3,4,0,1
4293,4,5,0,1
4294,5,6,0,1
4295,6,7,0,1
4296,7,8,0,1
4297,0,9,1,0
4298,1,10,0,1
4299,2,11,0,1
4300,3,12,0,1
4301,4,13,0,1
4302,5,14,0,1
4303,6,15,0,1
4304,7,16,0,1
4305,0,17,1,0
4306,1,18,0,1
4307,2,19,0,1
4308,3,20,0,1
4309,4,21,0,1
4310,5,22,0,1
4311,6,23,0,1
4312,7,24,0,1
4313,0,25,1,0
4314,1,26,0,1
4315,2,27,0,1
4316,3,28,0,1
4317,4,29,0,1
4318,5,30,0,1
4319,6,31,0,1
4320,7,32,0,1
4321,0,33,1,0
4322,1,34,0,1
4323,2,35,0,1
4324,3,36,0,1
4325,4,37,0,1
4326,5,38,0,1
4327,6,39,0,1
4328,7,40,0,1
4329,0,41,1,0
4330,1,42,0,1
4331,2,43,0,1
4332,3,44,0,1
4333,4,45,0,1
4334,5,46,0,1
4335,6,47,0,1
4336,7,48,0,1
4337,0,49,1,0
4338,1,50,0,1
4339,2,51,0,1
4340,3,52,0,1
4341,4,53,0,1
4342,5,54,0,1
4343,6,55,0,1
4344,7,56,0,1
4345,0,57,1,0
4346,1,58,0,1
4347,2,59,0,1
4348,3,60,0,1
4349,4,61,0,1
4350,5,62,0,1
4351,6,63,0,1
4352,7,64,0,1
4353,0,1,1,0
4354,1,2,0,1
4355,2,3,0,1
4356,3,4,0,1
4357,4,5,0,1
4358,5,6,0,1
4359,6,7,0,1
4360,7,8,0,1
4361,0,9,1,0
4362,1,10,0,1
4363,2,11,0,1
4364,3,12,0,1
4365,4,13,0,1
4366,5,14,0,1
4367,6,15,0,1
4368,7,16,0,1
4369,0,17,1,0
4370,1,18,0,1
4371,2,19,0,1
4372,3,20,0,1
4373,4,21,0,1
4374,5,22,0,1
4375,6,23,0,1
4376,7,24,0,1
4377,0,25,1,0
4378,1,26,0,1
4379,2,27,0,1
4380,3,28,0,1
4381,4,29,0,1
4382,5,30,0,1
4383,6,31,0,1
4384,7,32,0,1
4385,0,33,1,0
4386,1,34,0,1
4387,2,35,0,1
4388,3,36,0,1
4389,4,37,0,1
4390,5,38,0,1
4391,6,39,0,1
4392,7,40,0,1
4393,0,41,1,0
4394,1,42,0,1
4395,2,43,0,1
4396,3,44,0,1
4397,4,45,0,1
4398,5,46,0,1
4399,6,47,0,1
4400,7,48,0,1
4401,0,49,1,0
4402,1,50,0,1
4403,2,51,0,1
4404,3,52,0,1
4405,4,53,0,1
4406,5,54,0,1
4407,6,55,0,1
4408,7,56,0,1
4409,0,57,1,0
4410,1,58,0,1
4411,2,59,0,1
4412,3,60,0,1
4413,4,61,0,1
4414,5,62,0,1
4415,6,63,0,1
4416,7,64,0,1
4417,0,1,1,0
4418,1,2,0,1
4419,2,3,0,1
4420,3,4,0,1
4421,4,5,0,1
4422,5,6,0,1
4423,6,7,0,1
4424,7,8,0,1
4425,0,9,1,0
4426,1,10,0,1
4427,2,11,0,1
4428,3,12,0,1
4429,4,13,0,1
4430,5,14,0,1
4431,6,15,0,1
4432,7,16,0,1
4433,0,17,1,0
4434,1,18,0,1
4435,2,19,0,1
4436,3,20,0,1
4437,4,21,0,1
4438,5,22,0,1
4439,6,23,0,1
4440,7,24,0,1
4441,0,25,1,0
4442,1,26,0,1
4443,2,27,0,1
4444,3,28,0,1
4445,4,29,0,1
4446,5,30,0,1
4447,6,31,0,1
4448,7,32,0,1
4449,0,33,1,0
4450,1,34,0,1
4451,2,35,0,1
4452,3,36,0,1
4453,4,37,0,1
4454,5,38,0,1
4455,6,39,0,1
4456,7,40,0,1
4457,0,41,1,0
4458,1,42,0,1
4459,2,43,0,1
4460,3,44,0,1
4461,4,45,0,1
4462,5,46,0,1
4463,6,47,0,1
4464,7,48,0,1
4465,0,49,1,0
4466,1,50,0,1
4467,2,51,0,1
4468,3,52,0,1
4469,4,53,0,1
4470,5,54,0,1
4471,6,55,0,1
4472,7,56,0,1
4473,0,57,1,0
4474,1,58,0,1
4475,2,59,0,1
4476,3,60,0,1
4477,4,61,0,1
4478,5,62,0,1
4479,6,63,0,1
4480,7,64,0,1
4481,0,1,1,0
4482,1,2,0,1
4483,2,3,0,1
4484,3,4,0,1
4485,4,5,0,1
4486,5,6,0,1
4487,6,7,0,1
4488,7,8,0,1
4489,0,9,1,0
4490,1,10,0,1
4491,2,11,0,1
4492,3,12,0,1
4493,4,13,0,1
4494,5,14,0,1
4495,6,15,0,1
4496,7,16,0,1
4497,0,17,1,0
4498,1,18,0,1
4499,2,19,0,1
4500,3,20,0,1
4501,4,21,0,1
4502,5,22,0,1
4503,6,23,0,1
4504,7,24,0,1
4505,0,25,1,0
4506,1,26,0,1
4507,2,27,0,1
4508,3,28,0,1
4509,4,29,0,1
4510,5,30,0,1
4511,6,31,0,1
4512,7,32,0,1
4513,0,33,1,0
4514,1,34,0,1
4515,2,35,0,1
4516,3,36,0,1
4517,4,37,0,1
4518,5,38,0,1
4519,6,39,0,1
4520,7,40,0,1
4521,0,41,1,0
4522,1,42,0,1
4523,2,43,0,1
4524,3,44,0,1
4525,4,45,0,1
4526,5,46,0,1
4527,6,47,0,1
4528,7,48,0,1
4529,0,49,1,0
4530,1,50,0,1
4531,2,51,0,1
4532,3,52,0,1
4533,4,53,0,1
4534,5,54,0,1
4535,6,55,0,1
4536,7,56,0,1
4537,0,57,1,0
4538,1,58,0,1
4539,2,59,0,1
4540,3,60,0,1
4541,4,61,0,1
4542,5,62,0,1
4543,6,63,0,1
4544,7,64,0,1
4545,0,1,1,0
4546,1,2,0,1
4547,2,3,0,1
4548,3,4,0,1
4549,4,5,0,1
4550,5,6,0,1
4551,6,7,0,1
4552,7,8,0,1
4553,0,9,1,0
4554,1,10,0,1
4555,2,11,0,1
4556,3,12,0,1
4557,4,13,0,1
4558,5,14,0,1
4559,6,15,0,1
4560,7,16,0,1
4561,0,17,1,0
4562,1,18,0,1
4563,2,19,0,1
4564,3,20,0,1
4565,4,21,0,1
4566,5,22,0,1
4567,6,23,0,1
4568,7,24,0,1
4569,0,25,1,0
4570,1,26,0,1
4571,2,27,0,1
4572,3,28,0,1
4573,4,29,0,1
4574,5,30,0,1
4575,6,31,0,1
4576,7,32,0,1
4577,0,33,1,0
4578,1,34,0,1
4579,2,35,0,1
4580,3,36,0,1
4581,4,37,0,1
4582,5,38,0,1
4583,6,39,0,1
4584,7,40,0,1
4585,0,41,1,0
4586,1,42,0,1
4587,2,43,0,1
4588,3,44,0,1
4589,4,45,0,1
4590,5,46,0,1
4591,6,47,0,1
4592,7,48,0,1
4593,0,49,1,0
4594,1,50,0,1
4595,2,51,0,1
4596,3,52,0,1
4597,4,53,0,1
4598,5,54,0,1
4599,6,55,0,1
4600,7,56,0,1
4601,0,57,1,0
4602,1,58,0,1
4603,2,59,0,1
4604,3,60,0,1
4605,4,61,0,1
4606,5,62,0,1
4607,6,63,0,1
4608,7,64,0,1
4609,0,1,1,0
4610,1,2,0,1
4611,2,3,0,1
4612,3,4,0,1
4613,4,5,0,1
4614,5,6,0,1
4615,6,7,0,1
4616,7,8,0,1
4617,0,9,1,0
4618,1,10,0,1
4619,2,11,0,1
4620,3,12,0,1
4621,4,13,0,1
4622,5,14,0,1
4623,6,15,0,1
4624,7,16,0,1
4625,0,17,1,0
4626,1,18,0,1
4627,2,19,0,1
4628,3,20,0,1
4629,4,21,0,1
4630,5,22,0,1
4631,6,23,0,1
4632,7,24,0,1
4633,0,25,1,0
4634,1,26,0,1
4635,2,27,0,1
4636,3,28,0,1
4637,4,29,0,1
4638,5,30,0,1
4639,6,31,0,1
4640,7,32,0,1
4641,0,33,1,0
4642,1,34,0,1
4643,2,35,0,1
4644,3,36,0,1
4645,4,37,0,1
4646,5,38,0,1
4647,6,39,0,1
4648,7,40,0,1
4649,0,41,1,0
4650,1,42,0,1
4651,2,43,0,1
4652,3,44,0,1
4653,4,45,0,1
4654,5,46,0,1
4655,6,47,0,1
4656,7,48,0,1
4657,0,49,1,0
4658,1,50,0,1
4659,2,51,0,1
4660,3,52,0,1
4661,4,53,0,1
4662,5,54,0,1
4663,6,55,0,1
4664,7,56,0,1
4665,0,57,1,0
4666,1,58,0,1
4667,2,59,0,1
4668,3,60,0,1
4669,4,61,0,1
4670,5,62,0,1
4671,6,63,0,1
4672,7,64,0,1
4673,0,1,1,0
4674,1,2,0,1
4675,2,3,0,1
4676,3,4,0,1
4677,4,5,0,1
4678,5,6,0,1
4679,6,7,0,1
4680,7,8,0,1
4681,0,9,1,0
4682,1,10,0,1
4683,2,11,0,1
4684,3,12,0,1
4685,4,13,0,1
4686,5,14,0,1
4687,6,15,0,1
4688,7,16,0,1
4689,0,17,1,0
4690,1,18,0,1
4691,2,19,0,1
4692,3,20,0,1
4693,4,21,0,1
4694,5,22,0,1
4695,6,23,0,1
4696,7,24,0,1
4697,0,25,1,0
4698,1,26,0,1
4699,2,27,0,1
4700,3,28,0,1
4701,4,29,0,1
4702,5,30,0,1
4703,6,31,0,1
4704,7,32,0,1
4705,0,33,1,0
4706,1,34,0,1
4707,2,35,0,1
4708,3,36,0,1
4709,4,37,0,1
4710,5,38,0,1
4711,6,39,0,1
4712,7,40,0,1
4713,0,41,1,0
4714,1,42,0,1
4715,2,43,0,1
4716,3,44,0,1
4717,4,45,0,1
4718,5,46,0,1
4719,6,47,0,1
4720,7,48,0,1
4721,0,49,1,0
4722,1,50,0,1
4723,2,51,0,1
4724,3,52,0,1
4725,4,53,0,1
4726,5,54,0,1
4727,6,55,0,1
4728,7,56,0,1
4729,0,57,1,0
4730,1,58,0,1
4731,2,59,0,1
4732,3,60,0,1
4733,4,61,0,1
4734,5,62,0,1
4735,6,63,0,1
4736,7,64,0,1
4737,0,1,1,0
4738,1,2,0,1
4739,2,3,0,1
4740,3,4,0,1
4741,4,5,0,1
4742,5,6,0,1
4743,6,7,0,1
4744,7,8,0,1
4745,0,9,1,0
4746,1,10,0,1
4747,2,11,0,1
4748,3,12,0,1
4749,4,13,0,1
4750,5,14,0,1
4751,6,15,0,1
4752,7,16,0,1
4753,0,17,1,0
4754,1,18,0,1
4755,2,19,0,1
4756,3,20,0,1
4757,4,21,0,1
4758,5,22,0,1
4759,6,23,0,1
4760,7,24,0,1
4761,0,25,1,0
4762,1,26,0,1
4763,2,27,0,1
4764,3,28,0,1
4765,4,29,0,1
4766,5,30,0,1
4767,6,31,0,1
4768,7,32,0,1
4769,0,33,1,0
4770,1,34,0,1
4771,2,35,0,1
4772,3,36,0,1
4773,4,37,0,1
4774,5,38,0,1
4775,6,39,0,1
4776,7,40,0,1
4777,0,41,1,0
4778,1,42,0,1
4779,2,43,0,1
4780,3,44,0,1
4781,4,45,0,1
4782,5,46,0,1
4783,6,47,0,1
4784,7,48,0,1
4785,0,49,1,0
4786,1,50,0,1
4787,2,51,0,1
4788,3,52,0,1
4789,4,53,0,1
4790,5,54,0,1
4791,6,55,0,1
4792,7,56,0,1
4793,0,57,1,0
4794,1,58,0,1
4795,2,59,0,1
4796,3,60,0,1
4797,4,61,0,1
4798,5,62,0,1
4799,6,63,0,1
4800,7,64,0,1
4801,0,1,1,0
4802,1,2,0,1
4803,2,3,0,1
4804,3,4,0,1
4805,4,5,0,1
4806,5,6,0,1
4807,6,7,0,1
4808,7,8,0,1
4809,0,9,1,0
4810,1,10,0,1
4811,2,11,0,1
4812,3,12,0,1
4813,4,13,0,1
4814,5,14,0,1
4815,6,15,0,1
4816,7,16,0,1
4817,0,17,1,0
4818,1,18,0,1
4819,2,19,0,1
4820,3,20,0,1
4821,4,21,0,1
4822,5,22,0,1
4823,6,23,0,1
4824,7,24,0,1
4825,0,25,1,0
4826,1,26,0,1
4827,2,27,0,1
4828,3,28,0,1
4829,4,29,0,1
4830,5,30,0,1
4831,6,31,0,1
4832,7,32,0,1
4833,0,33,1,0
4834,1,34,0,1
4835,2,35,0,1
4836,3,36,0,1
4837,4,37,0,1
4838,5,38,0,1
4839,6,39,0,1
4840,7,40,0,1
4841,0,41,1,0
4842,1,42,0,1
4843,2,43,0,1
4844,3,44,0,1
4845,4,45,0,1
4846,5,46,0,1
4847,6,47,0,1
4848,7,48,0,1
4849,0,49,1,0
4850,1,50,0,1
4851,2,51,0,1
4852,3,52,0,1
4853,4,53,0,1
4854,5,54,0,1
4855,6,55,0,1
4856,7,56,0,1
4857,0,57,1,0
4858,1,58,0,1
4859,2,59,0,1
4860,3,60,0,1
4861,4,61,0,1
4862,5,62,0,1
4863,6,63,0,1
4864,7,64,0,1
4865,0,1,1,0
4866,1,2,0,1
4867,2,3,0,1
4868,3,4,0,1
4869,4,5,0,1
4870,5,6,0,1
4871,6,7,0,1
4872,7,8,0,1
4873,0,9,1,0
4874,1,10,0,1
4875,2,11,0,1
4876,3,12,0,1
4877,4,13,0,1
4878,5,14,0,1
4879,6,15,0,1
4880,7,16,0,1
4881,0,17,1,0
4882,1,18,0,1
4883,2,19,0,1
4884,3,20,0,1
4885,4,21,0,1
4886,5,22,0,1
4887,6,23,0,1
4888,7,24,0,1
4889,0,25,1,0
4890,1,26,0,1
4891,2,27,0,1
4892,3,28,0,1
4893,4,29,0,1
4894,5,30,0,1
4895,6,31,0,1
4896,7,32,0,1
4897,0,33,1,0
4898,1,34,0,1
4899,2,35,0,1
4900,3,36,0,1
4901,4,37,0,1
4902,5,38,0,1
4903,6,39,0,1
4904,7,40,0,1
4905,0,41,1,0
4906,1,42,0,1
4907,2,43,0,1
4908,3,44,0,1
4909,4,45,0,1
4910,5,46,0,1
4911,6,47,0,1
4912,7,48,0,1
4913,0,49,1,0
4914,1,50,0,1
4915,2,51,0,1
4916,3,52,0,1
4917,4,53,0,1
4918,5,54,0,1
4919,6,55,0,1
4920,7,56,0,1
4921,0,57,1,0
4922,1,58,0,1
4923,2,59,0,1
4924,3,60,0,1
4925,4,61,0,1
4926,5,62,0,1
4927,6,63,0,1
4928,7,64,0,1
4929,0,1,1,0
4930,1,2,0,1
4931,2,3,0,1
4932,3,4,0,1
4933,4,5,0,1
4934,5,6,0,1
4935,6,7,0,1
4936,7,8,0,1
4937,0,9,1,0
4938,1,10,0,1
4939,2,11,0,1
4940,3,12,0,1
4941,4,13,0,1
4942,5,14,0,1
4943,6,15,0,1
4944,7,16,0,1
4945,0,17,1,0
4946,1,18,0,1
4947,2,19,0,1
4948,3,20,0,1
4949,4,21,0,1
4950,5,22,0,1
4951,6,23,0,1
4952,7,24,0,1
4953,0,25,1,0
4954,1,26,0,1
4955,2,27,0,1
4956,3,28,0,1
4957,4,29,0,1
4958,5,30,0,1
4959,6,31,0,1
4960,7,32,0,1
4961,0,33,1,0
4962,1,34,0,1
4963,2,35,0,1
4964,3,36,0,1
4965,4,37,0,1
4966,5,38,0,1
4967,6,39,0,1
4968,7,40,0,1
4969,0,41,1,0
4970,1,42,0,1
4971,2,43,0,1
4972,3,44,0,1
4973,4,45,0,1
4974,5,46,0,1
4975,6,47,0,1
4976,7,48,0,1
4977,0,49,1,0
4978,1,50,0,1
4979,2,51,0,1
4980,3,52,0,1
4981,4,53,0,1
4982,5,54,0,1
4983,6,55,0,1
4984,7,56,0,1
4985,0,57,1,0
4986,1,58,0,1
4987,2,59,0,1
4988,3,60,0,1
4989,4,61,0,1
4990,5,62,0,1
4991,6,63,0,1
4992,7,64,0,1
4993,0,1,1,0
4994,1,2,0,1
4995,2,3,0,1
4996,3,4,0,1
4997,4,5,0,1
4998,5,6,0,1
4999,6,7,0,1
5000,7,8,0,1
5001,0,9,1,0
5002,1,10,0,1
5003,2,11,0,1
5004,3,12,0,1
5005,4,13,0,1
5006,5,14,0,1
5007,6,15,0,1
5008,7,16,0,1
5009,0,17,1,0
5010,1,18,0,1
5011,2,19,0,1
5012,3,20,0,1
5013,4,21,0,1
5014,5,22,0,1
5015,6,23,0,1
5016,7,24,0,1
5017,0,25,1,0
5018,1,26,0,1
5019,2,27,0,1
5020,3,28,0,1
5021,4,29,0,1
5022,5,30,0,1
5023,6,31,0,1
5024,7,32,0,1
5025,0,33,1,0
5026,1,34,0,1
5027,2,35,0,1
5028,3,36,0,1
5029,4,37,0,1
5030,5,38,0,1
5031,6,39,0,1
5032,7,40,0,1
5033,0,41,1,0
5034,1,42,0,1
5035,2,43,0,1
5036,3,44,0,1
5037,4,45,0,1
5038,5,46,0,1
5039,6,47,0,1
5040,7,48,0,1
5041,0,49,1,0
5042,1,50,0,1
5043,2,51,0,1
5044,3,52,0,1
5045,4,53,0,1
5046,5,54,0,1
5047,6,55,0,1
5048,7,56,0,1
5049,0,57,1,0
5050,1,58,0,1
5051,2,59,0,1
5052,3,60,0,1
5053,4,61,0,1
5054,5,62,0,1
5055,6,63,0,1
5056,7,64,0,1
5057,0,1,1,0
5058,1,2,0,1
5059,2,3,0,1
5060,3,4,0,1
5061,4,5,0,1
5062,5,6,0,1
5063,6,7,0,1
5064,7,8,0,1
5065,0,9,1,0
5066,1,10,0,1
5067,2,11,0,1
5068,3,12,0,1
5069,4,13,0,1
5070,5,14,0,1
5071,6,15,0,1
5072,7,16,0,1
5073,0,17,1,0
5074,1,18,0,1
5075,2,19,0,1
5076,3,20,0,1
5077,4,21,0,1
5078,5,22,0,1
5079,6,23,0,1
5080,7,24,0,1
5081,0,25,1,0
5082,1,26,0,1
5083,2,27,0,1
5084,3,28,0,1
5085,4,29,0,1
5086,5,30,0,1
5087,6,31,0,1
5088,7,32,0,1
5089,0,33,1,0
5090,1,34,0,1
5091,2,35,0,1
5092,3,36,0,1
5093,4,37,0,1
5094,5,38,0,1
5095,6,39,0,1
5096,7,40,0,1
5097,0,41,1,0
5098,1,42,0,1
5099,2,43,0,1
5100,3,44,0,1
5101,4,45,0,1
5102,5,46,0,1
5103,6,47,0,1
5104,7,48,0,1
5105,0,49,1,0
5106,1,50,0,1
5107,2,51,0,1
5108,3,52,0,1
5109,4,53,0,1
5110,5,54,0,1
5111,6,55,0,1
5112,7,56,0,1
5113,0,57,1,0
5114,1,58,0,1
5115,2,59,0,1
5116,3,60,0,1
5117,4,61,0,1
5118,5,62,0,1
5119,6,63,0,1
5120,7,64,0,1
5121,0,1,1,0
5122,1,2,0,1
5123,2,3,0,1
5124,3,4,0,1
5125,4,5,0,1
5126,5,6,0,1
5127,6,7,0,1
5128,7,8,0,1
5129,0,9,1,0
5130,1,10,0,1
5131,2,11,0,1
5132,3,12,0,1
5133,4,13,0,1
5134,5,14,0,1
5135,6,15,0,1
5136,7,16,0,1
5137,0,17,1,0
5138,1,18,0,1
5139,2,19,0,1
5140,3,20,0,1
5141,4,21,0,1
5142,5,22,0,1
5143,6,23,0,1
5144,7,24,0,1
5145,0,25,1,0
5146,1,26,0,1
5147,2,27,0,1
5148,3,28,0,1
5149,4,29,0,1
5150,5,30,0,1
5151,6,31,0,1
5152,7,32,0,1
5153,0,33,1,0
5154,1,34,0,1
5155,2,35,0,1
5156,3,36,0,1
5157,4,37,0,1
5158,5,38,0,1
5159,6,39,0,1
5160,7,40,0,1
5161,0,41,1,0
5162,1,42,0,1
5163,2,43,0,1
5164,3,44,0,1
5165,4,45,0,1
5166,5,46,0,1
5167,6,47,0,1
5168,7,48,0,1
5169,0,49,1,0
5170,1,50,0,1
5171,2,51,0,1
5172,3,52,0,1
5173,4,53,0,1
5174,5,54,0,1
5175,6,55,0,1
5176,7,56,0,1
5177,0,57,1,0
5178,1,58,0,1
5179,2,59,0,1
5180,3,60,0,1
5181,4,61,0,1
5182,5,62,0,1
5183,6,63,0,1
5184,7,64,0,1
5185,0,1,1,0
5186,1,2,0,1
5187,2,3,0,1
5188,3,4,0,1
5189,4,5,0,1
5190,5,6,0,1
5191,6,7,0,1
5192,7,8,0,1
5193,0,9,1,0
5194,1,10,0,1
5195,2,11,0,1
5196,3,12,0,1
5197,4,13,0,1
5198,5,14,0,1
5199,6,15,0,1
5200,7,16,0,1
5201,0,17,1,0
5202,1,18,0,1
5203,2,19,0,1
5204,3,20,0,1
5205,4,21,0,1
5206,5,22,0,1
5207,6,23,0,1
5208,7,24,0,1
5209,0,25,1,0
5210,1,26,0,1
5211,2,27,0,1
5212,3,28,0,1
5213,4,29,0,1
5214,5,30,0,1
5215,6,31,0,1
5216,7,32,0,1
5217,0,33,1,0
5218,1,34,0,1
5219,2,35,0,1
5220,3,36,0,1
5221,4,37,0,1
5222,5,38,0,1
5223,6,39,0,1
5224,7,40,0,1
5225,0,41,1,0
5226,1,42,0,1
5227,2,43,0,1
5228,3,44,0,1
5229,4,45,0,1
5230,5,46,0,1
5231,6,47,0,1
5232,7,48,0,1
5233,0,49,1,0
5234,1,50,0,1
5235,2,51,0,1
5236,3,52,0,1
5237,4,53,0,1
5238,5,54,0,1
5239,6,55,0,1
5240,7,56,0,1
5241,0,57,1,0
5242,1,58,0,1
5243,2,59,0,1
5244,3,60,0,1
5245,4,61,0,1
5246,5,62,0,1
5247,6,63,0,1
5248,7,64,0,1
5249,0,1,1,0
5250,1,2,0,1
5251,2,3,0,1
5252,3,4,0,1
5253,4,5,0,1
5254,5,6,0,1
5255,6,7,0,1
5256,7,8,0,1
5257,0,9,1,0
5258,1,10,0,1
5259,2,11,0,1
5260,3,12,0,1
5261,4,13,0,1
5262,5,14,0,1
5263,6,15,0,1
5264,7,16,0,1
5265,0,17,1,0
5266,1,18,0,1
5267,2,19,0,1
5268,3,20,0,1
5269,4,21,0,1
5270,5,22,0,1
5271,6,23,0,1
5272,7,24,0,1
5273,0,25,1,0
5274,1,26,0,1
5275,2,27,0,1
5276,3,28,0,1
5277,4,29,0,1
5278,5,30,0,1
5279,6,31,0,1
5280,7,32,0,1
5281,0,33,1,0
5282,1,34,0,1
5283,2,35,0,1
5284,3,36,0,1
5285,4,37,0,1
5286,5,38,0,1
5287,6,39,0,1
5288,7,40,0,1
5289,0,41,1,0
5290,1,42,0,1
5291,2,43,0,1
5292,3,44,0,1
5293,4,45,0,1
5294,5,46,0,1
5295,6,47,0,1
5296,7,48,0,1
5297,0,49,1,0
5298,1,50,0,1
5299,2,51,0,1
5300,3,52,0,1
5301,4,53,0,1
5302,5,54,0,1
5303,6,55,0,1
5304,7,56,0,1
5305,0,57,1,0
5306,1,58,0,1
5307,2,59,0,1
5308,3,60,0,1
5309,4,61,0,1
5310,5,62,0,1
5311,6,63,0,1
5312,7,64,0,1
5313,0,1,1,0
5314,1,2,0,1
5315,2,3,0,1
5316,3,4,0,1
5317,4,5,0,1
5318,5,6,0,1
5319,6,7,0,1
5320,7,8,0,1
5321,0,9,1,0
5322,1,10,0,1
5323,2,11,0,1
5324,3,12,0,1
5325,4,13,0,1
5326,5,14,0,1
5327,6,15,0,1
5328,7,16,0,1
5329,0,17,1,0
5330,1,18,0,1
5331,2,19,0,1
5332,3,20,0,1
5333,4,21,0,1
5334,5,22,0,1
5335,6,23,0,1
5336,7,24,0,1
5337,0,25,1,0
5338,1,26,0,1
5339,2,27,0,1
5340,3,28,0,1
5341,4,29,0,1
5342,5,30,0,1
5343,6,31,0,1
5344,7,32,0,1
5345,0,33,1,0
5346,1,34,0,1
5347,2,35,0,1
5348,3,36,0,1
5349,4,37,0,1
5350,5,38,0,1
5351,6,39,0,1
5352,7,40,0,1
5353,0,41,1,0
5354,1,42,0,1
5355,2,43,0,1
5356,3,44,0,1
5357,4,45,0,1
5358,5,46,0,1
5359,6,47,0,1
5360,7,48,0,1
5361,0,49,1,0
5362,1,50,0,1
5363,2,51,0,1
5364,3,52,0,1
5365,4,53,0,1
5366,5,54,0,1
5367,6,55,0,1
5368,7,56,0,1
5369,0,57,1,0
5370,1,58,0,1
5371,2,59,0,1
5372,3,60,0,1
5373,4,61,0,1
5374,5,62,0,1
5375,6,63,0,1
5376,7,64,0,1
5377,0,1,1,0
5378,1,2,0,1
5379,2,3,0,1
5380,3,4,0,1
5381,4,5,0,1
5382,5,6,0,1
5383,6,7,0,1
5384,7,8,0,1
5385,0,9,1,0
5386,1,10,0,1
5387,2,11,0,1
5388,3,12,0,1
5389,4,13,0,1
5390,5,14,0,1
5391,6,15,0,1
5392,7,16,0,1
5393,0,17,1,0
5394,1,18,0,1
5395,2,19,0,1
5396,3,20,0,1
5397,4,21,0,1
5398,5,22,0,1
5399,6,23,0,1
5400,7,24,0,1
5401,0,25,1,0
5402,1,26,0,1
5403,2,27,0,1
5404,3,28,0,1
5405,4,29,0,1
5406,5,30,0,1
5407,6,31,0,1
5408,7,32,0,1
5409,0,33,1,0
5410,1,34,0,1
5411,2,35,0,1
5412,3,36,0,1
5413,4,37,0,1
5414,5,38,0,1
5415,6,39,0,1
5416,7,40,0,1
5417,0,41,1,0
5418,1,42,0,1
5419,2,43,0,1
5420,3,44,0,1
5421,4,45,0,1
5422,5,46,0,1
5423,6,47,0,1
5424,7,48,0,1
5425,0,49,1,0
5426,1,50,0,1
5427,2,51,0,1
5428,3,52,0,1
5429,4,53,0,1
5430,5,54,0,1
5431,6,55,0,1
5432,7,56,0,1
5433,0,57,1,0
5434,1,58,0,1
5435,2,59,0,1
5436,3,60,0,1
5437,4,61,0,1
5438,5,62,0,1
5439,6,63,0,1
5440,7,64,0,1
5441,0,1,1,0
5442,1,2,0,1
5443,2,3,0,1
5444,3,4,0,1
5445,4,5,0,1
5446,5,6,0,1
5447,6,7,0,1
5448,7,8,0,1
5449,0,9,1,0
5450,1,10,0,1
5451,2,11,0,1
5452,3,12,0,1
5453,4,13,0,1
5454,5,14,0,1
5455,6,15,0,1
5456,7,16,0,1
5457,0,17,1,0
5458,1,18,0,1
5459,2,19,0,1
5460,3,20,0,1
5461,4,21,0,1
5462,5,22,0,1
5463,6,23,0,1
5464,7,24,0,1
5465,0,25,1,0
5466,1,26,0,1
5467,2,27,0,1
5468,3,28,0,1
5469,4,29,0,1
5470,5,30,0,1
5471,6,31,0,1
5472,7,32,0,1
5473,0,33,1,0
5474,1,34,0,1
5475,2,35,0,1
5476,3,36,0,1
5477,4,37,0,1
5478,5,38,0,1
5479,6,39,0,1
5480,7,40,0,1
5481,0,41,1,0
5482,1,42,0,1
5483,2,43,0,1
5484,3,44,0,1
5485,4,45,0,1
5486,5,46,0,1
5487,6,47,0,1
5488,7,48,0,1
5489,0,49,1,0
5490,1,50,0,1
5491,2,51,0,1
5492,3,52,0,1
5493,4,53,0,1
5494,5,54,0,1
5495,6,55,0,1
5496,7,56,0,1
5497,0,57,1,0
5498,1,58,0,1
5499,2,59,0,1
5500,3,60,0,1
5501,4,61,0,1
5502,5,62,0,1
5503,6,63,0,1
5504,7,64,0,1
5505,0,1,1,0
5506,1,2,0,1
5507,2,3,0,1
5508,3,4,0,1
5509,4,5,0,1
5510,5,6,0,1
5511,6,7,0,1
5512,7,8,0,1
5513,0,9,1,0
5514,1,10,0,1
5515,2,11,0,1
5516,3,12,0,1
5517,4,13,0,1
5518,5,14,0,1
5519,6,15,0,1
5520,7,16,0,1
5521,0,17,1,0
5522,1,18,0,1
5523,2,19,0,1
5524,3,20,0,1
5525,4,21,0,1
5526,5,22,0,1
5527,6,23,0,1
5528,7,24,0,1
5529,0,25,1,0
5530,1,26,0,1
5531,2,27,0,1
5532,3,28,0,1
5533,4,29,0,1
5534,5,30,0,1
5535,6,31,0,1
5536,7,32,0,1
5537,0,33,1,0
5538,1,34,0,1
5539,2,35,0,1
5540,3,36,0,1
5541,4,37,0,1
5542,5,38,0,1
5543,6,39,0,1
5544,7,40,0,1
5545,0,41,1,0
5546,1,42,0,1
5547,2,43,0,1
5548,3,44,0,1
5549,4,45,0,1
5550,5,46,0,1
5551,6,47,0,1
5552,7,48,0,1
5553,0,49,1,0
5554,1,50,0,1
5555,2,51,0,1
5556,3,52,0,1
5557,4,53,0,1
5558,5,54,0,1
5559,6,55,0,1
5560,7,56,0,1
5561,0,57,1,0
5562,1,58,0,1
5563,2,59,0,1
5564,3,60,0,1
5565,4,61,0,1
5566,5,62,0,1
5567,6,63,0,1
5568,7,64,0,1
5569,0,1,1,0
5570,1,2,0,1
5571,2,3,0,1
5572,3,4,0,1
5573,4,5,0,1
5574,5,6,0,1
5575,6,7,0,1
5576,7,8,0,1
5577,0,9,1,0
5578,1,10,0,1
5579,2,11,0,1
5580,3,12,0,1
5581,4,13,0,1
5582,5,14,0,1
5583,6,15,0,1
5584,7,16,0,1
5585,0,17,1,0
5586,1,18,0,1
5587,2,19,0,1
5588,3,20,0,1
5589,4,21,0,1
5590,5,22,0,1
5591,6,23,0,1
5592,7,24,0,1
5593,0,25,1,0
5594,1,26,0,1
5595,2,27,0,1
5596,3,28,0,1
5597,4,29,0,1
5598,5,30,0,1
5599,6,31,0,1
5600,7,32,0,1
5601,0,33,1,0
5602,1,34,0,1
5603,2,35,0,1
5604,3,36,0,1
5605,4,37,0,1
5606,5,38,0,1
5607,6,39,0,1
5608,7,40,0,1
5609,0,41,1,0
5610,1,42,0,1
5611,2,43,0,1
5612,3,44,0,1
5613,4,45,0,1
5614,5,46,0,1
5615,6,47,0,1
5616,7,48,0,1
5617,0,49,1,0
5618,1,50,0,1
5619,2,51,0,1
5620,3,52,0,1
5621,4,53,0,1
5622,5,54,0,1
5623,6,55,0,1
5624,7,56,0,1
5625,0,57,1,0
5626,1,58,0,1
5627,2,59,0,1
5628,3,60,0,1
5629,4,61,0,1
5630,5,62,0,1
5631,6,63,0,1
5632,7,64,0,1
5633,0,1,1,0
5634,1,2,0,1
5635,2,3,0,1
5636,3,4,0,1
5637,4,5,0,1
5638,5,6,0,1
5639,6,7,0,1
5640,7,8,0,1
5641,0,9,1,0
5642,1,10,0,1
5643,2,11,0,1
5644,3,12,0,1
5645,4,13,0,1
5646,5,14,0,1
5647,6,15,0,1
5648,7,16,0,1
5649,0,17,1,0
5650,1,18,0,1
5651,2,19,0,1
5652,3,20,0,1
5653,4,21,0,1
5654,5,22,0,1
5655,6,23,0,1
5656,7,24,0,1
5657,0,25,1,0
5658,1,26,0,1
5659,2,27,0,1
5660,3,28,0,1
5661,4,29,0,1
5662,5,30,0,1
5663,6,31,0,1
5664,7,32,0,1
5665,0,33,1,0
5666,1,34,0,1
5667,2,35,0,1
5668,3,36,0,1
5669,4,37,0,1
5670,5,38,0,1
5671,6,39,0,1
5672,7,40,0,1
5673,0,41,1,0
5674,1,42,0,1
5675,2,43,0,1
5676,3,44,0,1
5677,4,45,0,1
5678,5,46,0,1
5679,6,47,0,1
5680,7,48,0,1
5681,0,49,1,0
5682,1,50,0,1
5683,2,51,0,1
5684,3,52,0,1
5685,4,53,0,1
5686,5,54,0,1
5687,6,55,0,1
5688,7,56,0,1
5689,0,57,1,0
5690,1,58,0,1
5691,2,59,0,1
5692,3,60,0,1
5693,4,61,0,1
5694,5,62,0,1
5695,6,63,0,1
5696,7,64,0,1
5697,0,1,1,0
5698,1,2,0,1
5699,2,3,0,1
5700,3,4,0,1
5701,4,5,0,1
5702,5,6,0,1
5703,6,7,0,1
5704,7,8,0,1
5705,0,9,1,0
5706,1,10,0,1
5707,2,11,0,1
5708,3,12,0,1
5709,4,13,0,1
5710,5,14,0,1
5711,6,15,0,1
5712,7,16,0,1
5713,0,17,1,0
5714,1,18,0,1
5715,2,19,0,1
5716,3,20,0,1
5717,4,21,0,1
5718,5,22,0,1
5719,6,23,0,1
5720,7,24,0,1
5721,0,25,1,0
5722,1,26,0,1
5723,2,27,0,1
5724,3,28,0,1
5725,4,29,0,1
5726,5,30,0,1
5727,6,31,0,1
5728,7,32,0,1
5729,0,33,1,0
5730,1,34,0,1
5731,2,35,0,1
5732,3,36,0,1
5733,4,37,0,1
5734,5,38,0,1
5735,6,39,0,1
5736,7,40,0,1
5737,0,41,1,0
5738,1,42,0,1
5739,2,43,0,1
5740,3,44,0,1
5741,4,45,0,1
5742,5,46,0,1
5743,6,47,0,1
5744,7,48,0,1
5745,0,49,1,0
5746,1,50,0,1
5747,2,51,0,1
5748,3,52,0,1
5749,4,53,0,1
5750,5,54,0,1
5751,6,55,0,1
5752,7,56,0,1
5753,0,57,1,0
5754,1,58,0,1
5755,2,59,0,1
5756,3,60,0,1
5757,4,61,0,1
5758,5,62,0,1
5759,6,63,0,1
5760,7,64,0,1
5761,0,1,1,0
5762,1,2,0,1
5763,2,3,0,1
5764,3,4,0,1
5765,4,5,0,1
5766,5,6,0,1
5767,6,7,0,1
5768,7,8,0,1
5769,0,9,1,0
5770,1,10,0,1
5771,2,11,0,1
5772,3,12,0,1
5773,4,13,0,1
5774,5,14,0,1
5775,6,15,0,1
5776,7,16,0,1
5777,0,17,1,0
5778,1,18,0,1
5779,2,19,0,1
5780,3,20,0,1
5781,4,21,0,1
5782,5,22,0,1
5783,6,23,0,1
5784,7,24,0,1
5785,0,25,1,0
5786,1,26,0,1
5787,2,27,0,1
5788,3,28,0,1
5789,4,29,0,1
5790,5,30,0,1
5791,6,31,0,1
5792,7,32,0,1
5793,0,33,1,0
5794,1,34,0,1
5795,2,35,0,1
5796,3,36,0,1
5797,4,37,0,1
5798,5,38,0,1
5799,6,39,0,1
5800,7,40,0,1
5801,0,41,1,0
5802,1,42,0,1
5803,2,43,0,1
5804,3,44,0,1
5805,4,45,0,1
5806,5,46,0,1
5807,6,47,0,1
5808,7,48,0,1
5809,0,49,1,0
5810,1,50,0,1
5811,2,51,0,1
5812,3,52,0,1
5813,4,53,0,1
5814,5,54,0,1
5815,6,55,0,1
5816,7,56,0,1
5817,0,57,1,0
5818,1,58,0,1
5819,2,59,0,1
5820,3,60,0,1
5821,4,61,0,1
5822,5,62,0,1
5823,6,63,0,1
5824,7,64,0,1
5825,0,1,1,0
5826,1,2,0,1
5827,2,3,0,1
5828,3,4,0,1
5829,4,5,0,1
5830,5,6,0,1
5831,6,7,0,1
5832,7,8,0,1
5833,0,9,1,0
5834,1,10,0,1
5835,2,11,0,1
5836,3,12,0,1
5837,4,13,0,1
5838,5,14,0,1
5839,6,15,0,1
5840,7,16,0,1
5841,0,17,1,0
5842,1,18,0,1
5843,2,19,0,1
5844,3,20,0,1
5845,4,21,0,1
5846,5,22,0,1
5847,6,23,0,1
5848,7,24,0,1
5849,0,25,1,0
5850,1,26,0,1
5851,2,27,0,1
5852,3,28,0,1
5853,4,29,0,1
5854,5,30,0,1
5855,6,31,0,1
5856,7,32,0,1
5857,0,33,1,0
5858,1,34,0,1
5859,2,35,0,1
5860,3,36,0,1
5861,4,37,0,1
5862,5,38,0,1
5863,6,39,0,1
5864,7,40,0,1
5865,0,41,1,0
5866,1,42,0,1
5867,2,43,0,1
5868,3,44,0,1
5869,4,45,0,1
5870,5,46,0,1
5871,6,47,0,1
5872,7,48,0,1
5873,0,49,1,0
5874,1,50,0,1
5875,2,51,0,1
5876,3,52,0,1
5877,4,53,0,1
5878,5,54,0,1
5879,6,55,0,1
5880,7,56,0,1
5881,0,57,1,0
5882,1,58,0,1
5883,2,59,0,1
5884,3,60,0,1
5885,4,61,0,1
5886,5,62,0,1
5887,6,63,0,1
5888,7,64,0,1
5889,0,1,1,0
5890,1,2,0,1
5891,2,3,0,1
5892,3,4,0,1
5893,4,5,0,1
5894,5,6,0,1
5895,6,7,0,1
5896,7,8,0,1
5897,0,9,1,0
5898,1,10,0,1
5899,2,11,0,1
5900,3,12,0,1
5901,4,13,0,1
5902,5,14,0,1
5903,6,15,0,1
5904,7,16,0,1
5905,0,17,1,0
5906,1,18,0,1
5907,2,19,0,1
5908,3,20,0,1
5909,4,21,0,1
5910,5,22,0,1
5911,6,23,0,1
5912,7,24,0,1
5913,0,25,1,0
5914,1,26,0,1
5915,2,27,0,1
5916,3,28,0,1
5917,4,29,0,1
5918,5,30,0,1
5919,6,31,0,1
5920,7,32,0,1
5921,0,33,1,0
5922,1,34,0,1
5923,2,35,0,1
5924,3,36,0,1
5925,4,37,0,1
5926,5,38,0,1
5927,6,39,0,1
5928,7,40,0,1
5929,0,41,1,0
5930,1,42,0,1
5931,2,43,0,1
5932,3,44,0,1
5933,4,45,0,1
5934,5,46,0,1
5935,6,47,0,1
5936,7,48,0,1
5937,0,49,1,0
5938,1,50,0,1
5939,2,51,0,1
5940,3,52,0,1
5941,4,53,0,1
5942,5,54,0,1
5943,6,55,0,1
5944,7,56,0,1
5945,0,57,1,0
5946,1,58,0,1
5947,2,59,0,1
5948,3,60,0,1
5949,4,61,0,1
5950,5,62,0,1
5951,6,63,0,1
5952,7,64,0,1
5953,0,1,1,0
5954,1,2,0,1
5955,2,3,0,1
5956,3,4,0,1
5957,4,5,0,1
5958,5,6,0,1
5959,6,7,0,1
5960,7,8,0,1
5961,0,9,1,0
5962,1,10,0,1
5963,2,11,0,1
5964,3,12,0,1
5965,4,13,0,1
5966,5,14,0,1
5967,6,15,0,1
5968,7,16,0,1
5969,0,17,1,0
5970,1,18,0,1
5971,2,19,0,1
5972,3,20,0,1
5973,4,21,0,1
5974,5,22,0,1
5975,6,23,0,1
5976,7,24,0,1
5977,0,25,1,0
5978,1,26,0,1
5979,2,27,0,1
5980,3,28,0,1
5981,4,29,0,1
5982,5,30,0,1
5983,6,31,0,1
5984,7,32,0,1
5985,0,33,1,0
5986,1,34,0,1
5987,2,35,0,1
5988,3,36,0,1
5989,4,37,0,1
5990,5,38,0,1
5991,6,39,0,1
5992,7,40,0,1
5993,0,41,1,0
5994,1,42,0,1
5995,2,43,0,1
5996,3,44,0,1
5997,4,45,0,1
5998,5,46,0,1
5999,6,47,0,1
6000,7,48,0,1
6001,0,49,1,0
6002,1,50,0,1
6003,2,51,0,1
6004,3,52,0,1
6005,4,53,0,1
6006,5,54,0,1
6007,6,55,0,1
6008,7,56,0,1
6009,0,57,1,0
6010,1,58,0,1
6011,2,59,0,1
6012,3,60,0,1
6013,4,61,0,1
6014,5,62,0,1
6015,6,63,0,1
6016,7,64,0,1
6017,0,1,1,0
6018,1,2,0,1
6019,2,3,0,1
6020,3,4,0,1
6021,4,5,0,1
6022,5,6,0,1
6023,6,7,0,1
6024,7,8,0,1
6025,0,9,1,0
6026,1,10,0,1
6027,2,11,0,1
6028,3,12,0,1
6029,4,13,0,1
6030,5,14,0,1
6031,6,15,0,1
6032,7,16,0,1
6033,0,17,1,0
6034,1,18,0,1
6035,2,19,0,1
6036,3,20,0,1
6037,4,21,0,1
6038,5,22,0,1
6039,6,23,0,1
6040,7,24,0,1
6041,0,25,1,0
6042,1,26,0,1
6043,2,27,0,1
6044,3,28,0,1
6045,4,29,0,1
6046,5,30,0,1
6047,6,31,0,1
6048,7,32,0,1
6049,0,33,1,0
6050,1,34,0,1
6051,2,35,0,1
6052,3,36,0,1
6053,4,37,0,1
6054,5,38,0,1
6055,6,39,0,1
6056,7,40,0,1
6057,0,41,1,0
6058,1,42,0,1
6059,2,43,0,1
6060,3,44,0,1
6061,4,45,0,1
6062,5,46,0,1
6063,6,47,0,1
6064,7,48,0,1
6065,0,49,1,0
6066,1,50,0,1
6067,2,51,0,1
6068,3,52,0,1
6069,4,53,0,1
6070,5,54,0,1
6071,6,55,0,1
6072,7,56,0,1
6073,0,57,1,0
6074,1,58,0,1
6075,2,59,0,1
6076,3,60,0,1
6077,4,61,0,1
6078,5,62,0,1
6079,6,63,0,1
6080,7,64,0,1
6081,0,1,1,0
6082,1,2,0,1
6083,2,3,0,1
6084,3,4,0,1
6085,4,5,0,1
6086,5,6,0,1
6087,6,7,0,1
6088,7,8,0,1
6089,0,9,1,0
6090,1,10,0,1
6091,2,11,0,1
6092,3,12,0,1
6093,4,13,0,1
6094,5,14,0,1
6095,6,15,0,1
6096,7,16,0,1
6097,0,17,1,0
6098,1,18,0,1
6099,2,19,0,1
6100,3,20,0,1
6101,4,21,0,1
6102,5,22,0,1
6103,6,23,0,1
6104,7,24,0,1
6105,0,25,1,0
6106,1,26,0,1
6107,2,27,0,1
6108,3,28,0,1
6109,4,29,0,1
6110,5,30,0,1
6111,6,31,0,1
6112,7,32,0,1
6113,0,33,1,0
6114,1,34,0,1
6115,2,35,0,1
6116,3,36,0,1
6117,4,37,0,1
6118,5,38,0,1
6119,6,39,0,1
6120,7,40,0,1
6121,0,41,1,0
6122,1,42,0,1
6123,2,43,0,1
6124,3,44,0,1
6125,4,45,0,1
6126,5,46,0,1
6127,6,47,0,1
6128,7,48,0,1
6129,0,49,1,0
6130,1,50,0,1
6131,2,51,0,1
6132,3,52,0,1
6133,4,53,0,1
6134,5,54,0,1
6135,6,55,0,1
6136,7,56,0,1
6137,0,57,1,0
6138,1,58,0,1
6139,2,59,0,1
6140,3,60,0,1
6141,4,61,0,1
6142,5,62,0,1
6143,6,63,0,1
6144,7,64,0,1
6145,0,1,1,0
6146,1,2,0,1
6147,2,3,0,1
6148,3,4,0,1
6149,4,5,0,1
6150,5,6,0,1
6151,6,7,0,1
6152,7,8,0,1
6153,0,9,1,0
6154,1,10,0,1
6155,2,11,0,1
6156,3,12,0,1
6157,4,13,0,1
6158,5,14,0,1
6159,6,15,0,1
6160,7,16,0,1
6161,0,17,1,0
6162,1,18,0,1
6163,2,19,0,1
6164,3,20,0,1
6165,4,21,0,1
6166,5,22,0,1
6167,6,23,0,1
6168,7,24,0,1
6169,0,25,1,0
6170,1,26,0,1
6171,2,27,0,1
6172,3,28,0,1
6173,4,29,0,1
6174,5,30,0,1
6175,6,31,0,1
6176,7,32,0,1
6177,0,33,1,0
6178,1,34,0,1
6179,2,35,0,1
6180,3,36,0,1
6181,4,37,0,1
6182,5,38,0,1
6183,6,39,0,1
6184,7,40,0,1
6185,0,41,1,0
6186,1,42,0,1
6187,2,43,0,1
6188,3,44,0,1
6189,4,45,0,1
6190,5,46,0,1
6191,6,47,0,1
6192,7,48,0,1
6193,0,49,1,0
6194,1,50,0,1
6195,2,51,0,1
6196,3,52,0,1
6197,4,53,0,1
6198,5,54,0,1
6199,6,55,0,1
6200,7,56,0,1
6201,0,57,1,0
6202,1,58,0,1
6203,2,59,0,1
6204,3,60,0,1
6205,4,61,0,1
6206,5,62,0,1
6207,6,63,0,1
6208,7,64,0,1
6209,0,1,1,0
6210,1,2,0,1
6211,2,3,0,1
6212,3,4,0,1
6213,4,5,0,1
6214,5,6,0,1
6215,6,7,0,1
6216,7,8,0,1
6217,0,9,1,0
6218,1,10,0,1
6219,2,11,0,1
6220,3,12,0,1
6221,4,13,0,1
6222,5,14,0,1
6223,6,15,0,1
6224,7,16,0,1
6225,0,17,1,0
6226,1,18,0,1
6227,2,19,0,1
6228,3,20,0,1
6229,4,21,0,1
6230,5,22,0,1
6231,6,23,0,1
6232,7,24,0,1
6233,0,25,1,0
6234,1,26,0,1
6235,2,27,0,1
6236,3,28,0,1
6237,4,29,0,1
6238,5,30,0,1
6239,6,31,0,1
6240,7,32,0,1
6241,0,33,1,0
6242,1,34,0,1
6243,2,35,0,1
6244,3,36,0,1
6245,4,37,0,1
6246,5,38,0,1
6247,6,39,0,1
6248,7,40,0,1
6249,0,41,1,0
6250,1,42,0,1
6251,2,43,0,1
6252,3,44,0,1
6253,4,45,0,1
6254,5,46,0,1
6255,6,47,0,1
6256,7,48,0,1
6257,0,49,1,0
6258,1,50,0,1
6259,2,51,0,1
6260,3,52,0,1
6261,4,53,0,1
6262,5,54,0,1
6263,6,55,0,1
6264,7,56,0,1
6265,0,57,1,0
6266,1,58,0,1
6267,2,59,0,1
6268,3,60,0,1
6269,4,61,0,1
6270,5,62,0,1
6271,6,63,0,1
6272,7,64,0,1
6273,0,1,1,0
6274,1,2,0,1
6275,2,3,0,1
6276,3,4,0,1
6277,4,5,0,1
6278,5,6,0,1
6279,6,7,0,1
6280,7,8,0,1
6281,0,9,1,0
6282,1,10,0,1
6283,2,11,0,1
6284,3,12,0,1
6285,4,13,0,1
6286,5,14,0,1
6287,6,15,0,1
6288,7,16,0,1
6289,0,17,1,0
6290,1,18,0,1
6291,2,19,0,1
6292,3,20,0,1
6293,4,21,0,1
6294,5,22,0,1
6295,6,23,0,1
6296,7,24,0,1
6297,0,25,1,0
6298,1,26,0,1
6299,2,27,0,1
6300,3,28,0,1
6301,4,29,0,1
6302,5,30,0,1
6303,6,31,0,1
6304,7,32,0,1
6305,0,33,1,0
6306,1,34,0,1
6307,2,35,0,1
6308,3,36,0,1
6309,4,37,0,1
6310,5,38,0,1
6311,6,39,0,1
6312,7,40,0,1
6313,0,41,1,0
6314,1,42,0,1
6315,2,43,0,1
6316,3,44,0,1
6317,4,45,0,1
6318,5,46,0,1
6319,6,47,0,1
6320,7,48,0,1
6321,0,49,1,0
6322,1,50,0,1
6323,2,51,0,1
6324,3,52,0,1
6325,4,53,0,1
6326,5,54,0,1
6327,6,55,0,1
6328,7,56,0,1
6329,0,57,1,0
6330,1,58,0,1
6331,2,59,0,1
6332,3,60,0,1
6333,4,61,0,1
6334,5,62,0,1
6335,6,63,0,1
6336,7,64,0,1
6337,0,1,1,0
6338,1,2,0,1
6339,2,3,0,1
6340,3,4,0,1
6341,4,5,0,1
6342,5,6,0,1
6343,6,7,0,1
6344,7,8,0,1
6345,0,9,1,0
6346,1,10,0,1
6347,2,11,0,1
6348,3,12,0,1
6349,4,13,0,1
6350,5,14,0,1
6351,6,15,0,1
6352,7,16,0,1
6353,0,17,1,0
6354,1,18,0,1
6355,2,19,0,1
6356,3,20,0,1
6357,4,21,0,1
6358,5,22,0,1
6359,6,23,0,1
6360,7,24,0,1
6361,0,25,1,0
6362,1,26,0,1
6363,2,27,0,1
6364,3,28,0,1
6365,4,29,0,1
6366,5,30,0,1
6367,6,31,0,1
6368,7,32,0,1
6369,0,33,1,0
6370,1,34,0,1
6371,2,35,0,1
6372,3,36,0,1
6373,4,37,0,1
6374,5,38,0,1
6375,6,39,0,1
6376,7,40,0,1
6377,0,41,1,0
6378,1,42,0,1
6379,2,43,0,1
6380,3,44,0,1
6381,4,45,0,1
6382,5,46,0,1
6383,6,47,0,1
6384,7,48,0,1
6385,0,49,1,0
6386,1,50,0,1
6387,2,51,0,1
6388,3,52,0,1
6389,4,53,0,1
6390,5,54,0,1
6391,6,55,0,1
6392,7,56,0,1
6393,0,57,1,0
6394,1,58,0,1
6395,2,59,0,1
6396,3,60,0,1
6397,4,61,0,1
6398,5,62,0,1
6399,6,63,0,1
6400,7,64,0,1
6401,0,1,1,0
6402,1,2,0,1
6403,2,3,0,1
6404,3,4,0,1
6405,4,5,0,1
6406,5,6,0,1
6407,6,7,0,1
6408,7,8,0,1
6409,0,9,1,0
6410,1,10,0,1
6411,2,11,0,1
6412,3,12,0,1
6413,4,13,0,1
6414,5,14,0,1
6415,6,15,0,1
6416,7,16,0,1
6417,0,17,1,0
6418,1,18,0,1
6419,2,19,0,1
6420,3,20,0,1
6421,4,21,0,1
6422,5,22,0,1
6423,6,23,0,1
6424,7,24,0,1
6425,0,25,1,0
6426,1,26,0,1
6427,2,27,0,1
6428,3,28,0,1
6429,4,29,0,1
6430,5,30,0,1
6431,6,31,0,1
6432,7,32,0,1
6433,0,33,1,0
6434,1,34,0,1
6435,2,35,0,1
6436,3,36,0,1
6437,4,37,0,1
6438,5,38,0,1
6439,6,39,0,1
6440,7,40,0,1
6441,0,41,1,0
6442,1,42,0,1
6443,2,43,0,1
6444,3,44,0,1
6445,4,45,0,1
6446,5,46,0,1
6447,6,47,0,1
6448,7,48,0,1
6449,0,49,1,0
6450,1,50,0,1
6451,2,51,0,1
6452,3,52,0,1
6453,4,53,0,1
6454,5,54,0,1
6455,6,55,0,1
6456,7,56,0,1
6457,0,57,1,0
6458,1,58,0,1
6459,2,59,0,1
6460,3,60,0,1
6461,4,61,0,1
6462,5,62,0,1
6463,6,63,0,1
6464,7,64,0,1
6465,0,1,1,0
6466,1,2,0,1
6467,2,3,0,1
6468,3,4,0,1
6469,4,5,0,1
6470,5,6,0,1
6471,6,7,0,1
6472,7,8,0,1
6473,0,9,1,0
6474,1,10,0,1
6475,2,11,0,1
6476,3,12,0,1
6477,4,13,0,1
6478,5,14,0,1
6479,6,15,0,1
6480,7,16,0,1
6481,0,17,1,0
6482,1,18,0,1
6483,2,19,0,1
6484,3,20,0,1
6485,4,21,0,1
6486,5,22,0,1
6487,6,23,0,1
6488,7,24,0,1
6489,0,25,1,0
6490,1,26,0,1
6491,2,27,0,1
6492,3,28,0,1
6493,4,29,0,1
6494,5,30,0,1
6495,6,31,0,1
6496,7,32,0,1
6497,0,33,1,0
6498,1,34,0,1
6499,2,35,0,1
6500,3,36,0,1
6501,4,37,0,1
6502,5,38,0,1
6503,6,39,0,1
6504,7,40,0,1
6505,0,41,1,0
6506,1,42,0,1
6507,2,43,0,1
6508,3,44,0,1
6509,4,45,0,1
6510,5,46,0,1
6511,6,47,0,1
6512,7,48,0,1
6513,0,49,1,0
6514,1,50,0,1
6515,2,51,0,1
6516,3,52,0,1
6517,4,53,0,1
6518,5,54,0,1
6519,6,55,0,1
6520,7,56,0,1
6521,0,57,1,0
6522,1,58,0,1
6523,2,59,0,1
6524,3,60,0,1
6525,4,61,0,1
6526,5,62,0,1
6527,6,63,0,1
6528,7,64,0,1
6529,0,1,1,0
6530,1,2,0,1
6531,2,3,0,1
6532,3,4,0,1
6533,4,5,0,1
6534,5,6,0,1
6535,6,7,0,1
6536,7,8,0,1
6537,0,9,1,0
6538,1,10,0,1
6539,2,11,0,1
6540,3,12,0,1
6541,4,13,0,1
6542,5,14,0,1
6543,6,15,0,1
6544,7,16,0,1
6545,0,17,1,0
6546,1,18,0,1
6547,2,19,0,1
6548,3,20,0,1
6549,4,21,0,1
6550,5,22,0,1
6551,6,23,0,1
6552,7,24,0,1
6553,0,25,1,0
6554,1,26,0,1
6555,2,27,0,1
6556,3,28,0,1
6557,4,29,0,1
6558,5,30,0,1
6559,6,31,0,1
6560,7,32,0,1
6561,0,33,1,0
6562,1,34,0,1
6563,2,35,0,1
6564,3,36,0,1
6565,4,37,0,1
6566,5,38,0,1
6567,6,39,0,1
6568,7,40,0,1
6569,0,41,1,0
6570,1,42,0,1
6571,2,43,0,1
6572,3,44,0,1
6573,4,45,0,1
6574,5,46,0,1
6575,6,47,0,1
6576,7,48,0,1
6577,0,49,1,0
6578,1,50,0,1
6579,2,51,0,1
6580,3,52,0,1
6581,4,53,0,1
6582,5,54,0,1
6583,6,55,0,1
6584,7,56,0,1
6585,0,57,1,0
6586,1,58,0,1
6587,2,59,0,1
6588,3,60,0,1
6589,4,61,0,1
6590,5,62,0,1
6591,6,63,0,1
6592,7,64,0,1
6593,0,1,1,0
6594,1,2,0,1
6595,2,3,0,1
6596,3,4,0,1
6597,4,5,0,1
6598,5,6,0,1
6599,6,7,0,1
6600,7,8,0,1
6601,0,9,1,0
6602,1,10,0,1
6603,2,11,0,1
6604,3,12,0,1
6605,4,13,0,1
6606,5,14,0,1
6607,6,15,0,1
6608,7,16,0,1
6609,0,17,1,0
6610,1,18,0,1
6611,2,19,0,1
6612,3,20,0,1
6613,4,21,0,1
6614,5,22,0,1
6615,6,23,0,1
6616,7,24,0,1
6617,0,25,1,0
6618,1,26,0,1
6619,2,27,0,1
6620,3,28,0,1
6621,4,29,0,1
6622,5,30,0,1
6623,6,31,0,1
6624,7,32,0,1
6625,0,33,1,0
6626,1,34,0,1
6627,2,35,0,1
6628,3,36,0,1
6629,4,37,0,1
6630,5,38,0,1
6631,6,39,0,1
6632,7,40,0,1
6633,0,41,1,0
6634,1,42,0,1
6635,2,43,0,1
6636,3,44,0,1
6637,4,45,0,1
6638,5,46,0,1
6639,6,47,0,1
6640,7,48,0,1
6641,0,49,1,0
6642,1,50,0,1
6643,2,51,0,1
6644,3,52,0,1
6645,4,53,0,1
6646,5,54,0,1
6647,6,55,0,1
6648,7,56,0,1
6649,0,57,1,0
6650,1,58,0,1
6651,2,59,0,1
6652,3,60,0,1
6653,4,61,0,1
6654,5,62,0,1
6655,6,63,0,1
6656,7,64,0,1
6657,0,1,1,0
6658,1,2,0,1
6659,2,3,0,1
6660,3,4,0,1
6661,4,5,0,1
6662,5,6,0,1
6663,6,7,0,1
6664,7,8,0,1
6665,0,9,1,0
6666,1,10,0,1
6667,2,11,0,1
6668,3,12,0,1
6669,4,13,0,1
6670,5,14,0,1
6671,6,15,0,1
6672,7,16,0,1
6673,0,17,1,0
6674,1,18,0,1
6675,2,19,0,1
6676,3,20,0,1
6677,4,21,0,1
6678,5,22,0,1
6679,6,23,0,1
6680,7,24,0,1
6681,0,25,1,0
6682,1,26,0,1
6683,2,27,0,1
6684,3,28,0,1
6685,4,29,0,1
6686,5,30,0,1
6687,6,31,0,1
6688,7,32,0,1
6689,0,33,1,0
6690,1,34,0,1
6691,2,35,0,1
6692,3,36,0,1
6693,4,37,0,1
6694,5,38,0,1
6695,6,39,0,1
6696,7,40,0,1
6697,0,41,1,0
6698,1,42,0,1
6699,2,43,0,1
6700,3,44,0,1
6701,4,45,0,1
6702,5,46,0,1
6703,6,47,0,1
6704,7,48,0,1
6705,0,49,1,0
6706,1,50,0,1
6707,2,51,0,1
6708,3,52,0,1
6709,4,53,0,1
6710,5,54,0,1
6711,6,55,0,1
6712,7,56,0,1
6713,0,57,1,0
6714,1,58,0,1
6715,2,59,0,1
6716,3,60,0,1
6717,4,61,0,1
6718,5,62,0,1
6719,6,63,0,1
6720,7,64,0,1
6721,0,1,1,0
6722,1,2,0,1
6723,2,3,0,1
6724,3,4,0,1
6725,4,5,0,1
6726,5,6,0,1
6727,6,7,0,1
6728,7,8,0,1
6729,0,9,1,0
6730,1,10,0,1
6731,2,11,0,1
6732,3,12,0,1
6733,4,13,0,1
6734,5,14,0,1
6735,6,15,0,1
6736,7,16,0,1
6737,0,17,1,0
6738,1,18,0,1
6739,2,19,0,1
6740,3,20,0,1
6741,4,21,0,1
6742,5,22,0,1
6743,6,23,0,1
6744,7,24,0,1
6745,0,25,1,0
6746,1,26,0,1
6747,2,27,0,1
6748,3,28,0,1
6749,4,29,0,1
6750,5,30,0,1
6751,6,31,0,1
6752,7,32,0,1
6753,0,33,1,0
6754,1,34,0,1
6755,2,35,0,1
6756,3,36,0,1
6757,4,37,0,1
6758,5,38,0,1
6759,6,39,0,1
6760,7,40,0,1
6761,0,41,1,0
6762,1,42,0,1
6763,2,43,0,1
6764,3,44,0,1
6765,4,45,0,1
6766,5,46,0,1
6767,6,47,0,1
6768,7,48,0,1
6769,0,49,1,0
6770,1,50,0,1
6771,2,51,0,1
6772,3,52,0,1
6773,4,53,0,1
6774,5,54,0,1
6775,6,55,0,1
6776,7,56,0,1
6777,0,57,1,0
6778,1,58,0,1
6779,2,59,0,1
6780,3,60,0,1
6781,4,61,0,1
6782,5,62,0,1
6783,6,63,0,1
6784,7,64,0,1
6785,0,1,1,0
6786,1,2,0,1
6787,2,3,0,1
6788,3,4,0,1
6789,4,5,0,1
6790,5,6,0,1
6791,6,7,0,1
6792,7,8,0,1
6793,0,9,1,0
6794,1,10,0,1
6795,2,11,0,1
6796,3,12,0,1
6797,4,13,0,1
6798,5,14,0,1
6799,6,15,0,1
6800,7,16,0,1
6801,0,17,1,0
6802,1,18,0,1
6803,2,19,0,1
6804,3,20,0,1
6805,4,21,0,1
6806,5,22,0,1
6807,6,23,0,1
6808,7,24,0,1
6809,0,25,1,0
6810,1,26,0,1
6811,2,27,0,1
6812,3,28,0,1
6813,4,29,0,1
6814,5,30,0,1
6815,6,31,0,1
6816,7,32,0,1
6817,0,33,1,0
6818,1,34,0,1
6819,2,35,0,1
6820,3,36,0,1
6821,4,37,0,1
6822,5,38,0,1
6823,6,39,0,1
6824,7,40,0,1
6825,0,41,1,0
6826,1,42,0,1
6827,2,43,0,1
6828,3,44,0,1
6829,4,45,0,1
6830,5,46,0,1
6831,6,47,0,1
6832,7,48,0,1
6833,0,49,1,0
6834,1,50,0,1
6835,2,51,0,1
6836,3,52,0,1
6837,4,53,0,1
6838,5,54,0,1
6839,6,55,0,1
6840,7,56,0,1
6841,0,57,1,0
6842,1,58,0,1
6843,2,59,0,1
6844,3,60,0,1
6845,4,61,0,1
6846,5,62,0,1
6847,6,63,0,1
6848,7,64,0,1
6849,0,1,1,0
6850,1,2,0,1
6851,2,3,0,1
6852,3,4,0,1
6853,4,5,0,1
6854,5,6,0,1
6855,6,7,0,1
6856,7,8,0,1
6857,0,9,1,0
6858,1,10,0,1
6859,2,11,0,1
6860,3,12,0,1
6861,4,13,0,1
6862,5,14,0,1
6863,6,15,0,1
6864,7,16,0,1
6865,0,17,1,0
6866,1,18,0,1
6867,2,19,0,1
6868,3,20,0,1
6869,4,21,0,1
6870,5,22,0,1
6871,6,23,0,1
6872,7,24,0,1
6873,0,25,1,0
6874,1,26,0,1
6875,2,27,0,1
6876,3,28,0,1
6877,4,29,0,1
6878,5,30,0,1
6879,6,31,0,1
6880,7,32,0,1
6881,0,33,1,0
6882,1,34,0,1
6883,2,35,0,1
6884,3,36,0,1
6885,4,37,0,1
6886,5,38,0,1
6887,6,39,0,1
6888,7,40,0,1
6889,0,41,1,0
6890,1,42,0,1
6891,2,43,0,1
6892,3,44,0,1
6893,4,45,0,1
6894,5,46,0,1
6895,6,47,0,1
6896,7,48,0,1
6897,0,49,1,0
6898,1,50,0,1
6899,2,51,0,1
6900,3,52,0,1
6901,4,53,0,1
6902,5,54,0,1
6903,6,55,0,1
6904,7,56,0,1
6905,0,57,1,0
6906,1,58,0,1
6907,2,59,0,1
6908,3,60,0,1
6909,4,61,0,1
6910,5,62,0,1
6911,6,63,0,1
6912,7,64,0,1
6913,0,1,1,0
6914,1,2,0,1
6915,2,3,0,1
6916,3,4,0,1
6917,4,5,0,1
6918,5,6,0,1
6919,6,7,0,1
6920,7,8,0,1
6921,0,9,1,0
6922,1,10,0,1
6923,2,11,0,1
6924,3,12,0,1
6925,4,13,0,1
6926,5,14,0,1
6927,6,15,0,1
6928,7,16,0,1
6929,0,17,1,0
6930,1,18,0,1
6931,2,19,0,1
6932,3,20,0,1
6933,4,21,0,1
6934,5,22,0,1
6935,6,23,0,1
6936,7,24,0,1
6937,0,25,1,0
6938,1,26,0,1
6939,2,27,0,1
6940,3,28,0,1
6941,4,29,0,1
6942,5,30,0,1
6943,6,31,0,1
6944,7,32,0,1
6945,0,33,1,0
6946,1,34,0,1
6947,2,35,0,1
6948,3,36,0,1
6949,4,37,0,1
6950,5,38,0,1
6951,6,39,0,1
6952,7,40,0,1
6953,0,41,1,0
6954,1,42,0,1
6955,2,43,0,1
6956,3,44,0,1
6957,4,45,0,1
6958,5,46,0,1
6959,6,47,0,1
6960,7,48,0,1
6961,0,49,1,0
6962,1,50,0,1
6963,2,51,0,1
6964,3,52,0,1
6965,4,53,0,1
6966,5,54,0,1
6967,6,55,0,1
6968,7,56,0,1
6969,0,57,1,0
6970,1,58,0,1
6971,2,59,0,1
6972,3,60,0,1
6973,4,61,0,1
6974,5,62,0,1
6975,6,63,0,1
6976,7,64,0,1
6977,0,1,1,0
6978,1,2,0,1
6979,2,3,0,1
6980,3,4,0,1
6981,4,5,0,1
6982,5,6,0,1
6983,6,7,0,1
6984,7,8,0,1
6985,0,9,1,0
6986,1,10,0,1
6987,2,11,0,1
6988,3,12,0,1
6989,4,13,0,1
6990,5,14,0,1
6991,6,15,0,1
6992,7,16,0,1
6993,0,17,1,0
6994,1,18,0,1
6995,2,19,0,1
6996,3,20,0,1
6997,4,21,0,1
6998,5,22,0,1
6999,6,23,0,1
7000,7,24,0,1
7001,0,25,1,0
7002,1,26,0,1
7003,2,27,0,1
7004,3,28,0,1
7005,4,29,0,1
7006,5,30,0,1
7007,6,31,0,1
7008,7,32,0,1
7009,0,33,1,0
7010,1,34,0,1
7011,2,35,0,1
7012,3,36,0,1
7013,4,37,0,1
7014,5,38,0,1
7015,6,39,0,1
7016,7,40,0,1
7017,0,41,1,0
7018,1,42,0,1
7019,2,43,0,1
7020,3,44,0,1
7021,4,45,0,1
7022,5,46,0,1
7023,6,47,0,1
7024,7,48,0,1
7025,0,49,1,0
7026,1,50,0,1
7027,2,51,0,1
7028,3,52,0,1
7029,4,53,0,1
7030,5,54,0,1
7031,6,55,0,1
7032,7,56,0,1
7033,0,57,1,0
7034,1,58,0,1
7035,2,59,0,1
7036,3,60,0,1
7037,4,61,0,1
7038,5,62,0,1
7039,6,63,0,1
7040,7,64,0,1
7041,0,1,1,0
7042,1,2,0,1
7043,2,3,0,1
7044,3,4,0,1
7045,4,5,0,1
7046,5,6,0,1
7047,6,7,0,1
7048,7,8,0,1
7049,0,9,1,0
7050,1,10,0,1
7051,2,11,0,1
7052,3,12,0,1
7053,4,13,0,1
7054,5,14,0,1
7055,6,15,0,1
7056,7,16,0,1
7057,0,17,1,0
7058,1,18,0,1
7059,2,19,0,1
7060,3,20,0,1
7061,4,21,0,1
7062,5,22,0,1
7063,6,23,0,1
7064,7,24,0,1
7065,0,25,1,0
7066,1,26,0,1
7067,2,27,0,1
7068,3,28,0,1
7069,4,29,0,1
7070,5,30,0,1
7071,6,31,0,1
7072,7,32,0,1
7073,0,33,1,0
7074,1,34,0,1
7075,2,35,0,1
7076,3,36,0,1
7077,4,37,0,1
7078,5,38,0,1
7079,6,39,0,1
7080,7,40,0,1
7081,0,41,1,0
7082,1,42,0,1
7083,2,43,0,1
7084,3,44,0,1
7085,4,45,0,1
7086,5,46,0,1
7087,6,47,0,1
7088,7,48,0,1
7089,0,49,1,0
7090,1,50,0,1
7091,2,51,0,1
7092,3,52,0,1
7093,4,53,0,1
7094,5,54,0,1
7095,6,55,0,1
7096,7,56,0,1
7097,0,57,1,0
7098,1,58,0,1
7099,2,59,0,1
7100,3,60,0,1
7101,4,61,0,1
7102,5,62,0,1
7103,6,63,0,1
7104,7,64,0,1
7105,0,1,1,0
7106,1,2,0,1
7107,2,3,0,1
7108,3,4,0,1
7109,4,5,0,1
7110,5,6,0,1
7111,6,7,0,1
7112,7,8,0,1
7113,0,9,1,0
7114,1,10,0,1
7115,2,11,0,1
7116,3,12,0,1
7117,4,13,0,1
7118,5,14,0,1
7119,6,15,0,1
7120,7,16,0,1
7121,0,17,1,0
7122,1,18,0,1
7123,2,19,0,1
7124,3,20,0,1
7125,4,21,0,1
7126,5,22,0,1
7127,6,23,0,1
7128,7,24,0,1
7129,0,25,1,0
7130,1,26,0,1
7131,2,27,0,1
7132,3,28,0,1
7133,4,29,0,1
7134,5,30,0,1
7135,6,31,0,1
7136,7,32,0,1
7137,0,33,1,0
7138,1,34,0,1
7139,2,35,0,1
7140,3,36,0,1
7141,4,37,0,1
7142,5,38,0,1
7143,6,39,0,1
7144,7,40,0,1
7145,0,41,1,0
7146,1,42,0,1
7147,2,43,0,1
7148,3,44,0,1
7149,4,45,0,1
7150,5,46,0,1
7151,6,47,0,1
7152,7,48,0,1
7153,0,49,1,0
7154,1,50,0,1
7155,2,51,0,1
7156,3,52,0,1
7157,4,53,0,1
7158,5,54,0,1
7159,6,55,0,1
7160,7,56,0,1
7161,0,57,1,0
7162,1,58,0,1
7163,2,59,0,1
7164,3,60,0,1
7165,4,61,0,1
7166,5,62,0,1
7167,6,63,0,1
7168,7,64,0,1
7169,0,1,1,0
7170,1,2,0,1
7171,2,3,0,1
7172,3,4,0,1
7173,4,5,0,1
7174,5,6,0,1
7175,6,7,0,1
7176,7,8,0,1
7177,0,9,1,0
7178,1,10,0,1
7179,2,11,0,1
7180,3,12,0,1
7181,4,13,0,1
7182,5,14,0,1
7183,6,15,0,1
7184,7,16,0,1
7185,0,17,1,0
7186,1,18,0,1
7187,2,19,0,1
7188,3,20,0,1
7189,4,21,0,1
7190,5,22,0,1
7191,6,23,0,1
7192,7,24,0,1
7193,0,25,1,0
7194,1,26,0,1
7195,2,27,0,1
7196,3,28,0,1
7197,4,29,0,1
7198,5,30,0,1
7199,6,31,0,1
7200,7,32,0,1
7201,0,33,1,0
7202,1,34,0,1
7203,2,35,0,1
7204,3,36,0,1
7205,4,37,0,1
7206,5,38,0,1
7207,6,39,0,1
7208,7,40,0,1
7209,0,41,1,0
7210,1,42,0,1
7211,2,43,0,1
7212,3,44,0,1
7213,4,45,0,1
7214,5,46,0,1
7215,6,47,0,1
7216,7,48,0,1
7217,0,49,1,0
7218,1,50,0,1
7219,2,51,0,1
7220,3,52,0,1
7221,4,53,0,1
7222,5,54,0,1
7223,6,55,0,1
7224,7,56,0,1
7225,0,57,1,0
7226,1,58,0,1
7227,2,59,0,1
7228,3,60,0,1
7229,4,61,0,1
7230,5,62,0,1
7231,6,63,0,1
7232,7,64,0,1
7233,0,1,1,0
7234,1,2,0,1
7235,2,3,0,1
7236,3,4,0,1
7237,4,5,0,1
7238,5,6,0,1
7239,6,7,0,1
7240,7,8,0,1
7241,0,9,1,0
7242,1,10,0,1
7243,2,11,0,1
7244,3,12,0,1
7245,4,13,0,1
7246,5,14,0,1
7247,6,15,0,1
7248,7,16,0,1
7249,0,17,1,0
7250,1,18,0,1
7251,2,19,0,1
7252,3,20,0,1
7253,4,21,0,1
7254,5,22,0,1
7255,6,23,0,1
7256,7,24,0,1
7257,0,25,1,0
7258,1,26,0,1
7259,2,27,0,1
7260,3,28,0,1
7261,4,29,0,1
7262,5,30,0,1
7263,6,31,0,1
7264,7,32,0,1
7265,0,33,1,0
7266,1,34,0,1
7267,2,35,0,1
7268,3,36,0,1
7269,4,37,0,1
7270,5,38,0,1
7271,6,39,0,1
7272,7,40,0,1
7273,0,41,1,0
7274,1,42,0,1
7275,2,43,0,1
7276,3,44,0,1
7277,4,45,0,1
7278,5,46,0,1
7279,6,47,0,1
7280,7,48,0,1
7281,0,49,1,0
7282,1,50,0,1
7283,2,51,0,1
7284,3,52,0,1
7285,4,53,0,1
7286,5,54,0,1
7287,6,55,0,1
7288,7,56,0,1
7289,0,57,1,0
7290,1,58,0,1
7291,2,59,0,1
7292,3,60,0,1
7293,4,61,0,1
7294,5,62,0,1
7295,6,63,0,1
7296,7,64,0,1
7297,0,1,1,0
7298,1,2,0,1
7299,2,3,0,1
7300,3,4,0,1
7301,4,5,0,1
7302,5,6,0,1
7303,6,7,0,1
7304,7,8,0,1
7305,0,9,1,0
7306,1,10,0,1
7307,2,11,0,1
7308,3,12,0,1
7309,4,13,0,1
7310,5,14,0,1
7311,6,15,0,1
7312,7,16,0,1
7313,0,17,1,0
7314,1,18,0,1
7315,2,19,0,1
7316,3,20,0,1
7317,4,21,0,1
7318,5,22,0,1
7319,6,23,0,1
7320,7,24,0,1
7321,0,25,1,0
7322,1,26,0,1
7323,2,27,0,1
7324,3,28,0,1
7325,4,29,0,1
7326,5,30,0,1
7327,6,31,0,1
7328,7,32,0,1
7329,0,33,1,0
7330,1,34,0,1
7331,2,35,0,1
7332,3,36,0,1
7333,4,37,0,1
7334,5,38,0,1
7335,6,39,0,1
7336,7,40,0,1
7337,0,41,1,0
7338,1,42,0,1
7339,2,43,0,1
7340,3,44,0,1
7341,4,45,0,1
7342,5,46,0,1
7343,6,47,0,1
7344,7,48,0,1
7345,0,49,1,0
7346,1,50,0,1
7347,2,51,0,1
7348,3,52,0,1
7349,4,53,0,1
7350,5,54,0,1
7351,6,55,0,1
7352,7,56,0,1
7353,0,57,1,0
7354,1,58,0,1
7355,2,59,0,1
7356,3,60,0,1
7357,4,61,0,1
7358,5,62,0,1
7359,6,63,0,1
7360,7,64,0,1
7361,0,1,1,0
7362,1,2,0,1
7363,2,3,0,1
7364,3,4,0,1
7365,4,5,0,1
7366,5,6,0,1
7367,6,7,0,1
7368,7,8,0,1
7369,0,9,1,0
7370,1,10,0,1
7371,2,11,0,1
7372,3,12,0,1
7373,4,13,0,1
7374,5,14,0,1
7375,6,15,0,1
7376,7,16,0,1
7377,0,17,1,0
7378,1,18,0,1
7379,2,19,0,1
7380,3,20,0,1
7381,4,21,0,1
7382,5,22,0,1
7383,6,23,0,1
7384,7,24,0,1
7385,0,25,1,0
7386,1,26,0,1
7387,2,27,0,1
7388,3,28,0,1
7389,4,29,0,1
7390,5,30,0,1
7391,6,31,0,1
7392,7,32,0,1
7393,0,33,1,0
7394,1,34,0,1
7395,2,35,0,1
7396,3,36,0,1
7397,4,37,0,1
7398,5,38,0,1
7399,6,39,0,1
7400,7,40,0,1
7401,0,41,1,0
7402,1,42,0,1
7403,2,43,0,1
7404,3,44,0,1
7405,4,45,0,1
7406,5,46,0,1
7407,6,47,0,1
7408,7,48,0,1
7409,0,49,1,0
7410,1,50,0,1
7411,2,51,0,1
7412,3,52,0,1
7413,4,53,0,1
7414,5,54,0,1
7415,6,55,0,1
7416,7,56,0,1
7417,0,57,1,0
7418,1,58,0,1
7419,2,59,0,1
7420,3,60,0,1
7421,4,61,0,1
7422,5,62,0,1
7423,6,63,0,1
7424,7,64,0,1
7425,0,1,1,0
7426,1,2,0,1
7427,2,3,0,1
7428,3,4,0,1
7429,4,5,0,1
7430,5,6,0,1
7431,6,7,0,1
7432,7,8,0,1
7433,0,9,1,0
7434,1,10,0,1
7435,2,11,0,1
7436,3,12,0,1
7437,4,13,0,1
7438,5,14,0,1
7439,6,15,0,1
7440,7,16,0,1
7441,0,17,1,0
7442,1,18,0,1
7443,2,19,0,1
7444,3,20,0,1
7445,4,21,0,1
7446,5,22,0,1
7447,6,23,0,1
7448,7,24,0,1
7449,0,25,1,0
7450,1,26,0,1
7451,2,27,0,1
7452,3,28,0,1
7453,4,29,0,1
7454,5,30,0,1
7455,6,31,0,1
7456,7,32,0,1
7457,0,33,1,0
7458,1,34,0,1
7459,2,35,0,1
7460,3,36,0,1
7461,4,37,0,1
7462,5,38,0,1
7463,6,39,0,1
7464,7,40,0,1
7465,0,41,1,0
7466,1,42,0,1
7467,2,43,0,1
7468,3,44,0,1
7469,4,45,0,1
7470,5,46,0,1
7471,6,47,0,1
7472,7,48,0,1
7473,0,49,1,0
7474,1,50,0,1
7475,2,51,0,1
7476,3,52,0,1
7477,4,53,0,1
7478,5,54,0,1
7479,6,55,0,1
7480,7,56,0,1
7481,0,57,1,0
7482,1,58,0,1
7483,2,59,0,1
7484,3,60,0,1
7485,4,61,0,1
7486,5,62,0,1
7487,6,63,0,1
7488,7,64,0,1
7489,0,1,1,0
7490,1,2,0,1
7491,2,3,0,1
7492,3,4,0,1
7493,4,5,0,1
7494,5,6,0,1
7495,6,7,0,1
7496,7,8,0,1
7497,0,9,1,0
7498,1,10,0,1
7499,2,11,0,1
7500,3,12,0,1
7501,4,13,0,1
7502,5,14,0,1
7503,6,15,0,1
7504,7,16,0,1
7505,0,17,1,0
7506,1,18,0,1
7507,2,19,0,1
7508,3,20,0,1
7509,4,21,0,1
7510,5,22,0,1
7511,6,23,0,1
7512,7,24,0,1
7513,0,25,1,0
7514,1,26,0,1
7515,2,27,0,1
7516,3,28,0,1
7517,4,29,0,1
7518,5,30,0,1
7519,6,31,0,1
7520,7,32,0,1
7521,0,33,1,0
7522,1,34,0,1
7523,2,35,0,1
7524,3,36,0,1
7525,4,37,0,1
7526,5,38,0,1
7527,6,39,0,1
7528,7,40,0,1
7529,0,41,1,0
7530,1,42,0,1
7531,2,43,0,1
7532,3,44,0,1
7533,4,45,0,1
7534,5,46,0,1
7535,6,47,0,1
7536,7,48,0,1
7537,0,49,1,0
7538,1,50,0,1
7539,2,51,0,1
7540,3,52,0,1
7541,4,53,0,1
7542,5,54,0,1
7543,6,55,0,1
7544,7,56,0,1
7545,0,57,1,0
7546,1,58,0,1
7547,2,59,0,1
7548,3,60,0,1
7549,4,61,0,1
7550,5,62,0,1
7551,6,63,0,1
7552,7,64,0,1
7553,0,1,1,0
7554,1,2,0,1
7555,2,3,0,1
7556,3,4,0,1
7557,4,5,0,1
7558,5,6,0,1
7559,6,7,0,1
7560,7,8,0,1
7561,0,9,1,0
7562,1,10,0,1
7563,2,11,0,1
7564,3,12,0,1
7565,4,13,0,1
7566,5,14,0,1
7567,6,15,0,1
7568,7,16,0,1
7569,0,17,1,0
7570,1,18,0,1
7571,2,19,0,1
7572,3,20,0,1
7573,4,21,0,1
7574,5,22,0,1
7575,6,23,0,1
7576,7,24,0,1
7577,0,25,1,0
7578,1,26,0,1
7579,2,27,0,1
7580,3,28,0,1
7581,4,29,0,1
7582,5,30,0,1
7583,6,31,0,1
7584,7,32,0,1
7585,0,33,1,0
7586,1,34,0,1
7587,2,35,0,1
7588,3,36,0,1
7589,4,37,0,1
7590,5,38,0,1
7591,6,39,0,1
7592,7,40,0,1
7593,0,41,1,0
7594,1,42,0,1
7595,2,43,0,1
7596,3,44,0,1
7597,4,45,0,1
7598,5,46,0,1
7599,6,47,0,1
7600,7,48,0,1
7601,0,49,1,0
7602,1,50,0,1
7603,2,51,0,1
7604,3,52,0,1
7605,4,53,0,1
7606,5,54,0,1
7607,6,55,0,1
7608,7,56,0,1
7609,0,57,1,0
7610,1,58,0,1
7611,2,59,0,1
7612,3,60,0,1
7613,4,61,0,1
7614,5,62,0,1
7615,6,63,0,1
7616,7,64,0,1
7617,0,1,1,0
7618,1,2,0,1
7619,2,3,0,1
7620,3,4,0,1
7621,4,5,0,1
7622,5,6,0,1
7623,6,7,0,1
7624,7,8,0,1
7625,0,9,1,0
7626,1,10,0,1
7627,2,11,0,1
7628,3,12,0,1
7629,4,13,0,1
7630,5,14,0,1
7631,6,15,0,1
7632,7,16,0,1
7633,0,17,1,0
7634,1,18,0,1
7635,2,19,0,1
7636,3,20,0,1
7637,4,21,0,1
7638,5,22,0,1
7639,6,23,0,1
7640,7,24,0,1
7641,0,25,1,0
7642,1,26,0,1
7643,2,27,0,1
7644,3,28,0,1
7645,4,29,0,1
7646,5,30,0,1
7647,6,31,0,1
7648,7,32,0,1
7649,0,33,1,0
7650,1,34,0,1
7651,2,35,0,1
7652,3,36,0,1
7653,4,37,0,1
7654,5,38,0,1
7655,6,39,0,1
7656,7,40,0,1
7657,0,41,1,0
7658,1,42,0,1
7659,2,43,0,1
7660,3,44,0,1
7661,4,45,0,1
7662,5,46,0,1
7663,6,47,0,1
7664,7,48,0,1
7665,0,49,1,0
7666,1,50,0,1
7667,2,51,0,1
7668,3,52,0,1
7669,4,53,0,1
7670,5,54,0,1
7671,6,55,0,1
7672,7,56,0,1
7673,0,57,1,0
7674,1,58,0,1
7675,2,59,0,1
7676,3,60,0,1
7677,4,61,0,1
7678,5,62,0,1
7679,6,63,0,1
7680,7,64,0,1
7681,0,1,1,0
7682,1,2,0,1
7683,2,3,0,1
7684,3,4,0,1
7685,4,5,0,1
7686,5,6,0,1
7687,6,7,0,1
7688,7,8,0,1
7689,0,9,1,0
7690,1,10,0,1
7691,2,11,0,1
7692,3,12,0,1
7693,4,13,0,1
7694,5,14,0,1
7695,6,15,0,1
7696,7,16,0,1
7697,0,17,1,0
7698,1,18,0,1
7699,2,19,0,1
7700,3,20,0,1
7701,4,21,0,1
7702,5,22,0,1
7703,6,23,0,1
7704,7,24,0,1
7705,0,25,1,0
7706,1,26,0,1
7707,2,27,0,1
7708,3,28,0,1
7709,4,29,0,1
7710,5,30,0,1
7711,6,31,0,1
7712,7,32,0,1
7713,0,33,1,0
7714,1,34,0,1
7715,2,35,0,1
7716,3,36,0,1
7717,4,37,0,1
7718,5,38,0,1
7719,6,39,0,1
7720,7,40,0,1
7721,0,41,1,0
7722,1,42,0,1
7723,2,43,0,1
7724,3,44,0,1
7725,4,45,0,1
7726,5,46,0,1
7727,6,47,0,1
7728,7,48,0,1
7729,0,49,1,0
7730,1,50,0,1
7731,2,51,0,1
7732,3,52,0,1
7733,4,53,0,1
7734,5,54,0,1
7735,6,55,0,1
7736,7,56,0,1
7737,0,57,1,0
7738,1,58,0,1
7739,2,59,0,1
7740,3,60,0,1
7741,4,61,0,1
7742,5,62,0,1
7743,6,63,0,1
7744,7,64,0,1
7745,0,1,1,0
7746,1,2,0,1
7747,2,3,0,1
7748,3,4,0,1
7749,4,5,0,1
7750,5,6,0,1
7751,6,7,0,1
7752,7,8,0,1
7753,0,9,1,0
7754,1,10,0,1
7755,2,11,0,1
7756,3,12,0,1
7757,4,13,0,1
7758,5,14,0,1
7759,6,15,0,1
7760,7,16,0,1
7761,0,17,1,0
7762,1,18,0,1
7763,2,19,0,1
7764,3,20,0,1
7765,4,21,0,1
7766,5,22,0,1
7767,6,23,0,1
7768,7,24,0,1
7769,0,25,1,0
7770,1,26,0,1
7771,2,27,0,1
7772,3,28,0,1
7773,4,29,0,1
7774,5,30,0,1
7775,6,31,0,1
7776,7,32,0,1
7777,0,33,1,0
7778,1,34,0,1
7779,2,35,0,1
7780,3,36,0,1
7781,4,37,0,1
7782,5,38,0,1
7783,6,39,0,1
7784,7,40,0,1
7785,0,41,1,0
7786,1,42,0,1
7787,2,43,0,1
7788,3,44,0,1
7789,4,45,0,1
7790,5,46,0,1
7791,6,47,0,1
7792,7,48,0,1
7793,0,49,1,0
7794,1,50,0,1
7795,2,51,0,1
7796,3,52,0,1
7797,4,53,0,1
7798,5,54,0,1
7799,6,55,0,1
7800,7,56,0,1
7801,0,57,1,0
7802,1,58,0,1
7803,2,59,0,1
7804,3,60,0,1
7805,4,61,0,1
7806,5,62,0,1
7807,6,63,0,1
7808,7,64,0,1
7809,0,1,1,0
7810,1,2,0,1
7811,2,3,0,1
7812,3,4,0,1
7813,4,5,0,1
7814,5,6,0,1
7815,6,7,0,1
7816,7,8,0,1
7817,0,9,1,0
7818,1,10,0,1
7819,2,11,0,1
7820,3,12,0,1
7821,4,13,0,1
7822,5,14,0,1
7823,6,15,0,1
7824,7,16,0,1
7825,0,17,1,0
7826,1,18,0,1
7827,2,19,0,1
7828,3,20,0,1
7829,4,21,0,1
7830,5,22,0,1
7831,6,23,0,1
7832,7,24,0,1
7833,0,25,1,0
7834,1,26,0,1
7835,2,27,0,1
7836,3,28,0,1
7837,4,29,0,1
7838,5,30,0,1
7839,6,31,0,1
7840,7,32,0,1
7841,0,33,1,0
7842,1,34,0,1
7843,2,35,0,1
7844,3,36,0,1
7845,4,37,0,1
7846,5,38,0,1
7847,6,39,0,1
7848,7,40,0,1
7849,0,41,1,0
7850,1,42,0,1
7851,2,43,0,1
7852,3,44,0,1
7853,4,45,0,1
7854,5,46,0,1
7855,6,47,0,1
7856,7,48,0,1
7857,0,49,1,0
7858,1,50,0,1
7859,2,51,0,1
7860,3,52,0,1
7861,4,53,0,1
7862,5,54,0,1
7863,6,55,0,1
7864,7,56,0,1
7865,0,57,1,0
7866,1,58,0,1
7867,2,59,0,1
7868,3,60,0,1
7869,4,61,0,1
7870,5,62,0,1
7871,6,63,0,1
7872,7,64,0,1
7873,0,1,1,0
7874,1,2,0,1
7875,2,3,0,1
7876,3,4,0,1
7877,4,5,0,1
7878,5,6,0,1
7879,6,7,0,1
7880,7,8,0,1
7881,0,9,1,0
7882,1,10,0,1
7883,2,11,0,1
7884,3,12,0,1
7885,4,13,0,1
7886,5,14,0,1
7887,6,15,0,1
7888,7,16,0,1
7889,0,17,1,0
7890,1,18,0,1
7891,2,19,0,1
7892,3,20,0,1
7893,4,21,0,1
7894,5,22,0,1
7895,6,23,0,1
7896,7,24,0,1
7897,0,25,1,0
7898,1,26,0,1
7899,2,27,0,1
7900,3,28,0,1
7901,4,29,0,1
7902,5,30,0,1
7903,6,31,0,1
7904,7,32,0,1
7905,0,33,1,0
7906,1,34,0,1
7907,2,35,0,1
7908,3,36,0,1
7909,4,37,0,1
7910,5,38,0,1
7911,6,39,0,1
7912,7,40,0,1
7913,0,41,1,0
7914,1,42,0,1
7915,2,43,0,1
7916,3,44,0,1
7917,4,45,0,1
7918,5,46,0,1
7919,6,47,0,1
7920,7,48,0,1
7921,0,49,1,0
7922,1,50,0,1
7923,2,51,0,1
7924,3,52,0,1
7925,4,53,0,1
7926,5,54,0,1
7927,6,55,0,1
7928,7,56,0,1
7929,0,57,1,0
7930,1,58,0,1
7931,2,59,0,1
7932,3,60,0,1
7933,4,61,0,1
7934,5,62,0,1
7935,6,63,0,1
7936,7,64,0,1
7937,0,1,1,0
7938,1,2,0,1
7939,2,3,0,1
7940,3,4,0,1
7941,4,5,0,1
7942,5,6,0,1
7943,6,7,0,1
7944,7,8,0,1
7945,0,9,1,0
7946,1,10,0,1
7947,2,11,0,1
7948,3,12,0,1
7949,4,13,0,1
7950,5,14,0,1
7951,6,15,0,1
7952,7,16,0,1
7953,0,17,1,0
7954,1,18,0,1
7955,2,19,0,1
7956,3,20,0,1
7957,4,21,0,1
7958,5,22,0,1
7959,6,23,0,1
7960,7,24,0,1
7961,0,25,1,0
7962,1,26,0,1
7963,2,27,0,1
7964,3,28,0,1
7965,4,29,0,1
7966,5,30,0,1
7967,6,31,0,1
7968,7,32,0,1
7969,0,33,1,0
7970,1,34,0,1
7971,2,35,0,1
7972,3,36,0,1
7973,4,37,0,1
7974,5,38,0,1
7975,6,39,0,1
7976,7,40,0,1
7977,0,41,1,0
7978,1,42,0,1
7979,2,43,0,1
7980,3,44,0,1
7981,4,45,0,1
7982,5,46,0,1
7983,6,47,0,1
7984,7,48,0,1
7985,0,49,1,0
7986,1,50,0,1
7987,2,51,0,1
7988,3,52,0,1
7989,4,53,0,1
7990,5,54,0,1
7991,6,55,0,1
7992,7,56,0,1
7993,0,57,1,0
7994,1,58,0,1
7995,2,59,0,1
7996,3,60,0,1
7997,4,61,0,1
7998,5,62,0,1
7999,6,63,0,1
8000,7,64,0,1
8001,0,1,1,0
8002,1,2,0,1
8003,2,3,0,1
8004,3,4,0,1
8005,4,5,0,1
8006,5,6,0,1
8007,6,7,0,1
8008,7,8,0,1
8009,0,9,1,0
8010,1,10,0,1
8011,2,11,0,1
8012,3,12,0,1
8013,4,13,0,1
8014,5,14,0,1
8015,6,15,0,1
8016,7,16,0,1
8017,0,17,1,0
8018,1,18,0,1
8019,2,19,0,1
8020,3,20,0,1
8021,4,21,0,1
8022,5,22,0,1
8023,6,23,0,1
8024,7,24,0,1
8025,0,25,1,0
8026,1,26,0,1
8027,2,27,0,1
8028,3,28,0,1
8029,4,29,0,1
8030,5,30,0,1
8031,6,31,0,1
8032,7,32,0,1
8033,0,33,1,0
8034,1,34,0,1
8035,2,35,0,1
8036,3,36,0,1
8037,4,37,0,1
8038,5,38,0,1
8039,6,39,0,1
8040,7,40,0,1
8041,0,41,1,0
8042,1,42,0,1
8043,2,43,0,1
8044,3,44,0,1
8045,4,45,0,1
8046,5,46,0,1
8047,6,47,0,1
8048,7,48,0,1
8049,0,49,1,0
8050,1,50,0,1
8051,2,51,0,1
8052,3,52,0,1
8053,4,53,0,1
8054,5,54,0,1
8055,6,55,0,1
8056,7,56,0,1
8057,0,57,1,0
8058,1,58,0,1
8059,2,59,0,1
8060,3,60,0,1
8061,4,61,0,1
8062,5,62,0,1
8063,6,63,0,1
8064,7,64,0,1
8065,0,1,1,0
8066,1,2,0,1
8067,2,3,0,1
8068,3,4,0,1
8069,4,5,0,1
8070,5,6,0,1
8071,6,7,0,1
8072,7,8,0,1
8073,0,9,1,0
8074,1,10,0,1
8075,2,11,0,1
8076,3,12,0,1
8077,4,13,0,1
8078,5,14,0,1
8079,6,15,0,1
8080,7,16,0,1
8081,0,17,1,0
8082,1,18,0,1
8083,2,19,0,1
8084,3,20,0,1
8085,4,21,0,1
8086,5,22,0,1
8087,6,23,0,1
8088,7,24,0,1
8089,0,25,1,0
8090,1,26,0,1
8091,2,27,0,1
8092,3,28,0,1
8093,4,29,0,1
8094,5,30,0,1
8095,6,31,0,1
8096,7,32,0,1
8097,0,33,1,0
8098,1,34,0,1
8099,2,35,0,1
8100,3,36,0,1
8101,4,37,0,1
8102,5,38,0,1
8103,6,39,0,1
8104,7,40,0,1
8105,0,41,1,0
8106,1,42,0,1
8107,2,43,0,1
8108,3,44,0,1
8109,4,45,0,1
8110,5,46,0,1
8111,6,47,0,1
8112,7,48,0,1
8113,0,49,1,0
8114,1,50,0,1
8115,2,51,0,1
8116,3,52,0,1
8117,4,53,0,1
8118,5,54,0,1
8119,6,55,0,1
8120,7,56,0,1
8121,0,57,1,0
8122,1,58,0,1
8123,2,59,0,1
8124,3,60,0,1
8125,4,61,0,1
8126,5,62,0,1
8127,6,63,0,1
8128,7,64,0,1
8129,0,1,1,0
8130,1,2,0,1
8131,2,3,0,1
8132,3,4,0,1
8133,4,5,0,1
8134,5,6,0,1
8135,6,7,0,1
8136,7,8,0,1
8137,0,9,1,0
8138,1,10,0,1
8139,2,11,0,1
8140,3,12,0,1
8141,4,13,0,1
8142,5,14,0,1
8143,6,15,0,1
8144,7,16,0,1
8145,0,17,1,0
8146,1,18,0,1
8147,2,19,0,1
8148,3,20,0,1
8149,4,21,0,1
8150,5,22,0,1
8151,6,23,0,1
8152,7,24,0,1
8153,0,25,1,0
8154,1,26,0,1
8155,2,27,0,1
8156,3,28,0,1
8157,4,29,0,1
8158,5,30,0,1
8159,6,31,0,1
8160,7,32,0,1
8161,0,33,1,0
8162,1,34,0,1
8163,2,35,0,1
8164,3,36,0,1
8165,4,37,0,1
8166,5,38,0,1
8167,6,39,0,1
8168,7,40,0,1
8169,0,41,1,0
8170,1,42,0,1
8171,2,43,0,1
8172,3,44,0,1
8173,4,45,0,1
8174,5,46,0,1
8175,6,47,0,1
8176,7,48,0,1
8177,0,49,1,0
8178,1,50,0,1
8179,2,51,0,1
8180,3,52,0,1
8181,4,53,0,1
8182,5,54,0,1
8183,6,55,0,1
8184,7,56,0,1
8185,0,57,1,0
8186,1,58,0,1
8187,2,59,0,1
8188,3,60,0,1
8189,4,61,0,1
8190,5,62,0,1
8191,6,63,0,1
8192,7,64,0,1
8193,0,1,1,0
8194,1,2,0,1
8195,2,3,0,1
8196,3,4,0,1
8197,4,5,0,1
8198,5,6,0,1
8199,6,7,0,1
8200,7,8,0,1
8201,0,9,1,0
8202,1,10,0,1
8203,2,11,0,1
8204,3,12,0,1
8205,4,13,0,1
8206,5,14,0,1
8207,6,15,0,1
8208,7,16,0,1
8209,0,17,1,0
8210,1,18,0,1
8211,2,19,0,1
8212,3,20,0,1
8213,4,21,0,1
8214,5,22,0,1
8215,6,23,0,1
8216,7,24,0,1
8217,0,25,1,0
8218,1,26,0,1
8219,2,27,0,1
8220,3,28,0,1
8221,4,29,0,1
8222,5,30,0,1
8223,6,31,0,1
8224,7,32,0,1
8225,0,33,1,0
8226,1,34,0,1
8227,2,35,0,1
8228,3,36,0,1
8229,4,37,0,1
8230,5,38,0,1
8231,6,39,0,1
8232,7,40,0,1
8233,0,41,1,0
8234,1,42,0,1
8235,2,43,0,1
8236,3,44,0,1
8237,4,45,0,1
8238,5,46,0,1
8239,6,47,0,1
8240,7,48,0,1
8241,0,49,1,0
8242,1,50,0,1
8243,2,51,0,1
8244,3,52,0,1
8245,4,53,0,1
8246,5,54,0,1
8247,6,55,0,1
8248,7,56,0,1
8249,0,57,1,0
8250,1,58,0,1
8251,2,59,0,1
8252,3,60,0,1
8253,4,61,0,1
8254,5,62,0,1
8255,6,63,0,1
8256,7,64,0,1
8257,0,1,1,0
8258,1,2,0,1
8259,2,3,0,1
8260,3,4,0,1
8261,4,5,0,1
8262,5,6,0,1
8263,6,7,0,1
8264,7,8,0,1
8265,0,9,1,0
8266,1,10,0,1
8267,2,11,0,1
8268,3,12,0,1
8269,4,13,0,1
8270,5,14,0,1
8271,6,15,0,1
8272,7,16,0,1
8273,0,17,1,0
8274,1,18,0,1
8275,2,19,0,1
8276,3,20,0,1
8277,4,21,0,1
8278,5,22,0,1
8279,6,23,0,1
8280,7,24,0,1
8281,0,25,1,0
8282,1,26,0,1
8283,2,27,0,1
8284,3,28,0,1
8285,4,29,0,1
8286,5,30,0,1
8287,6,31,0,1
8288,7,32,0,1
8289,0,33,1,0
8290,1,34,0,1
8291,2,35,0,1
8292,3,36,0,1
8293,4,37,0,1
8294,5,38,0,1
8295,6,39,0,1
8296,7,40,0,1
8297,0,41,1,0
8298,1,42,0,1
8299,2,43,0,1
8300,3,44,0,1
8301,4,45,0,1
8302,5,46,0,1
8303,6,47,0,1
8304,7,48,0,1
8305,0,49,1,0
8306,1,50,0,1
8307,2,51,0,1
8308,3,52,0,1
8309,4,53,0,1
8310,5,54,0,1
8311,6,55,0,1
8312,7,56,0,1
8313,0,57,1,0
8314,1,58,0,1
8315,2,59,0,1
8316,3,60,0,1
8317,4,61,0,1
8318,5,62,0,1
8319,6,63,0,1
8320,7,64,0,1
8321,0,1,1,0
8322,1,2,0,1
8323,2,3,0,1
8324,3,4,0,1
8325,4,5,0,1
8326,5,6,0,1
8327,6,7,0,1
8328,7,8,0,1
8329,0,9,1,0
8330,1,10,0,1
8331,2,11,0,1
8332,3,12,0,1
8333,4,13,0,1
8334,5,14,0,1
8335,6,15,0,1
8336,7,16,0,1
8337,0,17,1,0
8338,1,18,0,1
8339,2,19,0,1
8340,3,20,0,1
8341,4,21,0,1
8342,5,22,0,1
8343,6,23,0,1
8344,7,24,0,1
8345,0,25,1,0
8346,1,26,0,1
8347,2,27,0,1
8348,3,28,0,1
8349,4,29,0,1
8350,5,30,0,1
8351,6,31,0,1
8352,7,32,0,1
8353,0,33,1,0
8354,1,34,0,1
8355,2,35,0,1
8356,3,36,0,1
8357,4,37,0,1
8358,5,38,0,1
8359,6,39,0,1
8360,7,40,0,1
8361,0,41,1,0
8362,1,42,0,1
8363,2,43,0,1
8364,3,44,0,1
8365,4,45,0,1
8366,5,46,0,1
8367,6,47,0,1
8368,7,48,0,1
8369,0,49,1,0
8370,1,50,0,1
8371,2,51,0,1
8372,3,52,0,1
8373,4,53,0,1
8374,5,54,0,1
8375,6,55,0,1
8376,7,56,0,1
8377,0,57,1,0
8378,1,58,0,1
8379,2,59,0,1
8380,3,60,0,1
8381,4,61,0,1
8382,5,62,0,1
8383,6,63,0,1
8384,7,64,0,1
8385,0,1,1,0
8386,1,2,0,1
8387,2,3,0,1
8388,3,4,0,1
8389,4,5,0,1
8390,5,6,0,1
8391,6,7,0,1
8392,7,8,0,1
8393,0,9,1,0
8394,1,10,0,1
8395,2,11,0,1
8396,3,12,0,1
8397,4,13,0,1
8398,5,14,0,1
8399,6,15,0,1
8400,7,16,0,1
8401,0,17,1,0
8402,1,18,0,1
8403,2,19,0,1
8404,3,20,0,1
8405,4,21,0,1
8406,5,22,0,1
8407,6,23,0,1
8408,7,24,0,1
8409,0,25,1,0
8410,1,26,0,1
8411,2,27,0,1
8412,3,28,0,1
8413,4,29,0,1
8414,5,30,0,1
8415,6,31,0,1
8416,7,32,0,1
8417,0,33,1,0
8418,1,34,0,1
8419,2,35,0,1
8420,3,36,0,1
8421,4,37,0,1
8422,5,38,0,1
8423,6,39,0,1
8424,7,40,0,1
8425,0,41,1,0
8426,1,42,0,1
8427,2,43,0,1
8428,3,44,0,1
8429,4,45,0,1
8430,5,46,0,1
8431,6,47,0,1
8432,7,48,0,1
8433,0,49,1,0
8434,1,50,0,1
8435,2,51,0,1
8436,3,52,0,1
8437,4,53,0,1
8438,5,54,0,1
8439,6,55,0,1
8440,7,56,0,1
8441,0,57,1,0
8442,1,58,0,1
8443,2,59,0,1
8444,3,60,0,1
8445,4,61,0,1
8446,5,62,0,1
8447,6,63,0,1
8448,7,64,0,1
8449,0,1,1,0
8450,1,2,0,1
8451,2,3,0,1
8452,3,4,0,1
8453,4,5,0,1
8454,5,6,0,1
8455,6,7,0,1
8456,7,8,0,1
8457,0,9,1,0
8458,1,10,0,1
8459,2,11,0,1
8460,3,12,0,1
8461,4,13,0,1
8462,5,14,0,1
8463,6,15,0,1
8464,7,16,0,1
8465,0,17,1,0
8466,1,18,0,1
8467,2,19,0,1
8468,3,20,0,1
8469,4,21,0,1
8470,5,22,0,1
8471,6,23,0,1
8472,7,24,0,1
8473,0,25,1,0
8474,1,26,0,1
8475,2,27,0,1
8476,3,28,0,1
8477,4,29,0,1
8478,5,30,0,1
8479,6,31,0,1
8480,7,32,0,1
8481,0,33,1,0
8482,1,34,0,1
8483,2,35,0,1
8484,3,36,0,1
8485,4,37,0,1
8486,5,38,0,1
8487,6,39,0,1
8488,7,40,0,1
8489,0,41,1,0
8490,1,42,0,1
8491,2,43,0,1
8492,3,44,0,1
8493,4,45,0,1
8494,5,46,0,1
8495,6,47,0,1
8496,7,48,0,1
8497,0,49,1,0
8498,1,50,0,1
8499,2,51,0,1
8500,3,52,0,1
8501,4,53,0,1
8502,5,54,0,1
8503,6,55,0,1
8504,7,56,0,1
8505,0,57,1,0
8506,1,58,0,1
8507,2,59,0,1
8508,3,60,0,1
8509,4,61,0,1
8510,5,62,0,1
8511,6,63,0,1
8512,7,64,0,1
8513,0,1,1,0
8514,1,2,0,1
8515,2,3,0,1
8516,3,4,0,1
8517,4,5,0,1
8518,5,6,0,1
8519,6,7,0,1
8520,7,8,0,1
8521,0,9,1,0
8522,1,10,0,1
8523,2,11,0,1
8524,3,12,0,1
8525,4,13,0,1
8526,5,14,0,1
8527,6,15,0,1
8528,7,16,0,1
8529,0,17,1,0
8530,1,18,0,1
8531,2,19,0,1
8532,3,20,0,1
8533,4,21,0,1
8534,5,22,0,1
8535,6,23,0,1
8536,7,24,0,1
8537,0,25,1,0
8538,1,26,0,1
8539,2,27,0,1
8540,3,28,0,1
8541,4,29,0,1
8542,5,30,0,1
8543,6,31,0,1
8544,7,32,0,1
8545,0,33,1,0
8546,1,34,0,1
8547,2,35,0,1
8548,3,36,0,1
8549,4,37,0,1
8550,5,38,0,1
8551,6,39,0,1
8552,7,40,0,1
8553,0,41,1,0
8554,1,42,0,1
8555,2,43,0,1
8556,3,44,0,1
8557,4,45,0,1
8558,5,46,0,1
8559,6,47,0,1
8560,7,48,0,1
8561,0,49,1,0
8562,1,50,0,1
8563,2,51,0,1
8564,3,52,0,1
8565,4,53,0,1
8566,5,54,0,1
8567,6,55,0,1
8568,7,56,0,1
8569,0,57,1,0
8570,1,58,0,1
8571,2,59,0,1
8572,3,60,0,1
8573,4,61,0,1
8574,5,62,0,1
8575,6,63,0,1
8576,7,64,0,1
8577,0,1,1,0
8578,1,2,0,1
8579,2,3,0,1
8580,3,4,0,1
8581,4,5,0,1
8582,5,6,0,1
8583,6,7,0,1
8584,7,8,0,1
8585,0,9,1,0
8586,1,10,0,1
8587,2,11,0,1
8588,3,12,0,1
8589,4,13,0,1
8590,5,14,0,1
8591,6,15,0,1
8592,7,16,0,1
8593,0,17,1,0
8594,1,18,0,1
8595,2,19,0,1
8596,3,20,0,1
8597,4,21,0,1
8598,5,22,0,1
8599,6,23,0,1
8600,7,24,0,1
8601,0,25,1,0
8602,1,26,0,1
8603,2,27,0,1
8604,3,28,0,1
8605,4,29,0,1
8606,5,30,0,1
8607,6,31,0,1
8608,7,32,0,1
8609,0,33,1,0
8610,1,34,0,1
8611,2,35,0,1
8612,3,36,0,1
8613,4,37,0,1
8614,5,38,0,1
8615,6,39,0,1
8616,7,40,0,1
8617,0,41,1,0
8618,1,42,0,1
8619,2,43,0,1
8620,3,44,0,1
8621,4,45,0,1
8622,5,46,0,1
8623,6,47,0,1
8624,7,48,0,1
8625,0,49,1,0
8626,1,50,0,1
8627,2,51,0,1
8628,3,52,0,1
8629,4,53,0,1
8630,5,54,0,1
8631,6,55,0,1
8632,7,56,0,1
8633,0,57,1,0
8634,1,58,0,1
8635,2,59,0,1
8636,3,60,0,1
8637,4,61,0,1
8638,5,62,0,1
8639,6,63,0,1
8640,7,64,0,1
8641,0,1,1,0
8642,1,2,0,1
8643,2,3,0,1
8644,3,4,0,1
8645,4,5,0,1
8646,5,6,0,1
8647,6,7,0,1
8648,7,8,0,1
8649,0,9,1,0
8650,1,10,0,1
8651,2,11,0,1
8652,3,12,0,1
8653,4,13,0,1
8654,5,14,0,1
8655,6,15,0,1
8656,7,16,0,1
8657,0,17,1,0
8658,1,18,0,1
8659,2,19,0,1
8660,3,20,0,1
8661,4,21,0,1
8662,5,22,0,1
8663,6,23,0,1
8664,7,24,0,1
8665,0,25,1,0
8666,1,26,0,1
8667,2,27,0,1
8668,3,28,0,1
8669,4,29,0,1
8670,5,30,0,1
8671,6,31,0,1
8672,7,32,0,1
8673,0,33,1,0
8674,1,34,0,1
8675,2,35,0,1
8676,3,36,0,1
8677,4,37,0,1
8678,5,38,0,1
8679,6,39,0,1
8680,7,40,0,1
8681,0,41,1,0
8682,1,42,0,1
8683,2,43,0,1
8684,3,44,0,1
8685,4,45,0,1
8686,5,46,0,1
8687,6,47,0,1
8688,7,48,0,1
8689,0,49,1,0
8690,1,50,0,1
8691,2,51,0,1
8692,3,52,0,1
8693,4,53,0,1
8694,5,54,0,1
8695,6,55,0,1
8696,7,56,0,1
8697,0,57,1,0
8698,1,58,0,1
8699,2,59,0,1
8700,3,60,0,1
8701,4,61,0,1
8702,5,62,0,1
8703,6,63,0,1
8704,7,64,0,1
8705,0,1,1,0
8706,1,2,0,1
8707,2,3,0,1
8708,3,4,0,1
8709,4,5,0,1
8710,5,6,0,1
8711,6,7,0,1
8712,7,8,0,1
8713,0,9,1,0
8714,1,10,0,1
8715,2,11,0,1
8716,3,12,0,1
8717,4,13,0,1
8718,5,14,0,1
8719,6,15,0,1
8720,7,16,0,1
8721,0,17,1,0
8722,1,18,0,1
8723,2,19,0,1
8724,3,20,0,1
8725,4,21,0,1
8726,5,22,0,1
8727,6,23,0,1
8728,7,24,0,1
8729,0,25,1,0
8730,1,26,0,1
8731,2,27,0,1
8732,3,28,0,1
8733,4,29,0,1
8734,5,30,0,1
8735,6,31,0,1
8736,7,32,0,1
8737,0,33,1,0
8738,1,34,0,1
8739,2,35,0,1
8740,3,36,0,1
8741,4,37,0,1
8742,5,38,0,1
8743,6,39,0,1
8744,7,40,0,1
8745,0,41,1,0
8746,1,42,0,1
8747,2,43,0,1
8748,3,44,0,1
8749,4,45,0,1
8750,5,46,0,1
8751,6,47,0,1
8752,7,48,0,1
8753,0,49,1,0
8754,1,50,0,1
8755,2,51,0,1
8756,3,52,0,1
8757,4,53,0,1
8758,5,54,0,1
8759,6,55,0,1
8760,7,56,0,1
8761,0,57,1,0
8762,1,58,0,1
8763,2,59,0,1
8764,3,60,0,1
8765,4,61,0,1
8766,5,62,0,1
8767,6,63,0,1
8768,7,64,0,1
8769,0,1,1,0
8770,1,2,0,1
8771,2,3,0,1
8772,3,4,0,1
8773,4,5,0,1
8774,5,6,0,1
8775,6,7,0,1
8776,7,8,0,1
8777,0,9,1,0
8778,1,10,0,1
8779,2,11,0,1
8780,3,12,0,1
8781,4,13,0,1
8782,5,14,0,1
8783,6,15,0,1
8784,7,16,0,1
8785,0,17,1,0
8786,1,18,0,1
8787,2,19,0,1
8788,3,20,0,1
8789,4,21,0,1
8790,5,22,0,1
8791,6,23,0,1
8792,7,24,0,1
8793,0,25,1,0
8794,1,26,0,1
8795,2,27,0,1
8796,3,28,0,1
8797,4,29,0,1
8798,5,30,0,1
8799,6,31,0,1
8800,7,32,0,1
8801,0,33,1,0
8802,1,34,0,1
8803,2,35,0,1
8804,3,36,0,1
8805,4,37,0,1
8806,5,38,0,1
8807,6,39,0,1
8808,7,40,0,1
8809,0,41,1,0
8810,1,42,0,1
8811,2,43,0,1
8812,3,44,0,1
8813,4,45,0,1
8814,5,46,0,1
8815,6,47,0,1
8816,7,48,0,1
8817,0,49,1,0
8818,1,50,0,1
8819,2,51,0,1
8820,3,52,0,1
8821,4,53,0,1
8822,5,54,0,1
8823,6,55,0,1
8824,7,56,0,1
8825,0,57,1,0
8826,1,58,0,1
8827,2,59,0,1
8828,3,60,0,1
8829,4,61,0,1
8830,5,62,0,1
8831,6,63,0,1
8832,7,64,0,1
8833,0,1,1,0
8834,1,2,0,1
8835,2,3,0,1
8836,3,4,0,1
8837,4,5,0,1
8838,5,6,0,1
8839,6,7,0,1
8840,7,8,0,1
8841,0,9,1,0
8842,1,10,0,1
8843,2,11,0,1
8844,3,12,0,1
8845,4,13,0,1
8846,5,14,0,1
8847,6,15,0,1
8848,7,16,0,1
8849,0,17,1,0
8850,1,18,0,1
8851,2,19,0,1
8852,3,20,0,1
8853,4,21,0,1
8854,5,22,0,1
8855,6,23,0,1
8856,7,24,0,1
8857,0,25,1,0
8858,1,26,0,1
8859,2,27,0,1
8860,3,28,0,1
8861,4,29,0,1
8862,5,30,0,1
8863,6,31,0,1
8864,7,32,0,1
8865,0,33,1,0
8866,1,34,0,1
8867,2,35,0,1
8868,3,36,0,1
8869,4,37,0,1
8870,5,38,0,1
8871,6,39,0,1
8872,7,40,0,1
8873,0,41,1,0
8874,1,42,0,1
8875,2,43,0,1
8876,3,44,0,1
8877,4,45,0,1
8878,5,46,0,1
8879,6,47,0,1
8880,7,48,0,1
8881,0,49,1,0
8882,1,50,0,1
8883,2,51,0,1
8884,3,52,0,1
8885,4,53,0,1
8886,5,54,0,1
8887,6,55,0,1
8888,7,56,0,1
8889,0,57,1,0
8890,1,58,0,1
8891,2,59,0,1
8892,3,60,0,1
8893,4,61,0,1
8894,5,62,0,1
8895,6,63,0,1
8896,7,64,0,1
8897,0,1,1,0
8898,1,2,0,1
8899,2,3,0,1
8900,3,4,0,1
8901,4,5,0,1
8902,5,6,0,1
8903,6,7,0,1
8904,7,8,0,1
8905,0,9,1,0
8906,1,10,0,1
8907,2,11,0,1
8908,3,12,0,1
8909,4,13,0,1
8910,5,14,0,1
8911,6,15,0,1
8912,7,16,0,1
8913,0,17,1,0
8914,1,18,0,1
8915,2,19,0,1
8916,3,20,0,1
8917,4,21,0,1
8918,5,22,0,1
8919,6,23,0,1
8920,7,24,0,1
8921,0,25,1,0
8922,1,26,0,1
8923,2,27,0,1
8924,3,28,0,1
8925,4,29,0,1
8926,5,30,0,1
8927,6,31,0,1
8928,7,32,0,1
8929,0,33,1,0
8930,1,34,0,1
8931,2,35,0,1
8932,3,36,0,1
8933,4,37,0,1
8934,5,38,0,1
8935,6,39,0,1
8936,7,40,0,1
8937,0,41,1,0
8938,1,42,0,1
8939,2,43,0,1
8940,3,44,0,1
8941,4,45,0,1
8942,5,46,0,1
8943,6,47,0,1
8944,7,48,0,1
8945,0,49,1,0
8946,1,50,0,1
8947,2,51,0,1
8948,3,52,0,1
8949,4,53,0,1
8950,5,54,0,1
8951,6,55,0,1
8952,7,56,0,1
8953,0,57,1,0
8954,1,58,0,1
8955,2,59,0,1
8956,3,60,0,1
8957,4,61,0,1
8958,5,62,0,1
8959,6,63,0,1
8960,7,64,0,1
8961,0,1,1,0
8962,1,2,0,1
8963,2,3,0,1
8964,3,4,0,1
8965,4,5,0,1
8966,5,6,0,1
8967,6,7,0,1
8968,7,8,0,1
8969,0,9,1,0
8970,1,10,0,1
8971,2,11,0,1
8972,3,12,0,1
8973,4,13,0,1
8974,5,14,0,1
8975,6,15,0,1
8976,7,16,0,1
8977,0,17,1,0
8978,1,18,0,1
8979,2,19,0,1
8980,3,20,0,1
8981,4,21,0,1
8982,5,22,0,1
8983,6,23,0,1
8984,7,24,0,1
8985,0,25,1,0
8986,1,26,0,1
8987,2,27,0,1
8988,3,28,0,1
8989,4,29,0,1
8990,5,30,0,1
8991,6,31,0,1
8992,7,32,0,1
8993,0,33,1,0
8994,1,34,0,1
8995,2,35,0,1
8996,3,36,0,1
8997,4,37,0,1
8998,5,38,0,1
8999,6,39,0,1
9000,7,40,0,1
9001,0,41,1,0
9002,1,42,0,1
9003,2,43,0,1
9004,3,44,0,1
9005,4,45,0,1
9006,5,46,0,1
9007,6,47,0,1
9008,7,48,0,1
9009,0,49,1,0
9010,1,50,0,1
9011,2,51,0,1
9012,3,52,0,1
9013,4,53,0,1
9014,5,54,0,1
9015,6,55,0,1
9016,7,56,0,1
9017,0,57,1,0
9018,1,58,0,1
9019,2,59,0,1
9020,3,60,0,1
9021,4,61,0,1
9022,5,62,0,1
9023,6,63,0,1
9024,7,64,0,1
9025,0,1,1,0
9026,1,2,0,1
9027,2,3,0,1
9028,3,4,0,1
9029,4,5,0,1
9030,5,6,0,1
9031,6,7,0,1
9032,7,8,0,1
9033,0,9,1,0
9034,1,10,0,1
9035,2,11,0,1
9036,3,12,0,1
9037,4,13,0,1
9038,5,14,0,1
9039,6,15,0,1
9040,7,16,0,1
9041,0,17,1,0
9042,1,18,0,1
9043,2,19,0,1
9044,3,20,0,1
9045,4,21,0,1
9046,5,22,0,1
9047,6,23,0,1
9048,7,24,0,1
9049,0,25,1,0
9050,1,26,0,1
9051,2,27,0,1
9052,3,28,0,1
9053,4,29,0,1
9054,5,30,0,1
9055,6,31,0,1
9056,7,32,0,1
9057,0,33,1,0
9058,1,34,0,1
9059,2,35,0,1
9060,3,36,0,1
9061,4,37,0,1
9062,5,38,0,1
9063,6,39,0,1
9064,7,40,0,1
9065,0,41,1,0
9066,1,42,0,1
9067,2,43,0,1
9068,3,44,0,1
9069,4,45,0,1
9070,5,46,0,1
9071,6,47,0,1
9072,7,48,0,1
9073,0,49,1,0
9074,1,50,0,1
9075,2,51,0,1
9076,3,52,0,1
9077,4,53,0,1
9078,5,54,0,1
9079,6,55,0,1
9080,7,56,0,1
9081,0,57,1,0
9082,1,58,0,1
9083,2,59,0,1
9084,3,60,0,1
9085,4,61,0,1
9086,5,62,0,1
9087,6,63,0,1
9088,7,64,0,1
9089,0,1,1,0
9090,1,2,0,1
9091,2,3,0,1
9092,3,4,0,1
9093,4,5,0,1
9094,5,6,0,1
9095,6,7,0,1
9096,7,8,0,1
9097,0,9,1,0
9098,1,10,0,1
9099,2,11,0,1
9100,3,12,0,1
9101,4,13,0,1
9102,5,14,0,1
9103,6,15,0,1
9104,7,16,0,1
9105,0,17,1,0
9106,1,18,0,1
9107,2,19,0,1
9108,3,20,0,1
9109,4,21,0,1
9110,5,22,0,1
9111,6,23,0,1
9112,7,24,0,1
9113,0,25,1,0
9114,1,26,0,1
9115,2,27,0,1
9116,3,28,0,1
9117,4,29,0,1
9118,5,30,0,1
9119,6,31,0,1
9120,7,32,0,1
9121,0,33,1,0
9122,1,34,0,1
9123,2,35,0,1
9124,3,36,0,1
9125,4,37,0,1
9126,5,38,0,1
9127,6,39,0,1
9128,7,40,0,1
9129,0,41,1,0
9130,1,42,0,1
9131,2,43,0,1
9132,3,44,0,1
9133,4,45,0,1
9134,5,46,0,1
9135,6,47,0,1
9136,7,48,0,1
9137,0,49,1,0
9138,1,50,0,1
9139,2,51,0,1
9140,3,52,0,1
9141,4,53,0,1
9142,5,54,0,1
9143,6,55,0,1
9144,7,56,0,1
9145,0,57,1,0
9146,1,58,0,1
9147,2,59,0,1
9148,3,60,0,1
9149,4,61,0,1
9150,5,62,0,1
9151,6,63,0,1
9152,7,64,0,1
9153,0,1,1,0
9154,1,2,0,1
9155,2,3,0,1
9156,3,4,0,1
9157,4,5,0,1
9158,5,6,0,1
9159,6,7,0,1
9160,7,8,0,1
9161,0,9,1,0
9162,1,10,0,1
9163,2,11,0,1
9164,3,12,0,1
9165,4,13,0,1
9166,5,14,0,1
9167,6,15,0,1
9168,7,16,0,1
9169,0,17,1,0
9170,1,18,0,1
9171,2,19,0,1
9172,3,20,0,1
9173,4,21,0,1
9174,5,22,0,1
9175,6,23,0,1
9176,7,24,0,1
9177,0,25,1,0
9178,1,26,0,1
9179,2,27,0,1
9180,3,28,0,1
9181,4,29,0,1
9182,5,30,0,1
9183,6,31,0,1
9184,7,32,0,1
9185,0,33,1,0
9186,1,34,0,1
9187,2,35,0,1
9188,3,36,0,1
9189,4,37,0,1
9190,5,38,0,1
9191,6,39,0,1
9192,7,40,0,1
9193,0,41,1,0
9194,1,42,0,1
9195,2,43,0,1
9196,3,44,0,1
9197,4,45,0,1
9198,5,46,0,1
9199,6,47,0,1
9200,7,48,0,1
9201,0,49,1,0
9202,1,50,0,1
9203,2,51,0,1
9204,3,52,0,1
9205,4,53,0,1
9206,5,54,0,1
9207,6,55,0,1
9208,7,56,0,1
9209,0,57,1,0
9210,1,58,0,1
9211,2,59,0,1
9212,3,60,0,1
9213,4,61,0,1
9214,5,62,0,1
9215,6,63,0,1
9216,7,64,0,1
9217,0,1,1,0
9218,1,2,0,1
9219,2,3,0,1
9220,3,4,0,1
9221,4,5,0,1
9222,5,6,0,1
9223,6,7,0,1
9224,7,8,0,1
9225,0,9,1,0
9226,1,10,0,1
9227,2,11,0,1
9228,3,12,0,1
9229,4,13,0,1
9230,5,14,0,1
9231,6,15,0,1
9232,7,16,0,1
9233,0,17,1,0
9234,1,18,0,1
9235,2,19,0,1
9236,3,20,0,1
9237,4,21,0,1
9238,5,22,0,1
9239,6,23,0,1
9240,7,24,0,1
9241,0,25,1,0
9242,1,26,0,1
9243,2,27,0,1
9244,3,28,0,1
9245,4,29,0,1
9246,5,30,0,1
9247,6,31,0,1
9248,7,32,0,1
9249,0,33,1,0
9250,1,34,0,1
9251,2,35,0,1
9252,3,36,0,1
9253,4,37,0,1
9254,5,38,0,1
9255,6,39,0,1
9256,7,40,0,1
9257,0,41,1,0
9258,1,42,0,1
9259,2,43,0,1
9260,3,44,0,1
9261,4,45,0,1
9262,5,46,0,1
9263,6,47,0,1
9264,7,48,0,1
9265,0,49,1,0
9266,1,50,0,1
9267,2,51,0,1
9268,3,52,0,1
9269,4,53,0,1
9270,5,54,0,1
9271,6,55,0,1
9272,7,56,0,1
9273,0,57,1,0
9274,1,58,0,1
9275,2,59,0,1
9276,3,60,0,1
9277,4,61,0,1
9278,5,62,0,1
9279,6,63,0,1
9280,7,64,0,1
9281,0,1,1,0
9282,1,2,0,1
9283,2,3,0,1
9284,3,4,0,1
9285,4,5,0,1
9286,5,6,0,1
9287,6,7,0,1
9288,7,8,0,1
9289,0,9,1,0
9290,1,10,0,1
9291,2,11,0,1
9292,3,12,0,1
9293,4,13,0,1
9294,5,14,0,1
9295,6,15,0,1
9296,7,16,0,1
9297,0,17,1,0
9298,1,18,0,1
9299,2,19,0,1
9300,3,20,0,1
9301,4,21,0,1
9302,5,22,0,1
9303,6,23,0,1
9304,7,24,0,1
9305,0,25,1,0
9306,1,26,0,1
9307,2,27,0,1
9308,3,28,0,1
9309,4,29,0,1
9310,5,30,0,1
9311,6,31,0,1
9312,7,32,0,1
9313,0,33,1,0
9314,1,34,0,1
9315,2,35,0,1
9316,3,36,0,1
9317,4,37,0,1
9318,5,38,0,1
9319,6,39,0,1
9320,7,40,0,1
9321,0,41,1,0
9322,1,42,0,1
9323,2,43,0,1
9324,3,44,0,1
9325,4,45,0,1
9326,5,46,0,1
9327,6,47,0,1
9328,7,48,0,1
9329,0,49,1,0
9330,1,50,0,1
9331,2,51,0,1
9332,3,52,0,1
9333,4,53,0,1
9334,5,54,0,1
9335,6,55,0,1
9336,7,56,0,1
9337,0,57,1,0
9338,1,58,0,1
9339,2,59,0,1
9340,3,60,0,1
9341,4,61,0,1
9342,5,62,0,1
9343,6,63,0,1
9344,7,64,0,1
9345,0,1,1,0
9346,1,2,0,1
9347,2,3,0,1
9348,3,4,0,1
9349,4,5,0,1
9350,5,6,0,1
9351,6,7,0,1
9352,7,8,0,1
9353,0,9,1,0
9354,1,10,0,1
9355,2,11,0,1
9356,3,12,0,1
9357,4,13,0,1
9358,5,14,0,1
9359,6,15,0,1
9360,7,16,0,1
9361,0,17,1,0
9362,1,18,0,1
9363,2,19,0,1
9364,3,20,0,1
9365,4,21,0,1
9366,5,22,0,1
9367,6,23,0,1
9368,7,24,0,1
9369,0,25,1,0
9370,1,26,0,1
9371,2,27,0,1
9372,3,28,0,1
9373,4,29,0,1
9374,5,30,0,1
9375,6,31,0,1
9376,7,32,0,1
9377,0,33,1,0
9378,1,34,0,1
9379,2,35,0,1
9380,3,36,0,1
9381,4,37,0,1
9382,5,38,0,1
9383,6,39,0,1
9384,7,40,0,1
9385,0,41,1,0
9386,1,42,0,1
9387,2,43,0,1
9388,3,44,0,1
9389,4,45,0,1
9390,5,46,0,1
9391,6,47,0,1
9392,7,48,0,1
9393,0,49,1,0
9394,1,50,0,1
9395,2,51,0,1
9396,3,52,0,1
9397,4,53,0,1
9398,5,54,0,1
9399,6,55,0,1
9400,7,56,0,1
9401,0,57,1,0
9402,1,58,0,1
9403,2,59,0,1
9404,3,60,0,1
9405,4,61,0,1
9406,5,62,0,1
9407,6,63,0,1
9408,7,64,0,1
9409,0,1,1,0
9410,1,2,0,1
9411,2,3,0,1
9412,3,4,0,1
9413,4,5,0,1
9414,5,6,0,1
9415,6,7,0,1
9416,7,8,0,1
9417,0,9,1,0
9418,1,10,0,1
9419,2,11,0,1
9420,3,12,0,1
9421,4,13,0,1
9422,5,14,0,1
9423,6,15,0,1
9424,7,16,0,1
9425,0,17,1,0
9426,1,18,0,1
9427,2,19,0,1
9428,3,20,0,1
9429,4,21,0,1
9430,5,22,0,1
9431,6,23,0,1
9432,7,24,0,1
9433,0,25,1,0
9434,1,26,0,1
9435,2,27,0,1
9436,3,28,0,1
9437,4,29,0,1
9438,5,30,0,1
9439,6,31,0,1
9440,7,32,0,1
9441,0,33,1,0
9442,1,34,0,1
9443,2,35,0,1
9444,3,36,0,1
9445,4,37,0,1
9446,5,38,0,1
9447,6,39,0,1
9448,7,40,0,1
9449,0,41,1,0
9450,1,42,0,1
9451,2,43,0,1
9452,3,44,0,1
9453,4,45,0,1
9454,5,46,0,1
9455,6,47,0,1
9456,7,48,0,1
9457,0,49,1,0
9458,1,50,0,1
9459,2,51,0,1
9460,3,52,0,1
9461,4,53,0,1
9462,5,54,0,1
9463,6,55,0,1
9464,7,56,0,1
9465,0,57,1,0
9466,1,58,0,1
9467,2,59,0,1
9468,3,60,0,1
9469,4,61,0,1
9470,5,62,0,1
9471,6,63,0,1
9472,7,64,0,1
9473,0,1,1,0
9474,1,2,0,1
9475,2,3,0,1
9476,3,4,0,1
9477,4,5,0,1
9478,5,6,0,1
9479,6,7,0,1
9480,7,8,0,1
9481,0,9,1,0
9482,1,10,0,1
9483,2,11,0,1
9484,3,12,0,1
9485,4,13,0,1
9486,5,14,0,1
9487,6,15,0,1
9488,7,16,0,1
9489,0,17,1,0
9490,1,18,0,1
9491,2,19,0,1
9492,3,20,0,1
9493,4,21,0,1
9494,5,22,0,1
9495,6,23,0,1
9496,7,24,0,1
9497,0,25,1,0
9498,1,26,0,1
9499,2,27,0,1
9500,3,28,0,1
9501,4,29,0,1
9502,5,30,0,1
9503,6,31,0,1
9504,7,32,0,1
9505,0,33,1,0
9506,1,34,0,1
9507,2,35,0,1
9508,3,36,0,1
9509,4,37,0,1
9510,5,38,0,1
9511,6,39,0,1
9512,7,40,0,1
9513,0,41,1,0
9514,1,42,0,1
9515,2,43,0,1
9516,3,44,0,1
9517,4,45,0,1
9518,5,46,0,1
9519,6,47,0,1
9520,7,48,0,1
9521,0,49,1,0
9522,1,50,0,1
9523,2,51,0,1
9524,3,52,0,1
9525,4,53,0,1
9526,5,54,0,1
9527,6,55,0,1
9528,7,56,0,1
9529,0,57,1,0
9530,1,58,0,1
9531,2,59,0,1
9532,3,60,0,1
9533,4,61,0,1
9534,5,62,0,1
9535,6,63,0,1
9536,7,64,0,1
9537,0,1,1,0
9538,1,2,0,1
9539,2,3,0,1
9540,3,4,0,1
9541,4,5,0,1
9542,5,6,0,1
9543,6,7,0,1
9544,7,8,0,1
9545,0,9,1,0
9546,1,10,0,1
9547,2,11,0,1
9548,3,12,0,1
9549,4,13,0,1
9550,5,14,0,1
9551,6,15,0,1
9552,7,16,0,1
9553,0,17,1,0
9554,1,18,0,1
9555,2,19,0,1
9556,3,20,0,1
9557,4,21,0,1
9558,5,22,0,1
9559,6,23,0,1
9560,7,24,0,1
9561,0,25,1,0
9562,1,26,0,1
9563,2,27,0,1
9564,3,28,0,1
9565,4,29,0,1
9566,5,30,0,1
9567,6,31,0,1
9568,7,32,0,1
9569,0,33,1,0
9570,1,34,0,1
9571,2,35,0,1
9572,3,36,0,1
9573,4,37,0,1
9574,5,38,0,1
9575,6,39,0,1
9576,7,40,0,1
9577,0,41,1,0
9578,1,42,0,1
9579,2,43,0,1
9580,3,44,0,1
9581,4,45,0,1
9582,5,46,0,1
9583,6,47,0,1
9584,7,48,0,1
9585,0,49,1,0
9586,1,50,0,1
9587,2,51,0,1
9588,3,52,0,1
9589,4,53,0,1
9590,5,54,0,1
9591,6,55,0,1
9592,7,56,0,1
9593,0,57,1,0
9594,1,58,0,1
9595,2,59,0,1
9596,3,60,0,1
9597,4,61,0,1
9598,5,62,0,1
9599,6,63,0,1
9600,7,64,0,1
9601,0,1,1,0
9602,1,2,0,1
9603,2,3,0,1
9604,3,4,0,1
9605,4,5,0,1
9606,5,6,0,1
9607,6,7,0,1
9608,7,8,0,1
9609,0,9,1,0
9610,1,10,0,1
9611,2,11,0,1
9612,3,12,0,1
9613,4,13,0,1
9614,5,14,0,1
9615,6,15,0,1
9616,7,16,0,1
9617,0,17,1,0
9618,1,18,0,1
9619,2,19,0,1
9620,3,20,0,1
9621,4,21,0,1
9622,5,22,0,1
9623,6,23,0,1
9624,7,24,0,1
9625,0,25,1,0
9626,1,26,0,1
9627,2,27,0,1
9628,3,28,0,1
9629,4,29,0,1
9630,5,30,0,1
9631,6,31,0,1
9632,7,32,0,1
9633,0,33,1,0
9634,1,34,0,1
9635,2,35,0,1
9636,3,36,0,1
9637,4,37,0,1
9638,5,38,0,1
9639,6,39,0,1
9640,7,40,0,1
9641,0,41,1,0
9642,1,42,0,1
9643,2,43,0,1
9644,3,44,0,1
9645,4,45,0,1
9646,5,46,0,1
9647,6,47,0,1
9648,7,48,0,1
9649,0,49,1,0
9650,1,50,0,1
9651,2,51,0,1
9652,3,52,0,1
9653,4,53,0,1
9654,5,54,0,1
9655,6,55,0,1
9656,7,56,0,1
9657,0,57,1,0
9658,1,58,0,1
9659,2,59,0,1
9660,3,60,0,1
9661,4,61,0,1
9662,5,62,0,1
9663,6,63,0,1
9664,7,64,0,1
9665,0,1,1,0
9666,1,2,0,1
9667,2,3,0,1
9668,3,4,0,1
9669,4,5,0,1
9670,5,6,0,1
9671,6,7,0,1
9672,7,8,0,1
9673,0,9,1,0
9674,1,10,0,1
9675,2,11,0,1
9676,3,12,0,1
9677,4,13,0,1
9678,5,14,0,1
9679,6,15,0,1
9680,7,16,0,1
9681,0,17,1,0
9682,1,18,0,1
9683,2,19,0,1
9684,3,20,0,1
9685,4,21,0,1
9686,5,22,0,1
9687,6,23,0,1
9688,7,24,0,1
9689,0,25,1,0
9690,1,26,0,1
9691,2,27,0,1
9692,3,28,0,1
9693,4,29,0,1
9694,5,30,0,1
9695,6,31,0,1
9696,7,32,0,1
9697,0,33,1,0
9698,1,34,0,1
9699,2,35,0,1
9700,3,36,0,1
9701,4,37,0,1
9702,5,38,0,1
9703,6,39,0,1
9704,7,40,0,1
9705,0,41,1,0
9706,1,42,0,1
9707,2,43,0,1
9708,3,44,0,1
9709,4,45,0,1
9710,5,46,0,1
9711,6,47,0,1
9712,7,48,0,1
9713,0,49,1,0
9714,1,50,0,1
9715,2,51,0,1
9716,3,52,0,1
9717,4,53,0,1
9718,5,54,0,1
9719,6,55,0,1
9720,7,56,0,1
9721,0,57,1,0
9722,1,58,0,1
9723,2,59,0,1
9724,3,60,0,1
9725,4,61,0,1
9726,5,62,0,1
9727,6,63,0,1
9728,7,64,0,1
9729,0,1,1,0
9730,1,2,0,1
9731,2,3,0,1
9732,3,4,0,1
9733,4,5,0,1
9734,5,6,0,1
9735,6,7,0,1
9736,7,8,0,1
9737,0,9,1,0
9738,1,10,0,1
9739,2,11,0,1
9740,3,12,0,1
9741,4,13,0,1
9742,5,14,0,1
9743,6,15,0,1
9744,7,16,0,1
9745,0,17,1,0
9746,1,18,0,1
9747,2,19,0,1
9748,3,20,0,1
9749,4,21,0,1
9750,5,22,0,1
9751,6,23,0,1
9752,7,24,0,1
9753,0,25,1,0
9754,1,26,0,1
9755,2,27,0,1
9756,3,28,0,1
9757,4,29,0,1
9758,5,30,0,1
9759,6,31,0,1
9760,7,32,0,1
9761,0,33,1,0
9762,1,34,0,1
9763,2,35,0,1
9764,3,36,0,1
9765,4,37,0,1
9766,5,38,0,1
9767,6,39,0,1
9768,7,40,0,1
9769,0,41,1,0
9770,1,42,0,1
9771,2,43,0,1
9772,3,44,0,1
9773,4,45,0,1
9774,5,46,0,1
9775,6,47,0,1
9776,7,48,0,1
9777,0,49,1,0
9778,1,50,0,1
9779,2,51,0,1
9780,3,52,0,1
9781,4,53,0,1
9782,5,54,0,1
9783,6,55,0,1
9784,7,56,0,1
9785,0,57,1,0
9786,1,58,0,1
9787,2,59,0,1
9788,3,60,0,1
9789,4,61,0,1
9790,5,62,0,1
9791,6,63,0,1
9792,7,64,0,1
9793,0,1,1,0
9794,1,2,0,1
9795,2,3,0,1
9796,3,4,0,1
9797,4,5,0,1
9798,5,6,0,1
9799,6,7,0,1
9800,7,8,0,1
9801,0,9,1,0
9802,1,10,0,1
9803,2,11,0,1
9804,3,12,0,1
9805,4,13,0,1
9806,5,14,0,1
9807,6,15,0,1
9808,7,16,0,1
9809,0,17,1,0
9810,1,18,0,1
9811,2,19,0,1
9812,3,20,0,1
9813,4,21,0,1
9814,5,22,0,1
9815,6,23,0,1
9816,7,24,0,1
9817,0,25,1,0
9818,1,26,0,1
9819,2,27,0,1
9820,3,28,0,1
9821,4,29,0,1
9822,5,30,0,1
9823,6,31,0,1
9824,7,32,0,1
9825,0,33,1,0
9826,1,34,0,1
9827,2,35,0,1
9828,3,36,0,1
9829,4,37,0,1
9830,5,38,0,1
9831,6,39,0,1
9832,7,40,0,1
9833,0,41,1,0
9834,1,42,0,1
9835,2,43,0,1
9836,3,44,0,1
9837,4,45,0,1
9838,5,46,0,1
9839,6,47,0,1
9840,7,48,0,1
9841,0,49,1,0
9842,1,50,0,1
9843,2,51,0,1
9844,3,52,0,1
9845,4,53,0,1
9846,5,54,0,1
9847,6,55,0,1
9848,7,56,0,1
9849,0,57,1,0
9850,1,58,0,1
9851,2,59,0,1
9852,3,60,0,1
9853,4,61,0,1
9854,5,62,0,1
9855,6,63,0,1
9856,7,64,0,1
9857,0,1,1,0
9858,1,2,0,1
9859,2,3,0,1
9860,3,4,0,1
9861,4,5,0,1
9862,5,6,0,1
9863,6,7,0,1
9864,7,8,0,1
9865,0,9,1,0
9866,1,10,0,1
9867,2,11,0,1
9868,3,12,0,1
9869,4,13,0,1
9870,5,14,0,1
9871,6,15,0,1
9872,7,16,0,1
9873,0,17,1,0
9874,1,18,0,1
9875,2,19,0,1
9876,3,20,0,1
9877,4,21,0,1
9878,5,22,0,1
9879,6,23,0,1
9880,7,24,0,1
9881,0,25,1,0
9882,1,26,0,1
9883,2,27,0,1
9884,3,28,0,1
9885,4,29,0,1
9886,5,30,0,1
9887,6,31,0,1
9888,7,32,0,1
9889,0,33,1,0
9890,1,34,0,1
9891,2,35,0,1
9892,3,36,0,1
9893,4,37,0,1
9894,5,38,0,1
9895,6,39,0,1
9896,7,40,0,1
9897,0,41,1,0
9898,1,42,0,1
9899,2,43,0,1
9900,3,44,0,1
9901,4,45,0,1
9902,5,46,0,1
9903,6,47,0,1
9904,7,48,0,1
9905,0,49,1,0
9906,1,50,0,1
9907,2,51,0,1
9908,3,52,0,1
9909,4,53,0,1
9910,5,54,0,1
9911,6,55,0,1
9912,7,56,0,1
9913,0,57,1,0
9914,1,58,0,1
9915,2,59,0,1
9916,3,60,0,1
9917,4,61,0,1
9918,5,62,0,1
9919,6,63,0,1
9920,7,64,0,1
9921,0,1,1,0
9922,1,2,0,1
9923,2,3,0,1
9924,3,4,0,1
9925,4,5,0,1
9926,5,6,0,1
9927,6,7,0,1
9928,7,8,0,1
9929,0,9,1,0
9930,1,10,0,1
9931,2,11,0,1
9932,3,12,0,1
9933,4,13,0,1
9934,5,14,0,1
9935,6,15,0,1
9936,7,16,0,1
9937,0,17,1,0
9938,1,18,0,1
9939,2,19,0,1
9940,3,20,0,1
9941,4,21,0,1
9942,5,22,0,1
9943,6,23,0,1
9944,7,24,0,1
9945,0,25,1,0
9946,1,26,0,1
9947,2,27,0,1
9948,3,28,0,1
9949,4,29,0,1
9950,5,30,0,1
9951,6,31,0,1
9952,7,32,0,1
9953,0,33,1,0
9954,1,34,0,1
9955,2,35,0,1
9956,3,36,0,1
9957,4,37,0,1
9958,5,38,0,1
9959,6,39,0,1
9960,7,40,0,1
9961,0,41,1,0
9962,1,42,0,1
9963,2,43,0,1
9964,3,44,0,1
9965,4,45,0,1
9966,5,46,0,1
9967,6,47,0,1
9968,7,48,0,1
9969,0,49,1,0
9970,1,50,0,1
9971,2,51,0,1
9972,3,52,0,1
9973,4,53,0,1
9974,5,54,0,1
9975,6,55,0,1
9976,7,56,0,1
9977,0,57,1,0
9978,1,58,0,1
9979,2,59,0,1
9980,3,60,0,1
9981,4,61,0,1
9982,5,62,0,1
9983,6,63,0,1
9984,7,64,0,1
9985,0,1,1,0
9986,1,2,0,1
9987,2,3,0,1
9988,3,4,0,1
9989,4,5,0,1
9990,5,6,0,1
9991,6,7,0,1
9992,7,8,0,1
9993,0,9,1,0
9994,1,10,0,1
9995,2,11,0,1
9996,3,12,0,1
9997,4,13,0,1
9998,5,14,0,1
9999,6,15,0,1
10000,7,16,0,1
10001,9,64,0,1
10002,9,64,0,1
10003,9,64,0,1
10004,9,64,0,1
10005,9,64,0,1
10006,9,64,0,1
10007,9,64,0,1
10008,9,64,0,1
10009,9,64,0,1
10010,9,64,0,1
10011,9,64,0,1
10012,9,64,0,1
10013,9,64,0,1
10014,9,64,0,1
10015,9,64,0,1
10016,9,64,0,1
10017,9,64,0,1
10018,9,64,0,1
10019,9,64,0,1
10020,9,64,0,1
10021,9,64,0,1
10022,9,64,0,1
10023,9,64,0,1
10024,9,64,0,1
10025,9,64,0,1
10026,9,64,0,1
10027,9,64,0,1
10028,9,64,0,1
10029,9,64,0,1
10030,9,64,0,1
10031,9,64,0,1
10032,9,64,0,1
10033,9,64,0,1
10034,9,64,0,1
10035,9,64,0,1
10036,9,64,0,1
10037,9,64,0,1
10038,9,64,0,1
10039,9,64,0,1
10040,9,64,0,1
10041,9,64,0,1
10042,9,64,0,1
10043,9,64,0,1
10044,9,64,0,1
10045,9,64,0,1
10046,9,64,0,1
10047,9,64,0,1
10048,9,64,0,1
10049,9,64,0,1
10050,9,64,0,1
10051,9,64,0,1
10052,9,64,0,1
10053,9,64,0,1
10054,9,64,0,1
10055,9,64,0,1
10056,9,64,0,1
10057,9,64,0,1
10058,9,64,0,1
10059,9,64,0,1
10060,9,64,0,1
10061,9,64,0,1
10062,9,64,0,1
10063,9,64,0,1
10064,9,64,0,1
10065,9,64,0,1
10066,9,64,0,1
10067,9,64,0,1
10068,9,64,0,1
10069,9,64,0,1
10070,9,64,0,1
10071,9,64,0,1
10072,9,64,0,1
10073,9,64,0,1
10074,9,64,0,1
10075,9,64,0,1
10076,9,64,0,1
10077,9,64,0,1
10078,9,64,0,1
10079,9,64,0,1
10080,9,64,0,1
10081,9,64,0,1
10082,9,64,0,1
10083,9,64,0,1
10084,9,64,0,1
10085,9,64,0,1
10086,9,64,0,1
10087,9,64,0,1
10088,9,64,0,1
10089,9,64,0,1
10090,9,64,0,1
10091,9,64,0,1
10092,9,64,0,1
10093,9,64,0,1
10094,9,64,0,1
10095,9,64,0,1
10096,9,64,0,1
10097,9,64,0,1
10098,9,64,0,1
10099,9,64,0,1
10100,9,64,0,1
10101,9,64,0,1
10102,9,64,0,1
10103,9,64,0,1
10104,9,64,0,1
10105,9,64,0,1
10106,9,64,0,1
10107,9,64,0,1
10108,9,64,0,1
10109,9,64,0,1
10110,9,64,0,1
10111,9,64,0,1
10112,9,64,0,1
10113,9,64,0,1
10114,10,64,0,1
10115,10,64,0,1
10116,10,64,0,1
10117,10,64,0,1
10118,10,64,0,1
10119,10,64,0,1
10120,10,64,0,1
10121,10,64,0,1
10122,10,64,0,1
10123,10,64,0,1
10124,10,64,0,1
10125,10,64,0,1
10126,10,64,0,1
10127,10,64,0,1
10128,10,64,0,1
10129,10,64,0,1
10130,10,64,0,1
10131,10,64,0,1
10132,10,64,0,1
10133,10,64,0,1
10134,10,64,0,1
10135,10,64,0,1
10136,10,64,0,1
10137,10,64,0,1
10138,10,64,0,1
10139,10,64,0,1
10140,10,64,0,1
10141,10,64,0,1
10142,10,64,0,1
10143,10,64,0,1
10144,10,64,0,1
10145,10,64,0,1
10146,10,64,0,1
10147,10,64,0,1
10148,10,64,0,1
10149,10,64,0,1
10150,10,64,0,1
10151,10,64,0,1
10152,10,64,0,1
10153,10,64,0,1
10154,10,64,0,1
10155,10,64,0,1
10156,10,64,0,1
10157,10,64,0,1
10158,10,64,0,1
10159,10,64,0,1
10160,10,64,0,1
10161,10,64,0,1
10162,10,64,0,1
10163,10,64,0,1
10164,10,64,0,1
10165,10,64,0,1
10166,10,64,0,1
10167,10,64,0,1
10168,10,64,0,1
10169,10,64,0,1
10170,10,64,0,1
10171,10,64,0,1
10172,10,64,0,1
10173,10,64,0,1
10174,10,64,0,1
10175,10,64,0,1
10176,10,64,0,1
10177,10,64,0,1
10178,10,64,0,1
10179,10,64,0,1
10180,10,64,0,1
10181,10,64,0,1
10182,10,64,0,1
10183,10,64,0,1
10184,10,64,0,1
10185,10,64,0,1
10186,10,64,0,1
10187,10,64,0,1
10188,10,64,0,1
10189,10,64,0,1
10190,10,64,0,1
10191,10,64,0,1
10192,10,64,0,1
10193,10,64,0,1
10194,10,64,0,1
10195,10,64,0,1
10196,10,64,0,1
10197,10,64,0,1
10198,10,64,0,1
10199,10,64,0,1
10200,10,64,0,1
10201,10,64,0,1
10202,10,64,0,1
10203,10,64,0,1
10204,10,64,0,1
10205,10,64,0,1
10206,10,64,0,1
10207,10,64,0,1
10208,10,64,0,1
10209,10,64,0,1
10210,10,64,0,1
10211,10,64,0,1
10212,10,64,0,1
10213,10,64,0,1
10214,10,64,0,1
10215,10,64,0,1
10216,10,64,0,1
10217,10,64,0,1
10218,10,64,0,1
10219,10,64,0,1
10220,10,64,0,1
10221,10,64,0,1
10222,10,64,0,1
10223,10,64,0,1
10224,10,64,0,1
10225,10,64,0,1
10226,10,64,0,1
10227,8,1,1,0
10228,8,2,1,0
10229,8,3,1,0
10230,8,4,1,0
10231,8,5,1,0
10232,8,6,1,0
10233,8,7,1,0
10234,8,8,1,0
10235,8,9,1,0
10236,8,10,1,0
10237,8,11,1,0
10238,8,12,1,0
10239,8,13,1,0
10240,8,14,1,0
10241,8,15,1,0
10242,8,16,1,0
10243,8,17,1,0
10244,8,18,1,0
10245,8,19,1,0
10246,8,20,1,0
10247,8,21,1,0
10248,8,22,1,0
10249,8,23,1,0
10250,8,24,1,0
10251,8,25,1,0
10252,8,26,1,0
10253,8,27,1,0
10254,8,28,1,0
10255,8,29,1,0
10256,8,30,1,0
10257,8,31,1,0
10258,8,32,1,0
10259,8,33,1,0
10260,8,34,1,0
10261,8,35,1,0
10262,8,36,1,0
10263,8,37,1,0
10264,8,38,1,0
10265,8,39,1,0
10266,8,40,1,0
10267,8,41,1,0
10268,8,42,1,0
10269,8,43,1,0
10270,8,44,1,0
10271,8,45,1,0
10272,8,46,1,0
10273,8,47,1,0
10274,8,48,1,0
10275,8,49,1,0
10276,8,50,1,0
10277,8,51,1,0
10278,8,52,1,0
10279,8,53,1,0
10280,8,54,1,0
10281,8,55,1,0
10282,8,56,1,0
10283,8,57,1,0
10284,8,58,1,0
10285,8,59,1,0
10286,8,60,1,0
10287,8,61,1,0
10288,8,62,1,0
10289,8,63,1,0
10290,8,64,1,0
