id,payload_bytes,ad_bytes,guard,expected_auth,expected_commit,cycles_to_auth,commits,last_seq,unsafe_writes,cycles_to_commit,release_beats
1,0,0,0,1,0,42,0,0,0,-1,0
2,0,1,0,1,0,51,0,0,0,-1,0
3,0,2,0,1,0,51,0,0,0,-1,0
4,0,3,0,1,0,51,0,0,0,-1,0
5,0,4,0,1,0,52,0,0,0,-1,0
6,0,5,0,1,0,52,0,0,0,-1,0
7,0,6,0,1,0,52,0,0,0,-1,0
8,0,7,0,1,0,52,0,0,0,-1,0
9,0,8,0,1,0,53,0,0,0,-1,0
10,0,9,0,1,0,53,0,0,0,-1,0
11,0,10,0,1,0,53,0,0,0,-1,0
12,0,11,0,1,0,53,0,0,0,-1,0
13,0,12,0,1,0,54,0,0,0,-1,0
14,0,13,0,1,0,54,0,0,0,-1,0
15,0,14,0,1,0,54,0,0,0,-1,0
16,0,15,0,1,0,54,0,0,0,-1,0
17,0,16,0,1,0,63,0,0,0,-1,0
18,0,17,0,1,0,63,0,0,0,-1,0
19,0,18,0,1,0,63,0,0,0,-1,0
20,0,19,0,1,0,63,0,0,0,-1,0
21,0,20,0,1,0,64,0,0,0,-1,0
22,0,21,0,1,0,64,0,0,0,-1,0
23,0,22,0,1,0,64,0,0,0,-1,0
24,0,23,0,1,0,64,0,0,0,-1,0
25,0,24,0,1,0,65,0,0,0,-1,0
26,0,25,0,1,0,65,0,0,0,-1,0
27,0,26,0,1,0,65,0,0,0,-1,0
28,0,27,0,1,0,65,0,0,0,-1,0
29,0,28,0,1,0,66,0,0,0,-1,0
30,0,29,0,1,0,66,0,0,0,-1,0
31,0,30,0,1,0,66,0,0,0,-1,0
32,0,31,0,1,0,66,0,0,0,-1,0
33,0,32,0,1,0,75,0,0,0,-1,0
34,1,0,0,1,0,43,0,0,0,-1,0
35,1,1,0,1,0,52,0,0,0,-1,0
36,1,2,0,1,0,52,0,0,0,-1,0
37,1,3,0,1,0,52,0,0,0,-1,0
38,1,4,0,1,0,53,0,0,0,-1,0
39,1,5,0,1,0,53,0,0,0,-1,0
40,1,6,0,1,0,53,0,0,0,-1,0
41,1,7,0,1,0,53,0,0,0,-1,0
42,1,8,0,1,0,54,0,0,0,-1,0
43,1,9,0,1,0,54,0,0,0,-1,0
44,1,10,0,1,0,54,0,0,0,-1,0
45,1,11,0,1,0,54,0,0,0,-1,0
46,1,12,0,1,0,55,0,0,0,-1,0
47,1,13,0,1,0,55,0,0,0,-1,0
48,1,14,0,1,0,55,0,0,0,-1,0
49,1,15,0,1,0,55,0,0,0,-1,0
50,1,16,0,1,0,64,0,0,0,-1,0
51,1,17,0,1,0,64,0,0,0,-1,0
52,1,18,0,1,0,64,0,0,0,-1,0
53,1,19,0,1,0,64,0,0,0,-1,0
54,1,20,0,1,0,65,0,0,0,-1,0
55,1,21,0,1,0,65,0,0,0,-1,0
56,1,22,0,1,0,65,0,0,0,-1,0
57,1,23,0,1,0,65,0,0,0,-1,0
58,1,24,0,1,0,66,0,0,0,-1,0
59,1,25,0,1,0,66,0,0,0,-1,0
60,1,26,0,1,0,66,0,0,0,-1,0
61,1,27,0,1,0,66,0,0,0,-1,0
62,1,28,0,1,0,67,0,0,0,-1,0
63,1,29,0,1,0,67,0,0,0,-1,0
64,1,30,0,1,0,67,0,0,0,-1,0
65,1,31,0,1,0,67,0,0,0,-1,0
66,1,32,0,1,0,76,0,0,0,-1,0
67,2,0,0,1,0,43,0,0,0,-1,0
68,2,1,0,1,0,52,0,0,0,-1,0
69,2,2,0,1,0,52,0,0,0,-1,0
70,2,3,0,1,0,52,0,0,0,-1,0
71,2,4,0,1,0,53,0,0,0,-1,0
72,2,5,0,1,0,53,0,0,0,-1,0
73,2,6,0,1,0,53,0,0,0,-1,0
74,2,7,0,1,0,53,0,0,0,-1,0
75,2,8,0,1,0,54,0,0,0,-1,0
76,2,9,0,1,0,54,0,0,0,-1,0
77,2,10,0,1,0,54,0,0,0,-1,0
78,2,11,0,1,0,54,0,0,0,-1,0
79,2,12,0,1,0,55,0,0,0,-1,0
80,2,13,0,1,0,55,0,0,0,-1,0
81,2,14,0,1,0,55,0,0,0,-1,0
82,2,15,0,1,0,55,0,0,0,-1,0
83,2,16,0,1,0,64,0,0,0,-1,0
84,2,17,0,1,0,64,0,0,0,-1,0
85,2,18,0,1,0,64,0,0,0,-1,0
86,2,19,0,1,0,64,0,0,0,-1,0
87,2,20,0,1,0,65,0,0,0,-1,0
88,2,21,0,1,0,65,0,0,0,-1,0
89,2,22,0,1,0,65,0,0,0,-1,0
90,2,23,0,1,0,65,0,0,0,-1,0
91,2,24,0,1,0,66,0,0,0,-1,0
92,2,25,0,1,0,66,0,0,0,-1,0
93,2,26,0,1,0,66,0,0,0,-1,0
94,2,27,0,1,0,66,0,0,0,-1,0
95,2,28,0,1,0,67,0,0,0,-1,0
96,2,29,0,1,0,67,0,0,0,-1,0
97,2,30,0,1,0,67,0,0,0,-1,0
98,2,31,0,1,0,67,0,0,0,-1,0
99,2,32,0,1,0,76,0,0,0,-1,0
100,3,0,0,1,0,43,0,0,0,-1,0
101,3,1,0,1,0,52,0,0,0,-1,0
102,3,2,0,1,0,52,0,0,0,-1,0
103,3,3,0,1,0,52,0,0,0,-1,0
104,3,4,0,1,0,53,0,0,0,-1,0
105,3,5,0,1,0,53,0,0,0,-1,0
106,3,6,0,1,0,53,0,0,0,-1,0
107,3,7,0,1,0,53,0,0,0,-1,0
108,3,8,0,1,0,54,0,0,0,-1,0
109,3,9,0,1,0,54,0,0,0,-1,0
110,3,10,0,1,0,54,0,0,0,-1,0
111,3,11,0,1,0,54,0,0,0,-1,0
112,3,12,0,1,0,55,0,0,0,-1,0
113,3,13,0,1,0,55,0,0,0,-1,0
114,3,14,0,1,0,55,0,0,0,-1,0
115,3,15,0,1,0,55,0,0,0,-1,0
116,3,16,0,1,0,64,0,0,0,-1,0
117,3,17,0,1,0,64,0,0,0,-1,0
118,3,18,0,1,0,64,0,0,0,-1,0
119,3,19,0,1,0,64,0,0,0,-1,0
120,3,20,0,1,0,65,0,0,0,-1,0
121,3,21,0,1,0,65,0,0,0,-1,0
122,3,22,0,1,0,65,0,0,0,-1,0
123,3,23,0,1,0,65,0,0,0,-1,0
124,3,24,0,1,0,66,0,0,0,-1,0
125,3,25,0,1,0,66,0,0,0,-1,0
126,3,26,0,1,0,66,0,0,0,-1,0
127,3,27,0,1,0,66,0,0,0,-1,0
128,3,28,0,1,0,67,0,0,0,-1,0
129,3,29,0,1,0,67,0,0,0,-1,0
130,3,30,0,1,0,67,0,0,0,-1,0
131,3,31,0,1,0,67,0,0,0,-1,0
132,3,32,0,1,0,76,0,0,0,-1,0
133,4,0,0,1,0,44,0,0,0,-1,0
134,4,1,0,1,0,53,0,0,0,-1,0
135,4,2,0,1,0,53,0,0,0,-1,0
136,4,3,0,1,0,53,0,0,0,-1,0
137,4,4,0,1,0,54,0,0,0,-1,0
138,4,5,0,1,0,54,0,0,0,-1,0
139,4,6,0,1,0,54,0,0,0,-1,0
140,4,7,0,1,0,54,0,0,0,-1,0
141,4,8,0,1,0,55,0,0,0,-1,0
142,4,9,0,1,0,55,0,0,0,-1,0
143,4,10,0,1,0,55,0,0,0,-1,0
144,4,11,0,1,0,55,0,0,0,-1,0
145,4,12,0,1,0,56,0,0,0,-1,0
146,4,13,0,1,0,56,0,0,0,-1,0
147,4,14,0,1,0,56,0,0,0,-1,0
148,4,15,0,1,0,56,0,0,0,-1,0
149,4,16,0,1,0,65,0,0,0,-1,0
150,4,17,0,1,0,65,0,0,0,-1,0
151,4,18,0,1,0,65,0,0,0,-1,0
152,4,19,0,1,0,65,0,0,0,-1,0
153,4,20,0,1,0,66,0,0,0,-1,0
154,4,21,0,1,0,66,0,0,0,-1,0
155,4,22,0,1,0,66,0,0,0,-1,0
156,4,23,0,1,0,66,0,0,0,-1,0
157,4,24,0,1,0,67,0,0,0,-1,0
158,4,25,0,1,0,67,0,0,0,-1,0
159,4,26,0,1,0,67,0,0,0,-1,0
160,4,27,0,1,0,67,0,0,0,-1,0
161,4,28,0,1,0,68,0,0,0,-1,0
162,4,29,0,1,0,68,0,0,0,-1,0
163,4,30,0,1,0,68,0,0,0,-1,0
164,4,31,0,1,0,68,0,0,0,-1,0
165,4,32,0,1,0,77,0,0,0,-1,0
166,5,0,0,1,0,44,0,0,0,-1,0
167,5,1,0,1,0,53,0,0,0,-1,0
168,5,2,0,1,0,53,0,0,0,-1,0
169,5,3,0,1,0,53,0,0,0,-1,0
170,5,4,0,1,0,54,0,0,0,-1,0
171,5,5,0,1,0,54,0,0,0,-1,0
172,5,6,0,1,0,54,0,0,0,-1,0
173,5,7,0,1,0,54,0,0,0,-1,0
174,5,8,0,1,0,55,0,0,0,-1,0
175,5,9,0,1,0,55,0,0,0,-1,0
176,5,10,0,1,0,55,0,0,0,-1,0
177,5,11,0,1,0,55,0,0,0,-1,0
178,5,12,0,1,0,56,0,0,0,-1,0
179,5,13,0,1,0,56,0,0,0,-1,0
180,5,14,0,1,0,56,0,0,0,-1,0
181,5,15,0,1,0,56,0,0,0,-1,0
182,5,16,0,1,0,65,0,0,0,-1,0
183,5,17,0,1,0,65,0,0,0,-1,0
184,5,18,0,1,0,65,0,0,0,-1,0
185,5,19,0,1,0,65,0,0,0,-1,0
186,5,20,0,1,0,66,0,0,0,-1,0
187,5,21,0,1,0,66,0,0,0,-1,0
188,5,22,0,1,0,66,0,0,0,-1,0
189,5,23,0,1,0,66,0,0,0,-1,0
190,5,24,0,1,0,67,0,0,0,-1,0
191,5,25,0,1,0,67,0,0,0,-1,0
192,5,26,0,1,0,67,0,0,0,-1,0
193,5,27,0,1,0,67,0,0,0,-1,0
194,5,28,0,1,0,68,0,0,0,-1,0
195,5,29,0,1,0,68,0,0,0,-1,0
196,5,30,0,1,0,68,0,0,0,-1,0
197,5,31,0,1,0,68,0,0,0,-1,0
198,5,32,0,1,0,77,0,0,0,-1,0
199,6,0,0,1,0,44,0,0,0,-1,0
200,6,1,0,1,0,53,0,0,0,-1,0
201,6,2,0,1,0,53,0,0,0,-1,0
202,6,3,0,1,0,53,0,0,0,-1,0
203,6,4,0,1,0,54,0,0,0,-1,0
204,6,5,0,1,0,54,0,0,0,-1,0
205,6,6,0,1,0,54,0,0,0,-1,0
206,6,7,0,1,0,54,0,0,0,-1,0
207,6,8,0,1,0,55,0,0,0,-1,0
208,6,9,0,1,0,55,0,0,0,-1,0
209,6,10,0,1,0,55,0,0,0,-1,0
210,6,11,0,1,0,55,0,0,0,-1,0
211,6,12,0,1,0,56,0,0,0,-1,0
212,6,13,0,1,0,56,0,0,0,-1,0
213,6,14,0,1,0,56,0,0,0,-1,0
214,6,15,0,1,0,56,0,0,0,-1,0
215,6,16,0,1,0,65,0,0,0,-1,0
216,6,17,0,1,0,65,0,0,0,-1,0
217,6,18,0,1,0,65,0,0,0,-1,0
218,6,19,0,1,0,65,0,0,0,-1,0
219,6,20,0,1,0,66,0,0,0,-1,0
220,6,21,0,1,0,66,0,0,0,-1,0
221,6,22,0,1,0,66,0,0,0,-1,0
222,6,23,0,1,0,66,0,0,0,-1,0
223,6,24,0,1,0,67,0,0,0,-1,0
224,6,25,0,1,0,67,0,0,0,-1,0
225,6,26,0,1,0,67,0,0,0,-1,0
226,6,27,0,1,0,67,0,0,0,-1,0
227,6,28,0,1,0,68,0,0,0,-1,0
228,6,29,0,1,0,68,0,0,0,-1,0
229,6,30,0,1,0,68,0,0,0,-1,0
230,6,31,0,1,0,68,0,0,0,-1,0
231,6,32,0,1,0,77,0,0,0,-1,0
232,7,0,0,1,0,44,0,0,0,-1,0
233,7,1,0,1,0,53,0,0,0,-1,0
234,7,2,0,1,0,53,0,0,0,-1,0
235,7,3,0,1,0,53,0,0,0,-1,0
236,7,4,0,1,0,54,0,0,0,-1,0
237,7,5,0,1,0,54,0,0,0,-1,0
238,7,6,0,1,0,54,0,0,0,-1,0
239,7,7,0,1,0,54,0,0,0,-1,0
240,7,8,0,1,0,55,0,0,0,-1,0
241,7,9,0,1,0,55,0,0,0,-1,0
242,7,10,0,1,0,55,0,0,0,-1,0
243,7,11,0,1,0,55,0,0,0,-1,0
244,7,12,0,1,0,56,0,0,0,-1,0
245,7,13,0,1,0,56,0,0,0,-1,0
246,7,14,0,1,0,56,0,0,0,-1,0
247,7,15,0,1,0,56,0,0,0,-1,0
248,7,16,0,1,0,65,0,0,0,-1,0
249,7,17,0,1,0,65,0,0,0,-1,0
250,7,18,0,1,0,65,0,0,0,-1,0
251,7,19,0,1,0,65,0,0,0,-1,0
252,7,20,0,1,0,66,0,0,0,-1,0
253,7,21,0,1,0,66,0,0,0,-1,0
254,7,22,0,1,0,66,0,0,0,-1,0
255,7,23,0,1,0,66,0,0,0,-1,0
256,7,24,0,1,0,67,0,0,0,-1,0
257,7,25,0,1,0,67,0,0,0,-1,0
258,7,26,0,1,0,67,0,0,0,-1,0
259,7,27,0,1,0,67,0,0,0,-1,0
260,7,28,0,1,0,68,0,0,0,-1,0
261,7,29,0,1,0,68,0,0,0,-1,0
262,7,30,0,1,0,68,0,0,0,-1,0
263,7,31,0,1,0,68,0,0,0,-1,0
264,7,32,0,1,0,77,0,0,0,-1,0
265,8,0,0,1,0,45,0,0,0,-1,0
266,8,1,0,1,0,54,0,0,0,-1,0
267,8,2,0,1,0,54,0,0,0,-1,0
268,8,3,0,1,0,54,0,0,0,-1,0
269,8,4,0,1,0,55,0,0,0,-1,0
270,8,5,0,1,0,55,0,0,0,-1,0
271,8,6,0,1,0,55,0,0,0,-1,0
272,8,7,0,1,0,55,0,0,0,-1,0
273,8,8,0,1,0,56,0,0,0,-1,0
274,8,9,0,1,0,56,0,0,0,-1,0
275,8,10,0,1,0,56,0,0,0,-1,0
276,8,11,0,1,0,56,0,0,0,-1,0
277,8,12,0,1,0,57,0,0,0,-1,0
278,8,13,0,1,0,57,0,0,0,-1,0
279,8,14,0,1,0,57,0,0,0,-1,0
280,8,15,0,1,0,57,0,0,0,-1,0
281,8,16,0,1,0,66,0,0,0,-1,0
282,8,17,0,1,0,66,0,0,0,-1,0
283,8,18,0,1,0,66,0,0,0,-1,0
284,8,19,0,1,0,66,0,0,0,-1,0
285,8,20,0,1,0,67,0,0,0,-1,0
286,8,21,0,1,0,67,0,0,0,-1,0
287,8,22,0,1,0,67,0,0,0,-1,0
288,8,23,0,1,0,67,0,0,0,-1,0
289,8,24,0,1,0,68,0,0,0,-1,0
290,8,25,0,1,0,68,0,0,0,-1,0
291,8,26,0,1,0,68,0,0,0,-1,0
292,8,27,0,1,0,68,0,0,0,-1,0
293,8,28,0,1,0,69,0,0,0,-1,0
294,8,29,0,1,0,69,0,0,0,-1,0
295,8,30,0,1,0,69,0,0,0,-1,0
296,8,31,0,1,0,69,0,0,0,-1,0
297,8,32,0,1,0,78,0,0,0,-1,0
298,9,0,0,1,0,45,0,0,0,-1,0
299,9,1,0,1,0,54,0,0,0,-1,0
300,9,2,0,1,0,54,0,0,0,-1,0
301,9,3,0,1,0,54,0,0,0,-1,0
302,9,4,0,1,0,55,0,0,0,-1,0
303,9,5,0,1,0,55,0,0,0,-1,0
304,9,6,0,1,0,55,0,0,0,-1,0
305,9,7,0,1,0,55,0,0,0,-1,0
306,9,8,0,1,0,56,0,0,0,-1,0
307,9,9,0,1,0,56,0,0,0,-1,0
308,9,10,0,1,0,56,0,0,0,-1,0
309,9,11,0,1,0,56,0,0,0,-1,0
310,9,12,0,1,0,57,0,0,0,-1,0
311,9,13,0,1,0,57,0,0,0,-1,0
312,9,14,0,1,0,57,0,0,0,-1,0
313,9,15,0,1,0,57,0,0,0,-1,0
314,9,16,0,1,0,66,0,0,0,-1,0
315,9,17,0,1,0,66,0,0,0,-1,0
316,9,18,0,1,0,66,0,0,0,-1,0
317,9,19,0,1,0,66,0,0,0,-1,0
318,9,20,0,1,0,67,0,0,0,-1,0
319,9,21,0,1,0,67,0,0,0,-1,0
320,9,22,0,1,0,67,0,0,0,-1,0
321,9,23,0,1,0,67,0,0,0,-1,0
322,9,24,0,1,0,68,0,0,0,-1,0
323,9,25,0,1,0,68,0,0,0,-1,0
324,9,26,0,1,0,68,0,0,0,-1,0
325,9,27,0,1,0,68,0,0,0,-1,0
326,9,28,0,1,0,69,0,0,0,-1,0
327,9,29,0,1,0,69,0,0,0,-1,0
328,9,30,0,1,0,69,0,0,0,-1,0
329,9,31,0,1,0,69,0,0,0,-1,0
330,9,32,0,1,0,78,0,0,0,-1,0
331,10,0,0,1,0,45,0,0,0,-1,0
332,10,1,0,1,0,54,0,0,0,-1,0
333,10,2,0,1,0,54,0,0,0,-1,0
334,10,3,0,1,0,54,0,0,0,-1,0
335,10,4,0,1,0,55,0,0,0,-1,0
336,10,5,0,1,0,55,0,0,0,-1,0
337,10,6,0,1,0,55,0,0,0,-1,0
338,10,7,0,1,0,55,0,0,0,-1,0
339,10,8,0,1,0,56,0,0,0,-1,0
340,10,9,0,1,0,56,0,0,0,-1,0
341,10,10,0,1,0,56,0,0,0,-1,0
342,10,11,0,1,0,56,0,0,0,-1,0
343,10,12,0,1,0,57,0,0,0,-1,0
344,10,13,0,1,0,57,0,0,0,-1,0
345,10,14,0,1,0,57,0,0,0,-1,0
346,10,15,0,1,0,57,0,0,0,-1,0
347,10,16,0,1,0,66,0,0,0,-1,0
348,10,17,0,1,0,66,0,0,0,-1,0
349,10,18,0,1,0,66,0,0,0,-1,0
350,10,19,0,1,0,66,0,0,0,-1,0
351,10,20,0,1,0,67,0,0,0,-1,0
352,10,21,0,1,0,67,0,0,0,-1,0
353,10,22,0,1,0,67,0,0,0,-1,0
354,10,23,0,1,0,67,0,0,0,-1,0
355,10,24,0,1,0,68,0,0,0,-1,0
356,10,25,0,1,0,68,0,0,0,-1,0
357,10,26,0,1,0,68,0,0,0,-1,0
358,10,27,0,1,0,68,0,0,0,-1,0
359,10,28,0,1,0,69,0,0,0,-1,0
360,10,29,0,1,0,69,0,0,0,-1,0
361,10,30,0,1,0,69,0,0,0,-1,0
362,10,31,0,1,0,69,0,0,0,-1,0
363,10,32,0,1,0,78,0,0,0,-1,0
364,11,0,0,1,0,45,0,0,0,-1,0
365,11,1,0,1,0,54,0,0,0,-1,0
366,11,2,0,1,0,54,0,0,0,-1,0
367,11,3,0,1,0,54,0,0,0,-1,0
368,11,4,0,1,0,55,0,0,0,-1,0
369,11,5,0,1,0,55,0,0,0,-1,0
370,11,6,0,1,0,55,0,0,0,-1,0
371,11,7,0,1,0,55,0,0,0,-1,0
372,11,8,0,1,0,56,0,0,0,-1,0
373,11,9,0,1,0,56,0,0,0,-1,0
374,11,10,0,1,0,56,0,0,0,-1,0
375,11,11,0,1,0,56,0,0,0,-1,0
376,11,12,0,1,0,57,0,0,0,-1,0
377,11,13,0,1,0,57,0,0,0,-1,0
378,11,14,0,1,0,57,0,0,0,-1,0
379,11,15,0,1,0,57,0,0,0,-1,0
380,11,16,0,1,0,66,0,0,0,-1,0
381,11,17,0,1,0,66,0,0,0,-1,0
382,11,18,0,1,0,66,0,0,0,-1,0
383,11,19,0,1,0,66,0,0,0,-1,0
384,11,20,0,1,0,67,0,0,0,-1,0
385,11,21,0,1,0,67,0,0,0,-1,0
386,11,22,0,1,0,67,0,0,0,-1,0
387,11,23,0,1,0,67,0,0,0,-1,0
388,11,24,0,1,0,68,0,0,0,-1,0
389,11,25,0,1,0,68,0,0,0,-1,0
390,11,26,0,1,0,68,0,0,0,-1,0
391,11,27,0,1,0,68,0,0,0,-1,0
392,11,28,0,1,0,69,0,0,0,-1,0
393,11,29,0,1,0,69,0,0,0,-1,0
394,11,30,0,1,0,69,0,0,0,-1,0
395,11,31,0,1,0,69,0,0,0,-1,0
396,11,32,0,1,0,78,0,0,0,-1,0
397,12,0,0,1,0,46,0,0,0,-1,0
398,12,1,0,1,0,55,0,0,0,-1,0
399,12,2,0,1,0,55,0,0,0,-1,0
400,12,3,0,1,0,55,0,0,0,-1,0
401,12,4,0,1,0,56,0,0,0,-1,0
402,12,5,0,1,0,56,0,0,0,-1,0
403,12,6,0,1,0,56,0,0,0,-1,0
404,12,7,0,1,0,56,0,0,0,-1,0
405,12,8,0,1,0,57,0,0,0,-1,0
406,12,9,0,1,0,57,0,0,0,-1,0
407,12,10,0,1,0,57,0,0,0,-1,0
408,12,11,0,1,0,57,0,0,0,-1,0
409,12,12,0,1,0,58,0,0,0,-1,0
410,12,13,0,1,0,58,0,0,0,-1,0
411,12,14,0,1,0,58,0,0,0,-1,0
412,12,15,0,1,0,58,0,0,0,-1,0
413,12,16,0,1,0,67,0,0,0,-1,0
414,12,17,0,1,0,67,0,0,0,-1,0
415,12,18,0,1,0,67,0,0,0,-1,0
416,12,19,0,1,0,67,0,0,0,-1,0
417,12,20,0,1,0,68,0,0,0,-1,0
418,12,21,0,1,0,68,0,0,0,-1,0
419,12,22,0,1,0,68,0,0,0,-1,0
420,12,23,0,1,0,68,0,0,0,-1,0
421,12,24,0,1,0,69,0,0,0,-1,0
422,12,25,0,1,0,69,0,0,0,-1,0
423,12,26,0,1,0,69,0,0,0,-1,0
424,12,27,0,1,0,69,0,0,0,-1,0
425,12,28,0,1,0,70,0,0,0,-1,0
426,12,29,0,1,0,70,0,0,0,-1,0
427,12,30,0,1,0,70,0,0,0,-1,0
428,12,31,0,1,0,70,0,0,0,-1,0
429,12,32,0,1,0,79,0,0,0,-1,0
430,13,0,0,1,0,46,0,0,0,-1,0
431,13,1,0,1,0,55,0,0,0,-1,0
432,13,2,0,1,0,55,0,0,0,-1,0
433,13,3,0,1,0,55,0,0,0,-1,0
434,13,4,0,1,0,56,0,0,0,-1,0
435,13,5,0,1,0,56,0,0,0,-1,0
436,13,6,0,1,0,56,0,0,0,-1,0
437,13,7,0,1,0,56,0,0,0,-1,0
438,13,8,0,1,0,57,0,0,0,-1,0
439,13,9,0,1,0,57,0,0,0,-1,0
440,13,10,0,1,0,57,0,0,0,-1,0
441,13,11,0,1,0,57,0,0,0,-1,0
442,13,12,0,1,0,58,0,0,0,-1,0
443,13,13,0,1,0,58,0,0,0,-1,0
444,13,14,0,1,0,58,0,0,0,-1,0
445,13,15,0,1,0,58,0,0,0,-1,0
446,13,16,0,1,0,67,0,0,0,-1,0
447,13,17,0,1,0,67,0,0,0,-1,0
448,13,18,0,1,0,67,0,0,0,-1,0
449,13,19,0,1,0,67,0,0,0,-1,0
450,13,20,0,1,0,68,0,0,0,-1,0
451,13,21,0,1,0,68,0,0,0,-1,0
452,13,22,0,1,0,68,0,0,0,-1,0
453,13,23,0,1,0,68,0,0,0,-1,0
454,13,24,0,1,0,69,0,0,0,-1,0
455,13,25,0,1,0,69,0,0,0,-1,0
456,13,26,0,1,0,69,0,0,0,-1,0
457,13,27,0,1,0,69,0,0,0,-1,0
458,13,28,0,1,0,70,0,0,0,-1,0
459,13,29,0,1,0,70,0,0,0,-1,0
460,13,30,0,1,0,70,0,0,0,-1,0
461,13,31,0,1,0,70,0,0,0,-1,0
462,13,32,0,1,0,79,0,0,0,-1,0
463,14,0,0,1,0,46,0,0,0,-1,0
464,14,1,0,1,0,55,0,0,0,-1,0
465,14,2,0,1,0,55,0,0,0,-1,0
466,14,3,0,1,0,55,0,0,0,-1,0
467,14,4,0,1,0,56,0,0,0,-1,0
468,14,5,0,1,0,56,0,0,0,-1,0
469,14,6,0,1,0,56,0,0,0,-1,0
470,14,7,0,1,0,56,0,0,0,-1,0
471,14,8,0,1,0,57,0,0,0,-1,0
472,14,9,0,1,0,57,0,0,0,-1,0
473,14,10,0,1,0,57,0,0,0,-1,0
474,14,11,0,1,0,57,0,0,0,-1,0
475,14,12,0,1,0,58,0,0,0,-1,0
476,14,13,0,1,0,58,0,0,0,-1,0
477,14,14,0,1,0,58,0,0,0,-1,0
478,14,15,0,1,0,58,0,0,0,-1,0
479,14,16,0,1,0,67,0,0,0,-1,0
480,14,17,0,1,0,67,0,0,0,-1,0
481,14,18,0,1,0,67,0,0,0,-1,0
482,14,19,0,1,0,67,0,0,0,-1,0
483,14,20,0,1,0,68,0,0,0,-1,0
484,14,21,0,1,0,68,0,0,0,-1,0
485,14,22,0,1,0,68,0,0,0,-1,0
486,14,23,0,1,0,68,0,0,0,-1,0
487,14,24,0,1,0,69,0,0,0,-1,0
488,14,25,0,1,0,69,0,0,0,-1,0
489,14,26,0,1,0,69,0,0,0,-1,0
490,14,27,0,1,0,69,0,0,0,-1,0
491,14,28,0,1,0,70,0,0,0,-1,0
492,14,29,0,1,0,70,0,0,0,-1,0
493,14,30,0,1,0,70,0,0,0,-1,0
494,14,31,0,1,0,70,0,0,0,-1,0
495,14,32,0,1,0,79,0,0,0,-1,0
496,15,0,0,1,0,46,0,0,0,-1,0
497,15,1,0,1,0,55,0,0,0,-1,0
498,15,2,0,1,0,55,0,0,0,-1,0
499,15,3,0,1,0,55,0,0,0,-1,0
500,15,4,0,1,0,56,0,0,0,-1,0
501,15,5,0,1,0,56,0,0,0,-1,0
502,15,6,0,1,0,56,0,0,0,-1,0
503,15,7,0,1,0,56,0,0,0,-1,0
504,15,8,0,1,0,57,0,0,0,-1,0
505,15,9,0,1,0,57,0,0,0,-1,0
506,15,10,0,1,0,57,0,0,0,-1,0
507,15,11,0,1,0,57,0,0,0,-1,0
508,15,12,0,1,0,58,0,0,0,-1,0
509,15,13,0,1,0,58,0,0,0,-1,0
510,15,14,0,1,0,58,0,0,0,-1,0
511,15,15,0,1,0,58,0,0,0,-1,0
512,15,16,0,1,0,67,0,0,0,-1,0
513,15,17,0,1,0,67,0,0,0,-1,0
514,15,18,0,1,0,67,0,0,0,-1,0
515,15,19,0,1,0,67,0,0,0,-1,0
516,15,20,0,1,0,68,0,0,0,-1,0
517,15,21,0,1,0,68,0,0,0,-1,0
518,15,22,0,1,0,68,0,0,0,-1,0
519,15,23,0,1,0,68,0,0,0,-1,0
520,15,24,0,1,0,69,0,0,0,-1,0
521,15,25,0,1,0,69,0,0,0,-1,0
522,15,26,0,1,0,69,0,0,0,-1,0
523,15,27,0,1,0,69,0,0,0,-1,0
524,15,28,0,1,0,70,0,0,0,-1,0
525,15,29,0,1,0,70,0,0,0,-1,0
526,15,30,0,1,0,70,0,0,0,-1,0
527,15,31,0,1,0,70,0,0,0,-1,0
528,15,32,0,1,0,79,0,0,0,-1,0
529,16,0,0,1,0,55,0,0,0,-1,0
530,16,1,0,1,0,64,0,0,0,-1,0
531,16,2,0,1,0,64,0,0,0,-1,0
532,16,3,0,1,0,64,0,0,0,-1,0
533,16,4,0,1,0,65,0,0,0,-1,0
534,16,5,0,1,0,65,0,0,0,-1,0
535,16,6,0,1,0,65,0,0,0,-1,0
536,16,7,0,1,0,65,0,0,0,-1,0
537,16,8,0,1,0,66,0,0,0,-1,0
538,16,9,0,1,0,66,0,0,0,-1,0
539,16,10,0,1,0,66,0,0,0,-1,0
540,16,11,0,1,0,66,0,0,0,-1,0
541,16,12,0,1,0,67,0,0,0,-1,0
542,16,13,0,1,0,67,0,0,0,-1,0
543,16,14,0,1,0,67,0,0,0,-1,0
544,16,15,0,1,0,67,0,0,0,-1,0
545,16,16,0,1,0,76,0,0,0,-1,0
546,16,17,0,1,0,76,0,0,0,-1,0
547,16,18,0,1,0,76,0,0,0,-1,0
548,16,19,0,1,0,76,0,0,0,-1,0
549,16,20,0,1,0,77,0,0,0,-1,0
550,16,21,0,1,0,77,0,0,0,-1,0
551,16,22,0,1,0,77,0,0,0,-1,0
552,16,23,0,1,0,77,0,0,0,-1,0
553,16,24,0,1,0,78,0,0,0,-1,0
554,16,25,0,1,0,78,0,0,0,-1,0
555,16,26,0,1,0,78,0,0,0,-1,0
556,16,27,0,1,0,78,0,0,0,-1,0
557,16,28,0,1,0,79,0,0,0,-1,0
558,16,29,0,1,0,79,0,0,0,-1,0
559,16,30,0,1,0,79,0,0,0,-1,0
560,16,31,0,1,0,79,0,0,0,-1,0
561,16,32,0,1,0,88,0,0,0,-1,0
562,17,0,0,1,0,55,0,0,0,-1,0
563,17,1,0,1,0,64,0,0,0,-1,0
564,17,2,0,1,0,64,0,0,0,-1,0
565,17,3,0,1,0,64,0,0,0,-1,0
566,17,4,0,1,0,65,0,0,0,-1,0
567,17,5,0,1,0,65,0,0,0,-1,0
568,17,6,0,1,0,65,0,0,0,-1,0
569,17,7,0,1,0,65,0,0,0,-1,0
570,17,8,0,1,0,66,0,0,0,-1,0
571,17,9,0,1,0,66,0,0,0,-1,0
572,17,10,0,1,0,66,0,0,0,-1,0
573,17,11,0,1,0,66,0,0,0,-1,0
574,17,12,0,1,0,67,0,0,0,-1,0
575,17,13,0,1,0,67,0,0,0,-1,0
576,17,14,0,1,0,67,0,0,0,-1,0
577,17,15,0,1,0,67,0,0,0,-1,0
578,17,16,0,1,0,76,0,0,0,-1,0
579,17,17,0,1,0,76,0,0,0,-1,0
580,17,18,0,1,0,76,0,0,0,-1,0
581,17,19,0,1,0,76,0,0,0,-1,0
582,17,20,0,1,0,77,0,0,0,-1,0
583,17,21,0,1,0,77,0,0,0,-1,0
584,17,22,0,1,0,77,0,0,0,-1,0
585,17,23,0,1,0,77,0,0,0,-1,0
586,17,24,0,1,0,78,0,0,0,-1,0
587,17,25,0,1,0,78,0,0,0,-1,0
588,17,26,0,1,0,78,0,0,0,-1,0
589,17,27,0,1,0,78,0,0,0,-1,0
590,17,28,0,1,0,79,0,0,0,-1,0
591,17,29,0,1,0,79,0,0,0,-1,0
592,17,30,0,1,0,79,0,0,0,-1,0
593,17,31,0,1,0,79,0,0,0,-1,0
594,17,32,0,1,0,88,0,0,0,-1,0
595,18,0,0,1,0,55,0,0,0,-1,0
596,18,1,0,1,0,64,0,0,0,-1,0
597,18,2,0,1,0,64,0,0,0,-1,0
598,18,3,0,1,0,64,0,0,0,-1,0
599,18,4,0,1,0,65,0,0,0,-1,0
600,18,5,0,1,0,65,0,0,0,-1,0
601,18,6,0,1,0,65,0,0,0,-1,0
602,18,7,0,1,0,65,0,0,0,-1,0
603,18,8,0,1,0,66,0,0,0,-1,0
604,18,9,0,1,0,66,0,0,0,-1,0
605,18,10,0,1,0,66,0,0,0,-1,0
606,18,11,0,1,0,66,0,0,0,-1,0
607,18,12,0,1,0,67,0,0,0,-1,0
608,18,13,0,1,0,67,0,0,0,-1,0
609,18,14,0,1,0,67,0,0,0,-1,0
610,18,15,0,1,0,67,0,0,0,-1,0
611,18,16,0,1,0,76,0,0,0,-1,0
612,18,17,0,1,0,76,0,0,0,-1,0
613,18,18,0,1,0,76,0,0,0,-1,0
614,18,19,0,1,0,76,0,0,0,-1,0
615,18,20,0,1,0,77,0,0,0,-1,0
616,18,21,0,1,0,77,0,0,0,-1,0
617,18,22,0,1,0,77,0,0,0,-1,0
618,18,23,0,1,0,77,0,0,0,-1,0
619,18,24,0,1,0,78,0,0,0,-1,0
620,18,25,0,1,0,78,0,0,0,-1,0
621,18,26,0,1,0,78,0,0,0,-1,0
622,18,27,0,1,0,78,0,0,0,-1,0
623,18,28,0,1,0,79,0,0,0,-1,0
624,18,29,0,1,0,79,0,0,0,-1,0
625,18,30,0,1,0,79,0,0,0,-1,0
626,18,31,0,1,0,79,0,0,0,-1,0
627,18,32,0,1,0,88,0,0,0,-1,0
628,19,0,0,1,0,55,0,0,0,-1,0
629,19,1,0,1,0,64,0,0,0,-1,0
630,19,2,0,1,0,64,0,0,0,-1,0
631,19,3,0,1,0,64,0,0,0,-1,0
632,19,4,0,1,0,65,0,0,0,-1,0
633,19,5,0,1,0,65,0,0,0,-1,0
634,19,6,0,1,0,65,0,0,0,-1,0
635,19,7,0,1,0,65,0,0,0,-1,0
636,19,8,0,1,0,66,0,0,0,-1,0
637,19,9,0,1,0,66,0,0,0,-1,0
638,19,10,0,1,0,66,0,0,0,-1,0
639,19,11,0,1,0,66,0,0,0,-1,0
640,19,12,0,1,0,67,0,0,0,-1,0
641,19,13,0,1,0,67,0,0,0,-1,0
642,19,14,0,1,0,67,0,0,0,-1,0
643,19,15,0,1,0,67,0,0,0,-1,0
644,19,16,0,1,0,76,0,0,0,-1,0
645,19,17,0,1,0,76,0,0,0,-1,0
646,19,18,0,1,0,76,0,0,0,-1,0
647,19,19,0,1,0,76,0,0,0,-1,0
648,19,20,0,1,0,77,0,0,0,-1,0
649,19,21,0,1,0,77,0,0,0,-1,0
650,19,22,0,1,0,77,0,0,0,-1,0
651,19,23,0,1,0,77,0,0,0,-1,0
652,19,24,0,1,0,78,0,0,0,-1,0
653,19,25,0,1,0,78,0,0,0,-1,0
654,19,26,0,1,0,78,0,0,0,-1,0
655,19,27,0,1,0,78,0,0,0,-1,0
656,19,28,0,1,0,79,0,0,0,-1,0
657,19,29,0,1,0,79,0,0,0,-1,0
658,19,30,0,1,0,79,0,0,0,-1,0
659,19,31,0,1,0,79,0,0,0,-1,0
660,19,32,0,1,0,88,0,0,0,-1,0
661,20,0,0,1,0,56,0,0,0,-1,0
662,20,1,0,1,0,65,0,0,0,-1,0
663,20,2,0,1,0,65,0,0,0,-1,0
664,20,3,0,1,0,65,0,0,0,-1,0
665,20,4,0,1,0,66,0,0,0,-1,0
666,20,5,0,1,0,66,0,0,0,-1,0
667,20,6,0,1,0,66,0,0,0,-1,0
668,20,7,0,1,0,66,0,0,0,-1,0
669,20,8,0,1,0,67,0,0,0,-1,0
670,20,9,0,1,0,67,0,0,0,-1,0
671,20,10,0,1,0,67,0,0,0,-1,0
672,20,11,0,1,0,67,0,0,0,-1,0
673,20,12,0,1,0,68,0,0,0,-1,0
674,20,13,0,1,0,68,0,0,0,-1,0
675,20,14,0,1,0,68,0,0,0,-1,0
676,20,15,0,1,0,68,0,0,0,-1,0
677,20,16,0,1,0,77,0,0,0,-1,0
678,20,17,0,1,0,77,0,0,0,-1,0
679,20,18,0,1,0,77,0,0,0,-1,0
680,20,19,0,1,0,77,0,0,0,-1,0
681,20,20,0,1,0,78,0,0,0,-1,0
682,20,21,0,1,0,78,0,0,0,-1,0
683,20,22,0,1,0,78,0,0,0,-1,0
684,20,23,0,1,0,78,0,0,0,-1,0
685,20,24,0,1,0,79,0,0,0,-1,0
686,20,25,0,1,0,79,0,0,0,-1,0
687,20,26,0,1,0,79,0,0,0,-1,0
688,20,27,0,1,0,79,0,0,0,-1,0
689,20,28,0,1,0,80,0,0,0,-1,0
690,20,29,0,1,0,80,0,0,0,-1,0
691,20,30,0,1,0,80,0,0,0,-1,0
692,20,31,0,1,0,80,0,0,0,-1,0
693,20,32,0,1,0,89,0,0,0,-1,0
694,21,0,0,1,0,56,0,0,0,-1,0
695,21,1,0,1,0,65,0,0,0,-1,0
696,21,2,0,1,0,65,0,0,0,-1,0
697,21,3,0,1,0,65,0,0,0,-1,0
698,21,4,0,1,0,66,0,0,0,-1,0
699,21,5,0,1,0,66,0,0,0,-1,0
700,21,6,0,1,0,66,0,0,0,-1,0
701,21,7,0,1,0,66,0,0,0,-1,0
702,21,8,0,1,0,67,0,0,0,-1,0
703,21,9,0,1,0,67,0,0,0,-1,0
704,21,10,0,1,0,67,0,0,0,-1,0
705,21,11,0,1,0,67,0,0,0,-1,0
706,21,12,0,1,0,68,0,0,0,-1,0
707,21,13,0,1,0,68,0,0,0,-1,0
708,21,14,0,1,0,68,0,0,0,-1,0
709,21,15,0,1,0,68,0,0,0,-1,0
710,21,16,0,1,0,77,0,0,0,-1,0
711,21,17,0,1,0,77,0,0,0,-1,0
712,21,18,0,1,0,77,0,0,0,-1,0
713,21,19,0,1,0,77,0,0,0,-1,0
714,21,20,0,1,0,78,0,0,0,-1,0
715,21,21,0,1,0,78,0,0,0,-1,0
716,21,22,0,1,0,78,0,0,0,-1,0
717,21,23,0,1,0,78,0,0,0,-1,0
718,21,24,0,1,0,79,0,0,0,-1,0
719,21,25,0,1,0,79,0,0,0,-1,0
720,21,26,0,1,0,79,0,0,0,-1,0
721,21,27,0,1,0,79,0,0,0,-1,0
722,21,28,0,1,0,80,0,0,0,-1,0
723,21,29,0,1,0,80,0,0,0,-1,0
724,21,30,0,1,0,80,0,0,0,-1,0
725,21,31,0,1,0,80,0,0,0,-1,0
726,21,32,0,1,0,89,0,0,0,-1,0
727,22,0,0,1,0,56,0,0,0,-1,0
728,22,1,0,1,0,65,0,0,0,-1,0
729,22,2,0,1,0,65,0,0,0,-1,0
730,22,3,0,1,0,65,0,0,0,-1,0
731,22,4,0,1,0,66,0,0,0,-1,0
732,22,5,0,1,0,66,0,0,0,-1,0
733,22,6,0,1,0,66,0,0,0,-1,0
734,22,7,0,1,0,66,0,0,0,-1,0
735,22,8,0,1,0,67,0,0,0,-1,0
736,22,9,0,1,0,67,0,0,0,-1,0
737,22,10,0,1,0,67,0,0,0,-1,0
738,22,11,0,1,0,67,0,0,0,-1,0
739,22,12,0,1,0,68,0,0,0,-1,0
740,22,13,0,1,0,68,0,0,0,-1,0
741,22,14,0,1,0,68,0,0,0,-1,0
742,22,15,0,1,0,68,0,0,0,-1,0
743,22,16,0,1,0,77,0,0,0,-1,0
744,22,17,0,1,0,77,0,0,0,-1,0
745,22,18,0,1,0,77,0,0,0,-1,0
746,22,19,0,1,0,77,0,0,0,-1,0
747,22,20,0,1,0,78,0,0,0,-1,0
748,22,21,0,1,0,78,0,0,0,-1,0
749,22,22,0,1,0,78,0,0,0,-1,0
750,22,23,0,1,0,78,0,0,0,-1,0
751,22,24,0,1,0,79,0,0,0,-1,0
752,22,25,0,1,0,79,0,0,0,-1,0
753,22,26,0,1,0,79,0,0,0,-1,0
754,22,27,0,1,0,79,0,0,0,-1,0
755,22,28,0,1,0,80,0,0,0,-1,0
756,22,29,0,1,0,80,0,0,0,-1,0
757,22,30,0,1,0,80,0,0,0,-1,0
758,22,31,0,1,0,80,0,0,0,-1,0
759,22,32,0,1,0,89,0,0,0,-1,0
760,23,0,0,1,0,56,0,0,0,-1,0
761,23,1,0,1,0,65,0,0,0,-1,0
762,23,2,0,1,0,65,0,0,0,-1,0
763,23,3,0,1,0,65,0,0,0,-1,0
764,23,4,0,1,0,66,0,0,0,-1,0
765,23,5,0,1,0,66,0,0,0,-1,0
766,23,6,0,1,0,66,0,0,0,-1,0
767,23,7,0,1,0,66,0,0,0,-1,0
768,23,8,0,1,0,67,0,0,0,-1,0
769,23,9,0,1,0,67,0,0,0,-1,0
770,23,10,0,1,0,67,0,0,0,-1,0
771,23,11,0,1,0,67,0,0,0,-1,0
772,23,12,0,1,0,68,0,0,0,-1,0
773,23,13,0,1,0,68,0,0,0,-1,0
774,23,14,0,1,0,68,0,0,0,-1,0
775,23,15,0,1,0,68,0,0,0,-1,0
776,23,16,0,1,0,77,0,0,0,-1,0
777,23,17,0,1,0,77,0,0,0,-1,0
778,23,18,0,1,0,77,0,0,0,-1,0
779,23,19,0,1,0,77,0,0,0,-1,0
780,23,20,0,1,0,78,0,0,0,-1,0
781,23,21,0,1,0,78,0,0,0,-1,0
782,23,22,0,1,0,78,0,0,0,-1,0
783,23,23,0,1,0,78,0,0,0,-1,0
784,23,24,0,1,0,79,0,0,0,-1,0
785,23,25,0,1,0,79,0,0,0,-1,0
786,23,26,0,1,0,79,0,0,0,-1,0
787,23,27,0,1,0,79,0,0,0,-1,0
788,23,28,0,1,0,80,0,0,0,-1,0
789,23,29,0,1,0,80,0,0,0,-1,0
790,23,30,0,1,0,80,0,0,0,-1,0
791,23,31,0,1,0,80,0,0,0,-1,0
792,23,32,0,1,0,89,0,0,0,-1,0
793,24,0,0,1,0,57,0,0,0,-1,0
794,24,1,0,1,0,66,0,0,0,-1,0
795,24,2,0,1,0,66,0,0,0,-1,0
796,24,3,0,1,0,66,0,0,0,-1,0
797,24,4,0,1,0,67,0,0,0,-1,0
798,24,5,0,1,0,67,0,0,0,-1,0
799,24,6,0,1,0,67,0,0,0,-1,0
800,24,7,0,1,0,67,0,0,0,-1,0
801,24,8,0,1,0,68,0,0,0,-1,0
802,24,9,0,1,0,68,0,0,0,-1,0
803,24,10,0,1,0,68,0,0,0,-1,0
804,24,11,0,1,0,68,0,0,0,-1,0
805,24,12,0,1,0,69,0,0,0,-1,0
806,24,13,0,1,0,69,0,0,0,-1,0
807,24,14,0,1,0,69,0,0,0,-1,0
808,24,15,0,1,0,69,0,0,0,-1,0
809,24,16,0,1,0,78,0,0,0,-1,0
810,24,17,0,1,0,78,0,0,0,-1,0
811,24,18,0,1,0,78,0,0,0,-1,0
812,24,19,0,1,0,78,0,0,0,-1,0
813,24,20,0,1,0,79,0,0,0,-1,0
814,24,21,0,1,0,79,0,0,0,-1,0
815,24,22,0,1,0,79,0,0,0,-1,0
816,24,23,0,1,0,79,0,0,0,-1,0
817,24,24,0,1,0,80,0,0,0,-1,0
818,24,25,0,1,0,80,0,0,0,-1,0
819,24,26,0,1,0,80,0,0,0,-1,0
820,24,27,0,1,0,80,0,0,0,-1,0
821,24,28,0,1,0,81,0,0,0,-1,0
822,24,29,0,1,0,81,0,0,0,-1,0
823,24,30,0,1,0,81,0,0,0,-1,0
824,24,31,0,1,0,81,0,0,0,-1,0
825,24,32,0,1,0,90,0,0,0,-1,0
826,25,0,0,1,0,57,0,0,0,-1,0
827,25,1,0,1,0,66,0,0,0,-1,0
828,25,2,0,1,0,66,0,0,0,-1,0
829,25,3,0,1,0,66,0,0,0,-1,0
830,25,4,0,1,0,67,0,0,0,-1,0
831,25,5,0,1,0,67,0,0,0,-1,0
832,25,6,0,1,0,67,0,0,0,-1,0
833,25,7,0,1,0,67,0,0,0,-1,0
834,25,8,0,1,0,68,0,0,0,-1,0
835,25,9,0,1,0,68,0,0,0,-1,0
836,25,10,0,1,0,68,0,0,0,-1,0
837,25,11,0,1,0,68,0,0,0,-1,0
838,25,12,0,1,0,69,0,0,0,-1,0
839,25,13,0,1,0,69,0,0,0,-1,0
840,25,14,0,1,0,69,0,0,0,-1,0
841,25,15,0,1,0,69,0,0,0,-1,0
842,25,16,0,1,0,78,0,0,0,-1,0
843,25,17,0,1,0,78,0,0,0,-1,0
844,25,18,0,1,0,78,0,0,0,-1,0
845,25,19,0,1,0,78,0,0,0,-1,0
846,25,20,0,1,0,79,0,0,0,-1,0
847,25,21,0,1,0,79,0,0,0,-1,0
848,25,22,0,1,0,79,0,0,0,-1,0
849,25,23,0,1,0,79,0,0,0,-1,0
850,25,24,0,1,0,80,0,0,0,-1,0
851,25,25,0,1,0,80,0,0,0,-1,0
852,25,26,0,1,0,80,0,0,0,-1,0
853,25,27,0,1,0,80,0,0,0,-1,0
854,25,28,0,1,0,81,0,0,0,-1,0
855,25,29,0,1,0,81,0,0,0,-1,0
856,25,30,0,1,0,81,0,0,0,-1,0
857,25,31,0,1,0,81,0,0,0,-1,0
858,25,32,0,1,0,90,0,0,0,-1,0
859,26,0,0,1,0,57,0,0,0,-1,0
860,26,1,0,1,0,66,0,0,0,-1,0
861,26,2,0,1,0,66,0,0,0,-1,0
862,26,3,0,1,0,66,0,0,0,-1,0
863,26,4,0,1,0,67,0,0,0,-1,0
864,26,5,0,1,0,67,0,0,0,-1,0
865,26,6,0,1,0,67,0,0,0,-1,0
866,26,7,0,1,0,67,0,0,0,-1,0
867,26,8,0,1,0,68,0,0,0,-1,0
868,26,9,0,1,0,68,0,0,0,-1,0
869,26,10,0,1,0,68,0,0,0,-1,0
870,26,11,0,1,0,68,0,0,0,-1,0
871,26,12,0,1,0,69,0,0,0,-1,0
872,26,13,0,1,0,69,0,0,0,-1,0
873,26,14,0,1,0,69,0,0,0,-1,0
874,26,15,0,1,0,69,0,0,0,-1,0
875,26,16,0,1,0,78,0,0,0,-1,0
876,26,17,0,1,0,78,0,0,0,-1,0
877,26,18,0,1,0,78,0,0,0,-1,0
878,26,19,0,1,0,78,0,0,0,-1,0
879,26,20,0,1,0,79,0,0,0,-1,0
880,26,21,0,1,0,79,0,0,0,-1,0
881,26,22,0,1,0,79,0,0,0,-1,0
882,26,23,0,1,0,79,0,0,0,-1,0
883,26,24,0,1,0,80,0,0,0,-1,0
884,26,25,0,1,0,80,0,0,0,-1,0
885,26,26,0,1,0,80,0,0,0,-1,0
886,26,27,0,1,0,80,0,0,0,-1,0
887,26,28,0,1,0,81,0,0,0,-1,0
888,26,29,0,1,0,81,0,0,0,-1,0
889,26,30,0,1,0,81,0,0,0,-1,0
890,26,31,0,1,0,81,0,0,0,-1,0
891,26,32,0,1,0,90,0,0,0,-1,0
892,27,0,0,1,0,57,0,0,0,-1,0
893,27,1,0,1,0,66,0,0,0,-1,0
894,27,2,0,1,0,66,0,0,0,-1,0
895,27,3,0,1,0,66,0,0,0,-1,0
896,27,4,0,1,0,67,0,0,0,-1,0
897,27,5,0,1,0,67,0,0,0,-1,0
898,27,6,0,1,0,67,0,0,0,-1,0
899,27,7,0,1,0,67,0,0,0,-1,0
900,27,8,0,1,0,68,0,0,0,-1,0
901,27,9,0,1,0,68,0,0,0,-1,0
902,27,10,0,1,0,68,0,0,0,-1,0
903,27,11,0,1,0,68,0,0,0,-1,0
904,27,12,0,1,0,69,0,0,0,-1,0
905,27,13,0,1,0,69,0,0,0,-1,0
906,27,14,0,1,0,69,0,0,0,-1,0
907,27,15,0,1,0,69,0,0,0,-1,0
908,27,16,0,1,0,78,0,0,0,-1,0
909,27,17,0,1,0,78,0,0,0,-1,0
910,27,18,0,1,0,78,0,0,0,-1,0
911,27,19,0,1,0,78,0,0,0,-1,0
912,27,20,0,1,0,79,0,0,0,-1,0
913,27,21,0,1,0,79,0,0,0,-1,0
914,27,22,0,1,0,79,0,0,0,-1,0
915,27,23,0,1,0,79,0,0,0,-1,0
916,27,24,0,1,0,80,0,0,0,-1,0
917,27,25,0,1,0,80,0,0,0,-1,0
918,27,26,0,1,0,80,0,0,0,-1,0
919,27,27,0,1,0,80,0,0,0,-1,0
920,27,28,0,1,0,81,0,0,0,-1,0
921,27,29,0,1,0,81,0,0,0,-1,0
922,27,30,0,1,0,81,0,0,0,-1,0
923,27,31,0,1,0,81,0,0,0,-1,0
924,27,32,0,1,0,90,0,0,0,-1,0
925,28,0,0,1,0,58,0,0,0,-1,0
926,28,1,0,1,0,67,0,0,0,-1,0
927,28,2,0,1,0,67,0,0,0,-1,0
928,28,3,0,1,0,67,0,0,0,-1,0
929,28,4,0,1,0,68,0,0,0,-1,0
930,28,5,0,1,0,68,0,0,0,-1,0
931,28,6,0,1,0,68,0,0,0,-1,0
932,28,7,0,1,0,68,0,0,0,-1,0
933,28,8,0,1,0,69,0,0,0,-1,0
934,28,9,0,1,0,69,0,0,0,-1,0
935,28,10,0,1,0,69,0,0,0,-1,0
936,28,11,0,1,0,69,0,0,0,-1,0
937,28,12,0,1,0,70,0,0,0,-1,0
938,28,13,0,1,0,70,0,0,0,-1,0
939,28,14,0,1,0,70,0,0,0,-1,0
940,28,15,0,1,0,70,0,0,0,-1,0
941,28,16,0,1,0,79,0,0,0,-1,0
942,28,17,0,1,0,79,0,0,0,-1,0
943,28,18,0,1,0,79,0,0,0,-1,0
944,28,19,0,1,0,79,0,0,0,-1,0
945,28,20,0,1,0,80,0,0,0,-1,0
946,28,21,0,1,0,80,0,0,0,-1,0
947,28,22,0,1,0,80,0,0,0,-1,0
948,28,23,0,1,0,80,0,0,0,-1,0
949,28,24,0,1,0,81,0,0,0,-1,0
950,28,25,0,1,0,81,0,0,0,-1,0
951,28,26,0,1,0,81,0,0,0,-1,0
952,28,27,0,1,0,81,0,0,0,-1,0
953,28,28,0,1,0,82,0,0,0,-1,0
954,28,29,0,1,0,82,0,0,0,-1,0
955,28,30,0,1,0,82,0,0,0,-1,0
956,28,31,0,1,0,82,0,0,0,-1,0
957,28,32,0,1,0,91,0,0,0,-1,0
958,29,0,0,1,0,58,0,0,0,-1,0
959,29,1,0,1,0,67,0,0,0,-1,0
960,29,2,0,1,0,67,0,0,0,-1,0
961,29,3,0,1,0,67,0,0,0,-1,0
962,29,4,0,1,0,68,0,0,0,-1,0
963,29,5,0,1,0,68,0,0,0,-1,0
964,29,6,0,1,0,68,0,0,0,-1,0
965,29,7,0,1,0,68,0,0,0,-1,0
966,29,8,0,1,0,69,0,0,0,-1,0
967,29,9,0,1,0,69,0,0,0,-1,0
968,29,10,0,1,0,69,0,0,0,-1,0
969,29,11,0,1,0,69,0,0,0,-1,0
970,29,12,0,1,0,70,0,0,0,-1,0
971,29,13,0,1,0,70,0,0,0,-1,0
972,29,14,0,1,0,70,0,0,0,-1,0
973,29,15,0,1,0,70,0,0,0,-1,0
974,29,16,0,1,0,79,0,0,0,-1,0
975,29,17,0,1,0,79,0,0,0,-1,0
976,29,18,0,1,0,79,0,0,0,-1,0
977,29,19,0,1,0,79,0,0,0,-1,0
978,29,20,0,1,0,80,0,0,0,-1,0
979,29,21,0,1,0,80,0,0,0,-1,0
980,29,22,0,1,0,80,0,0,0,-1,0
981,29,23,0,1,0,80,0,0,0,-1,0
982,29,24,0,1,0,81,0,0,0,-1,0
983,29,25,0,1,0,81,0,0,0,-1,0
984,29,26,0,1,0,81,0,0,0,-1,0
985,29,27,0,1,0,81,0,0,0,-1,0
986,29,28,0,1,0,82,0,0,0,-1,0
987,29,29,0,1,0,82,0,0,0,-1,0
988,29,30,0,1,0,82,0,0,0,-1,0
989,29,31,0,1,0,82,0,0,0,-1,0
990,29,32,0,1,0,91,0,0,0,-1,0
991,30,0,0,1,0,58,0,0,0,-1,0
992,30,1,0,1,0,67,0,0,0,-1,0
993,30,2,0,1,0,67,0,0,0,-1,0
994,30,3,0,1,0,67,0,0,0,-1,0
995,30,4,0,1,0,68,0,0,0,-1,0
996,30,5,0,1,0,68,0,0,0,-1,0
997,30,6,0,1,0,68,0,0,0,-1,0
998,30,7,0,1,0,68,0,0,0,-1,0
999,30,8,0,1,0,69,0,0,0,-1,0
1000,30,9,0,1,0,69,0,0,0,-1,0
1001,30,10,0,1,0,69,0,0,0,-1,0
1002,30,11,0,1,0,69,0,0,0,-1,0
1003,30,12,0,1,0,70,0,0,0,-1,0
1004,30,13,0,1,0,70,0,0,0,-1,0
1005,30,14,0,1,0,70,0,0,0,-1,0
1006,30,15,0,1,0,70,0,0,0,-1,0
1007,30,16,0,1,0,79,0,0,0,-1,0
1008,30,17,0,1,0,79,0,0,0,-1,0
1009,30,18,0,1,0,79,0,0,0,-1,0
1010,30,19,0,1,0,79,0,0,0,-1,0
1011,30,20,0,1,0,80,0,0,0,-1,0
1012,30,21,0,1,0,80,0,0,0,-1,0
1013,30,22,0,1,0,80,0,0,0,-1,0
1014,30,23,0,1,0,80,0,0,0,-1,0
1015,30,24,0,1,0,81,0,0,0,-1,0
1016,30,25,0,1,0,81,0,0,0,-1,0
1017,30,26,0,1,0,81,0,0,0,-1,0
1018,30,27,0,1,0,81,0,0,0,-1,0
1019,30,28,0,1,0,82,0,0,0,-1,0
1020,30,29,0,1,0,82,0,0,0,-1,0
1021,30,30,0,1,0,82,0,0,0,-1,0
1022,30,31,0,1,0,82,0,0,0,-1,0
1023,30,32,0,1,0,91,0,0,0,-1,0
1024,31,0,0,1,0,58,0,0,0,-1,0
1025,31,1,0,1,0,67,0,0,0,-1,0
1026,31,2,0,1,0,67,0,0,0,-1,0
1027,31,3,0,1,0,67,0,0,0,-1,0
1028,31,4,0,1,0,68,0,0,0,-1,0
1029,31,5,0,1,0,68,0,0,0,-1,0
1030,31,6,0,1,0,68,0,0,0,-1,0
1031,31,7,0,1,0,68,0,0,0,-1,0
1032,31,8,0,1,0,69,0,0,0,-1,0
1033,31,9,0,1,0,69,0,0,0,-1,0
1034,31,10,0,1,0,69,0,0,0,-1,0
1035,31,11,0,1,0,69,0,0,0,-1,0
1036,31,12,0,1,0,70,0,0,0,-1,0
1037,31,13,0,1,0,70,0,0,0,-1,0
1038,31,14,0,1,0,70,0,0,0,-1,0
1039,31,15,0,1,0,70,0,0,0,-1,0
1040,31,16,0,1,0,79,0,0,0,-1,0
1041,31,17,0,1,0,79,0,0,0,-1,0
1042,31,18,0,1,0,79,0,0,0,-1,0
1043,31,19,0,1,0,79,0,0,0,-1,0
1044,31,20,0,1,0,80,0,0,0,-1,0
1045,31,21,0,1,0,80,0,0,0,-1,0
1046,31,22,0,1,0,80,0,0,0,-1,0
1047,31,23,0,1,0,80,0,0,0,-1,0
1048,31,24,0,1,0,81,0,0,0,-1,0
1049,31,25,0,1,0,81,0,0,0,-1,0
1050,31,26,0,1,0,81,0,0,0,-1,0
1051,31,27,0,1,0,81,0,0,0,-1,0
1052,31,28,0,1,0,82,0,0,0,-1,0
1053,31,29,0,1,0,82,0,0,0,-1,0
1054,31,30,0,1,0,82,0,0,0,-1,0
1055,31,31,0,1,0,82,0,0,0,-1,0
1056,31,32,0,1,0,91,0,0,0,-1,0
1057,32,0,0,1,0,67,0,0,0,-1,0
1058,32,1,0,1,0,76,0,0,0,-1,0
1059,32,2,0,1,0,76,0,0,0,-1,0
1060,32,3,0,1,0,76,0,0,0,-1,0
1061,32,4,0,1,0,77,0,0,0,-1,0
1062,32,5,0,1,0,77,0,0,0,-1,0
1063,32,6,0,1,0,77,0,0,0,-1,0
1064,32,7,0,1,0,77,0,0,0,-1,0
1065,32,8,0,1,0,78,0,0,0,-1,0
1066,32,9,0,1,0,78,0,0,0,-1,0
1067,32,10,0,1,0,78,0,0,0,-1,0
1068,32,11,0,1,0,78,0,0,0,-1,0
1069,32,12,0,1,0,79,0,0,0,-1,0
1070,32,13,0,1,0,79,0,0,0,-1,0
1071,32,14,0,1,0,79,0,0,0,-1,0
1072,32,15,0,1,0,79,0,0,0,-1,0
1073,32,16,0,1,0,88,0,0,0,-1,0
1074,32,17,0,1,0,88,0,0,0,-1,0
1075,32,18,0,1,0,88,0,0,0,-1,0
1076,32,19,0,1,0,88,0,0,0,-1,0
1077,32,20,0,1,0,89,0,0,0,-1,0
1078,32,21,0,1,0,89,0,0,0,-1,0
1079,32,22,0,1,0,89,0,0,0,-1,0
1080,32,23,0,1,0,89,0,0,0,-1,0
1081,32,24,0,1,0,90,0,0,0,-1,0
1082,32,25,0,1,0,90,0,0,0,-1,0
1083,32,26,0,1,0,90,0,0,0,-1,0
1084,32,27,0,1,0,90,0,0,0,-1,0
1085,32,28,0,1,0,91,0,0,0,-1,0
1086,32,29,0,1,0,91,0,0,0,-1,0
1087,32,30,0,1,0,91,0,0,0,-1,0
1088,32,31,0,1,0,91,0,0,0,-1,0
1089,32,32,0,1,0,100,0,0,0,-1,0
1090,1,32,1,1,1,76,1,1,1,78,1
1091,4,32,1,1,1,77,1,2,1,78,1
1092,15,32,1,1,1,79,1,3,4,83,4
1093,16,32,1,1,1,88,1,4,4,92,4
1094,17,32,1,1,1,88,1,5,5,93,5
1095,31,32,1,1,1,91,1,6,8,105,8
1096,32,32,1,1,1,100,1,7,8,108,8
1097,33,32,1,1,1,100,1,8,9,109,9
1098,63,32,1,1,1,115,1,9,16,131,16
1099,64,32,1,1,1,124,1,10,16,140,16
1100,1,32,1,1,1,76,1,11,1,88,1
1101,4,32,1,1,1,77,1,12,1,78,1
1102,15,32,1,1,1,79,1,13,4,83,4
1103,16,32,1,1,1,88,1,14,4,92,4
1104,17,32,1,1,1,88,1,15,5,93,5
1105,31,32,1,1,1,91,1,16,8,115,8
1106,32,32,1,1,1,100,1,17,8,108,8
1107,33,32,1,1,1,100,1,18,9,109,9
1108,63,32,1,1,1,115,1,19,16,131,16
1109,64,32,1,1,1,124,1,20,16,140,16
1110,1,32,1,1,1,76,1,21,1,81,1
1111,4,32,1,1,1,77,1,22,1,78,1
1112,15,32,1,1,1,79,1,23,4,83,4
1113,16,32,1,1,1,88,1,24,4,92,4
1114,17,32,1,1,1,88,1,25,5,93,5
1115,31,32,1,1,1,91,1,26,8,108,8
1116,32,32,1,1,1,100,1,27,8,108,8
1117,33,32,1,1,1,100,1,28,9,109,9
1118,63,32,1,1,1,115,1,29,16,131,16
1119,64,32,1,1,1,124,1,30,16,140,16
1120,1,32,1,1,1,76,1,31,1,91,1
1121,4,32,1,1,1,77,1,32,1,78,1
1122,15,32,1,1,1,79,1,33,4,83,4
1123,16,32,1,1,1,88,1,34,4,92,4
1124,17,32,1,1,1,88,1,35,5,93,5
1125,31,32,1,1,1,91,1,36,8,101,8
1126,32,32,1,1,1,100,1,37,8,108,8
1127,33,32,1,1,1,100,1,38,9,109,9
1128,63,32,1,1,1,115,1,39,16,131,16
1129,64,32,1,1,1,124,1,40,16,140,16
1130,1,32,1,1,1,76,1,41,1,84,1
1131,4,32,1,1,1,77,1,42,1,78,1
1132,15,32,1,1,1,79,1,43,4,83,4
1133,16,32,1,1,1,88,1,44,4,92,4
1134,17,32,1,1,1,88,1,45,5,93,5
1135,31,32,1,1,1,91,1,46,8,111,8
1136,32,32,1,1,1,100,1,47,8,108,8
1137,33,32,1,1,1,100,1,48,9,109,9
1138,63,32,1,1,1,115,1,49,16,131,16
1139,64,32,1,1,1,124,1,50,16,140,16
1140,1,32,1,1,1,76,1,51,1,94,1
1141,4,32,1,1,1,77,1,52,1,78,1
1142,15,32,1,1,1,79,1,53,4,83,4
1143,16,32,1,1,1,88,1,54,4,92,4
1144,17,32,1,1,1,88,1,55,5,93,5
1145,31,32,1,1,1,91,1,56,8,104,8
1146,32,32,1,1,1,100,1,57,8,108,8
1147,33,32,1,1,1,100,1,58,9,109,9
1148,63,32,1,1,1,115,1,59,16,131,16
1149,64,32,1,1,1,124,1,60,16,140,16
1150,1,32,1,1,1,76,1,61,1,87,1
1151,4,32,1,1,1,77,1,62,1,78,1
1152,15,32,1,1,1,79,1,63,4,83,4
1153,16,32,1,1,1,88,1,64,4,92,4
1154,17,32,1,1,1,88,1,65,5,93,5
1155,31,32,1,1,1,91,1,66,8,114,8
1156,32,32,1,1,1,100,1,67,8,108,8
1157,33,32,1,1,1,100,1,68,9,109,9
1158,63,32,1,1,1,115,1,69,16,131,16
1159,64,32,1,1,1,124,1,70,16,140,16
1160,1,32,1,1,1,76,1,71,1,80,1
1161,4,32,1,1,1,77,1,72,1,78,1
1162,15,32,1,1,1,79,1,73,4,83,4
1163,16,32,1,1,1,88,1,74,4,92,4
1164,17,32,1,1,1,88,1,75,5,93,5
1165,31,32,1,1,1,91,1,76,8,107,8
1166,32,32,1,1,1,100,1,77,8,108,8
1167,33,32,1,1,1,100,1,78,9,109,9
1168,63,32,1,1,1,115,1,79,16,131,16
1169,64,32,1,1,1,124,1,80,16,140,16
1170,1,32,1,1,1,76,1,81,1,90,1
1171,4,32,1,1,1,77,1,82,1,78,1
1172,15,32,1,1,1,79,1,83,4,83,4
1173,16,32,1,1,1,88,1,84,4,92,4
1174,17,32,1,1,1,88,1,85,5,93,5
1175,31,32,1,1,1,91,1,86,8,100,8
1176,32,32,1,1,1,100,1,87,8,108,8
1177,33,32,1,1,1,100,1,88,9,109,9
1178,63,32,1,1,1,115,1,89,16,131,16
1179,64,32,1,1,1,124,1,90,16,140,16
1180,1,32,1,1,1,76,1,91,1,83,1
1181,4,32,1,1,1,77,1,92,1,78,1
1182,15,32,1,1,1,79,1,93,4,83,4
1183,16,32,1,1,1,88,1,94,4,92,4
1184,17,32,1,1,1,88,1,95,5,93,5
1185,31,32,1,1,1,91,1,96,8,110,8
1186,32,32,1,1,1,100,1,97,8,108,8
1187,33,32,1,1,1,100,1,98,9,109,9
1188,63,32,1,1,1,115,1,99,16,131,16
1189,64,32,1,1,1,124,1,100,16,140,16
1190,5,32,1,1,1,77,1,101,2,95,2
1191,40,32,1,1,1,102,1,102,10,112,10
1192,49,32,1,1,1,112,1,103,13,125,13
1193,41,32,1,1,1,102,1,104,11,113,11
1194,58,32,1,1,1,114,1,105,15,129,15
1195,59,32,1,1,1,114,1,106,15,133,15
1196,54,32,1,1,1,113,1,107,14,127,14
1197,43,32,1,1,1,102,1,108,11,113,11
1198,64,32,1,1,1,124,1,109,16,140,16
1199,1,32,1,1,1,76,1,110,1,77,1
1200,34,32,1,1,1,100,1,111,9,118,9
1201,12,32,1,1,1,79,1,112,3,82,3
1202,31,32,1,1,1,91,1,113,8,99,8
1203,16,32,1,1,1,88,1,114,4,92,4
1204,31,32,1,1,1,91,1,115,8,99,8
1205,15,32,1,1,1,79,1,116,4,97,4
1206,55,32,1,1,1,113,1,117,14,127,14
1207,8,32,1,1,1,78,1,118,2,80,2
1208,57,32,1,1,1,114,1,119,15,129,15
1209,61,32,1,1,1,115,1,120,16,131,16
1210,3,32,1,1,1,76,1,121,1,79,1
1211,8,32,1,1,1,78,1,122,2,80,2
1212,21,32,1,1,1,89,1,123,6,95,6
1213,33,32,1,1,1,100,1,124,9,109,9
1214,52,32,1,1,1,113,1,125,13,126,13
1215,1,32,1,1,1,76,1,126,1,84,1
1216,3,32,1,1,1,76,1,127,1,77,1
1217,58,32,1,1,1,114,1,128,15,129,15
1218,52,32,1,1,1,113,1,129,13,126,13
1219,33,32,1,1,1,100,1,130,9,109,9
1220,19,32,1,1,1,88,1,131,5,105,5
1221,62,32,1,1,1,115,1,132,16,131,16
1222,35,32,1,1,1,100,1,133,9,109,9
1223,37,32,1,1,1,101,1,134,10,111,10
1224,63,32,1,1,1,115,1,135,16,131,16
1225,62,32,1,1,1,115,1,136,16,148,16
1226,45,32,1,1,1,103,1,137,12,115,12
1227,37,32,1,1,1,101,1,138,10,111,10
1228,59,32,1,1,1,114,1,139,15,129,15
1229,62,32,1,1,1,115,1,140,16,131,16
1230,37,32,1,1,1,101,1,141,10,116,10
1231,27,32,1,1,1,90,1,142,7,97,7
1232,2,32,1,1,1,76,1,143,1,77,1
1233,8,32,1,1,1,78,1,144,2,80,2
1234,62,32,1,1,1,115,1,145,16,131,16
1235,64,32,1,1,1,124,1,146,16,150,16
1236,18,32,1,1,1,88,1,147,5,93,5
1237,39,32,1,1,1,101,1,148,10,111,10
1238,4,32,1,1,1,77,1,149,1,78,1
1239,28,32,1,1,1,91,1,150,7,98,7
1240,21,32,1,1,1,89,1,151,6,110,6
1241,9,32,1,1,1,78,1,152,3,81,3
1242,48,32,1,1,1,112,1,153,12,124,12
1243,54,32,1,1,1,113,1,154,14,127,14
1244,39,32,1,1,1,101,1,155,10,111,10
1245,20,32,1,1,1,89,1,156,5,97,5
1246,16,32,1,1,1,88,1,157,4,92,4
1247,34,32,1,1,1,100,1,158,9,109,9
1248,11,32,1,1,1,78,1,159,3,81,3
1249,17,32,1,1,1,88,1,160,5,93,5
1250,33,32,1,1,1,100,1,161,9,117,9
1251,61,32,1,1,1,115,1,162,16,131,16
1252,1,32,1,1,1,76,1,163,1,77,1
1253,26,32,1,1,1,90,1,164,7,97,7
1254,60,32,1,1,1,115,1,165,15,130,15
1255,15,32,1,1,1,79,1,166,4,96,4
1256,18,32,1,1,1,88,1,167,5,93,5
1257,32,32,1,1,1,100,1,168,8,108,8
1258,56,32,1,1,1,114,1,169,14,128,14
1259,51,32,1,1,1,112,1,170,13,125,13
1260,36,32,1,1,1,101,1,171,9,111,9
1261,51,32,1,1,1,112,1,172,13,125,13
1262,37,32,1,1,1,101,1,173,10,111,10
1263,50,32,1,1,1,112,1,174,13,125,13
1264,22,32,1,1,1,89,1,175,6,95,6
1265,10,32,1,1,1,78,1,176,3,87,3
1266,1,32,1,1,1,76,1,177,1,77,1
1267,9,32,1,1,1,78,1,178,3,81,3
1268,42,32,1,1,1,102,1,179,11,113,11
1269,4,32,1,1,1,77,1,180,1,78,1
1270,59,32,1,1,1,114,1,181,15,140,15
1271,15,32,1,1,1,79,1,182,4,83,4
1272,26,32,1,1,1,90,1,183,7,97,7
1273,49,32,1,1,1,112,1,184,13,125,13
1274,22,32,1,1,1,89,1,185,6,95,6
1275,26,32,1,1,1,90,1,186,7,113,7
1276,8,32,1,1,1,78,1,187,2,80,2
1277,23,32,1,1,1,89,1,188,6,95,6
1278,42,32,1,1,1,102,1,189,11,113,11
1279,45,32,1,1,1,103,1,190,12,115,12
1280,5,32,1,1,1,77,1,191,2,83,2
1281,21,32,1,1,1,89,1,192,6,95,6
1282,51,32,1,1,1,112,1,193,13,125,13
1283,58,32,1,1,1,114,1,194,15,129,15
1284,55,32,1,1,1,113,1,195,14,127,14
1285,9,32,1,1,1,78,1,196,3,90,3
1286,35,32,1,1,1,100,1,197,9,109,9
1287,20,32,1,1,1,89,1,198,5,94,5
1288,5,32,1,1,1,77,1,199,2,79,2
1289,37,32,1,1,1,101,1,200,10,111,10
1290,60,32,1,1,1,115,1,201,15,144,15
1291,1,32,1,1,1,76,1,202,1,77,1
1292,45,32,1,1,1,103,1,203,12,115,12
1293,53,32,1,1,1,113,1,204,14,127,14
1294,27,32,1,1,1,90,1,205,7,97,7
1295,51,32,1,1,1,112,1,206,13,127,13
1296,50,32,1,1,1,112,1,207,13,125,13
1297,40,32,1,1,1,102,1,208,10,112,10
1298,25,32,1,1,1,90,1,209,7,97,7
1299,1,32,1,1,1,76,1,210,1,77,1
1300,47,32,1,1,1,103,1,211,12,122,12
1301,50,32,1,1,1,112,1,212,13,125,13
1302,40,32,1,1,1,102,1,213,10,112,10
1303,35,32,1,1,1,100,1,214,9,109,9
1304,50,32,1,1,1,112,1,215,13,125,13
1305,13,32,1,1,1,79,1,216,4,95,4
1306,26,32,1,1,1,90,1,217,7,97,7
1307,21,32,1,1,1,89,1,218,6,95,6
1308,24,32,1,1,1,90,1,219,6,96,6
1309,42,32,1,1,1,102,1,220,11,113,11
1310,46,32,1,1,1,103,1,221,12,132,12
1311,13,32,1,1,1,79,1,222,4,83,4
1312,21,32,1,1,1,89,1,223,6,95,6
1313,15,32,1,1,1,79,1,224,4,83,4
1314,47,32,1,1,1,103,1,225,12,115,12
1315,41,32,1,1,1,102,1,226,11,118,11
1316,11,32,1,1,1,78,1,227,3,81,3
1317,11,32,1,1,1,78,1,228,3,81,3
1318,55,32,1,1,1,113,1,229,14,127,14
1319,51,32,1,1,1,112,1,230,13,125,13
1320,34,32,1,1,1,100,1,231,9,119,9
1321,16,32,1,1,1,88,1,232,4,92,4
1322,63,32,1,1,1,115,1,233,16,131,16
1323,32,32,1,1,1,100,1,234,8,108,8
1324,36,32,1,1,1,101,1,235,9,110,9
1325,4,32,1,1,1,77,1,236,1,93,1
1326,32,32,1,1,1,100,1,237,8,108,8
1327,57,32,1,1,1,114,1,238,15,129,15
1328,14,32,1,1,1,79,1,239,4,83,4
1329,9,32,1,1,1,78,1,240,3,81,3
1330,9,32,1,1,1,78,1,241,3,84,3
1331,12,32,1,1,1,79,1,242,3,82,3
1332,36,32,1,1,1,101,1,243,9,110,9
1333,16,32,1,1,1,88,1,244,4,92,4
1334,13,32,1,1,1,79,1,245,4,83,4
1335,22,32,1,1,1,89,1,246,6,103,6
1336,17,32,1,1,1,88,1,247,5,93,5
1337,47,32,1,1,1,103,1,248,12,115,12
1338,3,32,1,1,1,76,1,249,1,77,1
1339,9,32,1,1,1,78,1,250,3,81,3
1340,36,32,1,1,1,101,1,251,9,123,9
1341,44,32,1,1,1,103,1,252,11,114,11
1342,39,32,1,1,1,101,1,253,10,111,10
1343,12,32,1,1,1,79,1,254,3,82,3
1344,44,32,1,1,1,103,1,255,11,114,11
1345,49,32,1,1,1,112,1,256,13,126,13
1346,64,32,1,0,0,124,0,0,16,-1,0
1347,64,32,1,0,0,124,0,0,16,-1,0
1348,64,32,1,0,0,124,0,0,16,-1,0
1349,64,32,1,0,0,124,0,0,16,-1,0
1350,64,32,1,0,0,124,0,0,16,-1,0
1351,64,32,1,0,0,124,0,0,16,-1,0
1352,64,32,1,0,0,124,0,0,16,-1,0
1353,64,32,1,0,0,124,0,0,16,-1,0
1354,64,32,1,0,0,124,0,0,16,-1,0
1355,64,32,1,0,0,124,0,0,16,-1,0
1356,64,32,1,0,0,124,0,0,16,-1,0
1357,64,32,1,0,0,124,0,0,16,-1,0
1358,64,32,1,0,0,124,0,0,16,-1,0
1359,64,32,1,0,0,124,0,0,16,-1,0
1360,64,32,1,0,0,124,0,0,16,-1,0
1361,64,32,1,0,0,124,0,0,16,-1,0
1362,64,32,1,0,0,124,0,0,16,-1,0
1363,64,32,1,0,0,124,0,0,16,-1,0
1364,64,32,1,0,0,124,0,0,16,-1,0
1365,64,32,1,0,0,124,0,0,16,-1,0
1366,64,32,1,0,0,124,0,0,16,-1,0
1367,64,32,1,0,0,124,0,0,16,-1,0
1368,64,32,1,0,0,124,0,0,16,-1,0
1369,64,32,1,0,0,124,0,0,16,-1,0
1370,64,32,1,0,0,124,0,0,16,-1,0
1371,64,32,1,0,0,124,0,0,16,-1,0
1372,64,32,1,0,0,124,0,0,16,-1,0
1373,64,32,1,0,0,124,0,0,16,-1,0
1374,64,32,1,0,0,124,0,0,16,-1,0
1375,64,32,1,0,0,124,0,0,16,-1,0
1376,64,32,1,0,0,124,0,0,16,-1,0
1377,64,32,1,0,0,124,0,0,16,-1,0
1378,64,32,1,0,0,124,0,0,16,-1,0
1379,64,32,1,0,0,124,0,0,16,-1,0
1380,64,32,1,0,0,124,0,0,16,-1,0
1381,64,32,1,0,0,124,0,0,16,-1,0
1382,64,32,1,0,0,124,0,0,16,-1,0
1383,64,32,1,0,0,124,0,0,16,-1,0
1384,64,32,1,0,0,124,0,0,16,-1,0
1385,64,32,1,0,0,124,0,0,16,-1,0
1386,64,32,1,0,0,124,0,0,16,-1,0
1387,64,32,1,0,0,124,0,0,16,-1,0
1388,64,32,1,0,0,124,0,0,16,-1,0
1389,64,32,1,0,0,124,0,0,16,-1,0
1390,64,32,1,0,0,124,0,0,16,-1,0
1391,64,32,1,0,0,124,0,0,16,-1,0
1392,64,32,1,0,0,124,0,0,16,-1,0
1393,64,32,1,0,0,124,0,0,16,-1,0
1394,64,32,1,0,0,124,0,0,16,-1,0
1395,64,32,1,0,0,124,0,0,16,-1,0
1396,64,32,1,0,0,124,0,0,16,-1,0
1397,64,32,1,0,0,124,0,0,16,-1,0
1398,64,32,1,0,0,124,0,0,16,-1,0
1399,64,32,1,0,0,124,0,0,16,-1,0
1400,64,32,1,0,0,124,0,0,16,-1,0
1401,64,32,1,0,0,124,0,0,16,-1,0
1402,64,32,1,0,0,124,0,0,16,-1,0
1403,64,32,1,0,0,124,0,0,16,-1,0
1404,64,32,1,0,0,124,0,0,16,-1,0
1405,64,32,1,0,0,124,0,0,16,-1,0
1406,64,32,1,0,0,124,0,0,16,-1,0
1407,64,32,1,0,0,124,0,0,16,-1,0
1408,64,32,1,0,0,124,0,0,16,-1,0
1409,64,32,1,0,0,124,0,0,16,-1,0
1410,64,32,1,0,0,124,0,0,16,-1,0
1411,64,32,1,0,0,124,0,0,16,-1,0
1412,64,32,1,0,0,124,0,0,16,-1,0
1413,64,32,1,0,0,124,0,0,16,-1,0
1414,64,32,1,0,0,124,0,0,16,-1,0
1415,64,32,1,0,0,124,0,0,16,-1,0
1416,64,32,1,0,0,124,0,0,16,-1,0
1417,64,32,1,0,0,124,0,0,16,-1,0
1418,64,32,1,0,0,124,0,0,16,-1,0
1419,64,32,1,0,0,124,0,0,16,-1,0
1420,64,32,1,0,0,124,0,0,16,-1,0
1421,64,32,1,0,0,124,0,0,16,-1,0
1422,64,32,1,0,0,124,0,0,16,-1,0
1423,64,32,1,0,0,124,0,0,16,-1,0
1424,64,32,1,0,0,124,0,0,16,-1,0
1425,64,32,1,0,0,124,0,0,16,-1,0
1426,64,32,1,0,0,124,0,0,16,-1,0
1427,64,32,1,0,0,124,0,0,16,-1,0
1428,64,32,1,0,0,124,0,0,16,-1,0
1429,64,32,1,0,0,124,0,0,16,-1,0
1430,64,32,1,0,0,124,0,0,16,-1,0
1431,64,32,1,0,0,124,0,0,16,-1,0
1432,64,32,1,0,0,124,0,0,16,-1,0
1433,64,32,1,0,0,124,0,0,16,-1,0
1434,64,32,1,0,0,124,0,0,16,-1,0
1435,64,32,1,0,0,124,0,0,16,-1,0
1436,64,32,1,0,0,124,0,0,16,-1,0
1437,64,32,1,0,0,124,0,0,16,-1,0
1438,64,32,1,0,0,124,0,0,16,-1,0
1439,64,32,1,0,0,124,0,0,16,-1,0
1440,64,32,1,0,0,124,0,0,16,-1,0
1441,64,32,1,0,0,124,0,0,16,-1,0
1442,64,32,1,0,0,124,0,0,16,-1,0
1443,64,32,1,0,0,124,0,0,16,-1,0
1444,64,32,1,0,0,124,0,0,16,-1,0
1445,64,32,1,0,0,124,0,0,16,-1,0
1446,64,32,1,0,0,124,0,0,16,-1,0
1447,64,32,1,0,0,124,0,0,16,-1,0
1448,64,32,1,0,0,124,0,0,16,-1,0
1449,64,32,1,0,0,124,0,0,16,-1,0
1450,64,32,1,0,0,124,0,0,16,-1,0
1451,64,32,1,0,0,124,0,0,16,-1,0
1452,64,32,1,0,0,124,0,0,16,-1,0
1453,64,32,1,0,0,124,0,0,16,-1,0
1454,64,32,1,0,0,124,0,0,16,-1,0
1455,64,32,1,0,0,124,0,0,16,-1,0
1456,64,32,1,0,0,124,0,0,16,-1,0
1457,64,32,1,0,0,124,0,0,16,-1,0
1458,64,32,1,0,0,124,0,0,16,-1,0
1459,64,32,1,0,0,124,0,0,16,-1,0
1460,64,32,1,0,0,124,0,0,16,-1,0
1461,64,32,1,0,0,124,0,0,16,-1,0
1462,64,32,1,0,0,124,0,0,16,-1,0
1463,64,32,1,0,0,124,0,0,16,-1,0
1464,64,32,1,0,0,124,0,0,16,-1,0
1465,64,32,1,0,0,124,0,0,16,-1,0
1466,64,32,1,0,0,124,0,0,16,-1,0
1467,64,32,1,0,0,124,0,0,16,-1,0
1468,64,32,1,0,0,124,0,0,16,-1,0
1469,64,32,1,0,0,124,0,0,16,-1,0
1470,64,32,1,0,0,124,0,0,16,-1,0
1471,64,32,1,0,0,124,0,0,16,-1,0
1472,64,32,1,0,0,124,0,0,16,-1,0
1473,64,32,1,0,0,124,0,0,16,-1,0
1474,64,32,1,0,0,124,0,0,16,-1,0
1475,64,32,1,0,0,124,0,0,16,-1,0
1476,64,32,1,0,0,124,0,0,16,-1,0
1477,64,32,1,0,0,124,0,0,16,-1,0
1478,64,32,1,0,0,124,0,0,16,-1,0
1479,64,32,1,0,0,124,0,0,16,-1,0
1480,64,32,1,0,0,124,0,0,16,-1,0
1481,64,32,1,0,0,124,0,0,16,-1,0
1482,64,32,1,0,0,124,0,0,16,-1,0
1483,64,32,1,0,0,124,0,0,16,-1,0
1484,64,32,1,0,0,124,0,0,16,-1,0
1485,64,32,1,0,0,124,0,0,16,-1,0
1486,64,32,1,0,0,124,0,0,16,-1,0
1487,64,32,1,0,0,124,0,0,16,-1,0
1488,64,32,1,0,0,124,0,0,16,-1,0
1489,64,32,1,0,0,124,0,0,16,-1,0
1490,64,32,1,0,0,124,0,0,16,-1,0
1491,64,32,1,0,0,124,0,0,16,-1,0
1492,64,32,1,0,0,124,0,0,16,-1,0
1493,64,32,1,0,0,124,0,0,16,-1,0
1494,64,32,1,0,0,124,0,0,16,-1,0
1495,64,32,1,0,0,124,0,0,16,-1,0
1496,64,32,1,0,0,124,0,0,16,-1,0
1497,64,32,1,0,0,124,0,0,16,-1,0
1498,64,32,1,0,0,124,0,0,16,-1,0
1499,64,32,1,0,0,124,0,0,16,-1,0
1500,64,32,1,0,0,124,0,0,16,-1,0
1501,64,32,1,0,0,124,0,0,16,-1,0
1502,64,32,1,0,0,124,0,0,16,-1,0
1503,64,32,1,0,0,124,0,0,16,-1,0
1504,64,32,1,0,0,124,0,0,16,-1,0
1505,64,32,1,0,0,124,0,0,16,-1,0
1506,64,32,1,0,0,124,0,0,16,-1,0
1507,64,32,1,0,0,124,0,0,16,-1,0
1508,64,32,1,0,0,124,0,0,16,-1,0
1509,64,32,1,0,0,124,0,0,16,-1,0
1510,64,32,1,0,0,124,0,0,16,-1,0
1511,64,32,1,0,0,124,0,0,16,-1,0
1512,64,32,1,0,0,124,0,0,16,-1,0
1513,64,32,1,0,0,124,0,0,16,-1,0
1514,64,32,1,0,0,124,0,0,16,-1,0
1515,64,32,1,0,0,124,0,0,16,-1,0
1516,64,32,1,0,0,124,0,0,16,-1,0
1517,64,32,1,0,0,124,0,0,16,-1,0
1518,64,32,1,0,0,124,0,0,16,-1,0
1519,64,32,1,0,0,124,0,0,16,-1,0
1520,64,32,1,0,0,124,0,0,16,-1,0
1521,64,32,1,0,0,124,0,0,16,-1,0
1522,64,32,1,0,0,124,0,0,16,-1,0
1523,64,32,1,0,0,124,0,0,16,-1,0
1524,64,32,1,0,0,124,0,0,16,-1,0
1525,64,32,1,0,0,124,0,0,16,-1,0
1526,64,32,1,0,0,124,0,0,16,-1,0
1527,64,32,1,0,0,124,0,0,16,-1,0
1528,64,32,1,0,0,124,0,0,16,-1,0
1529,64,32,1,0,0,124,0,0,16,-1,0
1530,64,32,1,0,0,124,0,0,16,-1,0
1531,64,32,1,0,0,124,0,0,16,-1,0
1532,64,32,1,0,0,124,0,0,16,-1,0
1533,64,32,1,0,0,124,0,0,16,-1,0
1534,64,32,1,0,0,124,0,0,16,-1,0
1535,64,32,1,0,0,124,0,0,16,-1,0
1536,64,32,1,0,0,124,0,0,16,-1,0
1537,64,32,1,0,0,124,0,0,16,-1,0
1538,64,32,1,0,0,124,0,0,16,-1,0
1539,64,32,1,0,0,124,0,0,16,-1,0
1540,64,32,1,0,0,124,0,0,16,-1,0
1541,64,32,1,0,0,124,0,0,16,-1,0
1542,64,32,1,0,0,124,0,0,16,-1,0
1543,64,32,1,0,0,124,0,0,16,-1,0
1544,64,32,1,0,0,124,0,0,16,-1,0
1545,64,32,1,0,0,124,0,0,16,-1,0
1546,64,32,1,0,0,124,0,0,16,-1,0
1547,64,32,1,0,0,124,0,0,16,-1,0
1548,64,32,1,0,0,124,0,0,16,-1,0
1549,64,32,1,0,0,124,0,0,16,-1,0
1550,64,32,1,0,0,124,0,0,16,-1,0
1551,64,32,1,0,0,124,0,0,16,-1,0
1552,64,32,1,0,0,124,0,0,16,-1,0
1553,64,32,1,0,0,124,0,0,16,-1,0
1554,64,32,1,0,0,124,0,0,16,-1,0
1555,64,32,1,0,0,124,0,0,16,-1,0
1556,64,32,1,0,0,124,0,0,16,-1,0
1557,64,32,1,0,0,124,0,0,16,-1,0
1558,64,32,1,0,0,124,0,0,16,-1,0
1559,64,32,1,0,0,124,0,0,16,-1,0
1560,64,32,1,0,0,124,0,0,16,-1,0
1561,64,32,1,0,0,124,0,0,16,-1,0
1562,64,32,1,0,0,124,0,0,16,-1,0
1563,64,32,1,0,0,124,0,0,16,-1,0
1564,64,32,1,0,0,124,0,0,16,-1,0
1565,64,32,1,0,0,124,0,0,16,-1,0
1566,64,32,1,0,0,124,0,0,16,-1,0
1567,64,32,1,0,0,124,0,0,16,-1,0
1568,64,32,1,0,0,124,0,0,16,-1,0
1569,64,32,1,0,0,124,0,0,16,-1,0
1570,64,32,1,0,0,124,0,0,16,-1,0
1571,64,32,1,0,0,124,0,0,16,-1,0
1572,64,32,1,0,0,124,0,0,16,-1,0
1573,64,32,1,0,0,124,0,0,16,-1,0
1574,64,32,1,0,0,124,0,0,16,-1,0
1575,64,32,1,0,0,124,0,0,16,-1,0
1576,64,32,1,0,0,124,0,0,16,-1,0
1577,64,32,1,0,0,124,0,0,16,-1,0
1578,64,32,1,0,0,124,0,0,16,-1,0
1579,64,32,1,0,0,124,0,0,16,-1,0
1580,64,32,1,0,0,124,0,0,16,-1,0
1581,64,32,1,0,0,124,0,0,16,-1,0
1582,64,32,1,0,0,124,0,0,16,-1,0
1583,64,32,1,0,0,124,0,0,16,-1,0
1584,64,32,1,0,0,124,0,0,16,-1,0
1585,64,32,1,0,0,124,0,0,16,-1,0
1586,64,32,1,0,0,124,0,0,16,-1,0
1587,64,32,1,0,0,124,0,0,16,-1,0
1588,64,32,1,0,0,124,0,0,16,-1,0
1589,64,32,1,0,0,124,0,0,16,-1,0
1590,64,32,1,0,0,124,0,0,16,-1,0
1591,64,32,1,0,0,124,0,0,16,-1,0
1592,64,32,1,0,0,124,0,0,16,-1,0
1593,64,32,1,0,0,124,0,0,16,-1,0
1594,64,32,1,0,0,124,0,0,16,-1,0
1595,64,32,1,0,0,124,0,0,16,-1,0
1596,64,32,1,0,0,124,0,0,16,-1,0
1597,64,32,1,0,0,124,0,0,16,-1,0
1598,64,32,1,0,0,124,0,0,16,-1,0
1599,64,32,1,0,0,124,0,0,16,-1,0
1600,64,32,1,0,0,124,0,0,16,-1,0
1601,64,32,1,0,0,124,0,0,16,-1,0
1602,64,32,1,0,0,124,0,0,16,-1,0
1603,64,32,1,0,0,124,0,0,16,-1,0
1604,64,32,1,0,0,124,0,0,16,-1,0
1605,64,32,1,0,0,124,0,0,16,-1,0
1606,64,32,1,0,0,124,0,0,16,-1,0
1607,64,32,1,0,0,124,0,0,16,-1,0
1608,64,32,1,0,0,124,0,0,16,-1,0
1609,64,32,1,0,0,124,0,0,16,-1,0
1610,64,32,1,0,0,124,0,0,16,-1,0
1611,64,32,1,0,0,124,0,0,16,-1,0
1612,64,32,1,0,0,124,0,0,16,-1,0
1613,64,32,1,0,0,124,0,0,16,-1,0
1614,64,32,1,0,0,124,0,0,16,-1,0
1615,64,32,1,0,0,124,0,0,16,-1,0
1616,64,32,1,0,0,124,0,0,16,-1,0
1617,64,32,1,0,0,124,0,0,16,-1,0
1618,64,32,1,0,0,124,0,0,16,-1,0
1619,64,32,1,0,0,124,0,0,16,-1,0
1620,64,32,1,0,0,124,0,0,16,-1,0
1621,64,32,1,0,0,124,0,0,16,-1,0
1622,64,32,1,0,0,124,0,0,16,-1,0
1623,64,32,1,0,0,124,0,0,16,-1,0
1624,64,32,1,0,0,124,0,0,16,-1,0
1625,64,32,1,0,0,124,0,0,16,-1,0
1626,64,32,1,0,0,124,0,0,16,-1,0
1627,64,32,1,0,0,124,0,0,16,-1,0
1628,64,32,1,0,0,124,0,0,16,-1,0
1629,64,32,1,0,0,124,0,0,16,-1,0
1630,64,32,1,0,0,124,0,0,16,-1,0
1631,64,32,1,0,0,124,0,0,16,-1,0
1632,64,32,1,0,0,124,0,0,16,-1,0
1633,64,32,1,0,0,124,0,0,16,-1,0
1634,64,32,1,0,0,124,0,0,16,-1,0
1635,64,32,1,0,0,124,0,0,16,-1,0
1636,64,32,1,0,0,124,0,0,16,-1,0
1637,64,32,1,0,0,124,0,0,16,-1,0
1638,64,32,1,0,0,124,0,0,16,-1,0
1639,64,32,1,0,0,124,0,0,16,-1,0
1640,64,32,1,0,0,124,0,0,16,-1,0
1641,64,32,1,0,0,124,0,0,16,-1,0
1642,64,32,1,0,0,124,0,0,16,-1,0
1643,64,32,1,0,0,124,0,0,16,-1,0
1644,64,32,1,0,0,124,0,0,16,-1,0
1645,64,32,1,0,0,124,0,0,16,-1,0
1646,64,32,1,0,0,124,0,0,16,-1,0
1647,64,32,1,0,0,124,0,0,16,-1,0
1648,64,32,1,0,0,124,0,0,16,-1,0
1649,64,32,1,0,0,124,0,0,16,-1,0
1650,64,32,1,0,0,124,0,0,16,-1,0
1651,64,32,1,0,0,124,0,0,16,-1,0
1652,64,32,1,0,0,124,0,0,16,-1,0
1653,64,32,1,0,0,124,0,0,16,-1,0
1654,64,32,1,0,0,124,0,0,16,-1,0
1655,64,32,1,0,0,124,0,0,16,-1,0
1656,64,32,1,0,0,124,0,0,16,-1,0
1657,64,32,1,0,0,124,0,0,16,-1,0
1658,64,32,1,0,0,124,0,0,16,-1,0
1659,64,32,1,0,0,124,0,0,16,-1,0
1660,64,32,1,0,0,124,0,0,16,-1,0
1661,64,32,1,0,0,124,0,0,16,-1,0
1662,64,32,1,0,0,124,0,0,16,-1,0
1663,64,32,1,0,0,124,0,0,16,-1,0
1664,64,32,1,0,0,124,0,0,16,-1,0
1665,64,32,1,0,0,124,0,0,16,-1,0
1666,64,32,1,0,0,124,0,0,16,-1,0
1667,64,32,1,0,0,124,0,0,16,-1,0
1668,64,32,1,0,0,124,0,0,16,-1,0
1669,64,32,1,0,0,124,0,0,16,-1,0
1670,64,32,1,0,0,124,0,0,16,-1,0
1671,64,32,1,0,0,124,0,0,16,-1,0
1672,64,32,1,0,0,124,0,0,16,-1,0
1673,64,32,1,0,0,124,0,0,16,-1,0
1674,64,32,1,0,0,124,0,0,16,-1,0
1675,64,32,1,0,0,124,0,0,16,-1,0
1676,64,32,1,0,0,124,0,0,16,-1,0
1677,64,32,1,0,0,124,0,0,16,-1,0
1678,64,32,1,0,0,124,0,0,16,-1,0
1679,64,32,1,0,0,124,0,0,16,-1,0
1680,64,32,1,0,0,124,0,0,16,-1,0
1681,64,32,1,0,0,124,0,0,16,-1,0
1682,64,32,1,0,0,124,0,0,16,-1,0
1683,64,32,1,0,0,124,0,0,16,-1,0
1684,64,32,1,0,0,124,0,0,16,-1,0
1685,64,32,1,0,0,124,0,0,16,-1,0
1686,64,32,1,0,0,124,0,0,16,-1,0
1687,64,32,1,0,0,124,0,0,16,-1,0
1688,64,32,1,0,0,124,0,0,16,-1,0
1689,64,32,1,0,0,124,0,0,16,-1,0
1690,64,32,1,0,0,124,0,0,16,-1,0
1691,64,32,1,0,0,124,0,0,16,-1,0
1692,64,32,1,0,0,124,0,0,16,-1,0
1693,64,32,1,0,0,124,0,0,16,-1,0
1694,64,32,1,0,0,124,0,0,16,-1,0
1695,64,32,1,0,0,124,0,0,16,-1,0
1696,64,32,1,0,0,124,0,0,16,-1,0
1697,64,32,1,0,0,124,0,0,16,-1,0
1698,64,32,1,0,0,124,0,0,16,-1,0
1699,64,32,1,0,0,124,0,0,16,-1,0
1700,64,32,1,0,0,124,0,0,16,-1,0
1701,64,32,1,0,0,124,0,0,16,-1,0
1702,64,32,1,0,0,124,0,0,16,-1,0
1703,64,32,1,0,0,124,0,0,16,-1,0
1704,64,32,1,0,0,124,0,0,16,-1,0
1705,64,32,1,0,0,124,0,0,16,-1,0
1706,64,32,1,0,0,124,0,0,16,-1,0
1707,64,32,1,0,0,124,0,0,16,-1,0
1708,64,32,1,0,0,124,0,0,16,-1,0
1709,64,32,1,0,0,124,0,0,16,-1,0
1710,64,32,1,0,0,124,0,0,16,-1,0
1711,64,32,1,0,0,124,0,0,16,-1,0
1712,64,32,1,0,0,124,0,0,16,-1,0
1713,64,32,1,0,0,124,0,0,16,-1,0
1714,64,32,1,0,0,124,0,0,16,-1,0
1715,64,32,1,0,0,124,0,0,16,-1,0
1716,64,32,1,0,0,124,0,0,16,-1,0
1717,64,32,1,0,0,124,0,0,16,-1,0
1718,64,32,1,0,0,124,0,0,16,-1,0
1719,64,32,1,0,0,124,0,0,16,-1,0
1720,64,32,1,0,0,124,0,0,16,-1,0
1721,64,32,1,0,0,124,0,0,16,-1,0
1722,64,32,1,0,0,124,0,0,16,-1,0
1723,64,32,1,0,0,124,0,0,16,-1,0
1724,64,32,1,0,0,124,0,0,16,-1,0
1725,64,32,1,0,0,124,0,0,16,-1,0
1726,64,32,1,0,0,124,0,0,16,-1,0
1727,64,32,1,0,0,124,0,0,16,-1,0
1728,64,32,1,0,0,124,0,0,16,-1,0
1729,64,32,1,0,0,124,0,0,16,-1,0
1730,64,32,1,0,0,124,0,0,16,-1,0
1731,64,32,1,0,0,124,0,0,16,-1,0
1732,64,32,1,0,0,124,0,0,16,-1,0
1733,64,32,1,0,0,124,0,0,16,-1,0
1734,64,32,1,0,0,124,0,0,16,-1,0
1735,64,32,1,0,0,124,0,0,16,-1,0
1736,64,32,1,0,0,124,0,0,16,-1,0
1737,64,32,1,0,0,124,0,0,16,-1,0
1738,64,32,1,0,0,124,0,0,16,-1,0
1739,64,32,1,0,0,124,0,0,16,-1,0
1740,64,32,1,0,0,124,0,0,16,-1,0
1741,64,32,1,0,0,124,0,0,16,-1,0
1742,64,32,1,0,0,124,0,0,16,-1,0
1743,64,32,1,0,0,124,0,0,16,-1,0
1744,64,32,1,0,0,124,0,0,16,-1,0
1745,64,32,1,0,0,124,0,0,16,-1,0
1746,64,32,1,0,0,124,0,0,16,-1,0
1747,64,32,1,0,0,124,0,0,16,-1,0
1748,64,32,1,0,0,124,0,0,16,-1,0
1749,64,32,1,0,0,124,0,0,16,-1,0
1750,64,32,1,0,0,124,0,0,16,-1,0
1751,64,32,1,0,0,124,0,0,16,-1,0
1752,64,32,1,0,0,124,0,0,16,-1,0
1753,64,32,1,0,0,124,0,0,16,-1,0
1754,64,32,1,0,0,124,0,0,16,-1,0
1755,64,32,1,0,0,124,0,0,16,-1,0
1756,64,32,1,0,0,124,0,0,16,-1,0
1757,64,32,1,0,0,124,0,0,16,-1,0
1758,64,32,1,0,0,124,0,0,16,-1,0
1759,64,32,1,0,0,124,0,0,16,-1,0
1760,64,32,1,0,0,124,0,0,16,-1,0
1761,64,32,1,0,0,124,0,0,16,-1,0
1762,64,32,1,0,0,124,0,0,16,-1,0
1763,64,32,1,0,0,124,0,0,16,-1,0
1764,64,32,1,0,0,124,0,0,16,-1,0
1765,64,32,1,0,0,124,0,0,16,-1,0
1766,64,32,1,0,0,124,0,0,16,-1,0
1767,64,32,1,0,0,124,0,0,16,-1,0
1768,64,32,1,0,0,124,0,0,16,-1,0
1769,64,32,1,0,0,124,0,0,16,-1,0
1770,64,32,1,0,0,124,0,0,16,-1,0
1771,64,32,1,0,0,124,0,0,16,-1,0
1772,64,32,1,0,0,124,0,0,16,-1,0
1773,64,32,1,0,0,124,0,0,16,-1,0
1774,64,32,1,0,0,124,0,0,16,-1,0
1775,64,32,1,0,0,124,0,0,16,-1,0
1776,64,32,1,0,0,124,0,0,16,-1,0
1777,64,32,1,0,0,124,0,0,16,-1,0
1778,64,32,1,0,0,124,0,0,16,-1,0
1779,64,32,1,0,0,124,0,0,16,-1,0
1780,64,32,1,0,0,124,0,0,16,-1,0
1781,64,32,1,0,0,124,0,0,16,-1,0
1782,64,32,1,0,0,124,0,0,16,-1,0
1783,64,32,1,0,0,124,0,0,16,-1,0
1784,64,32,1,0,0,124,0,0,16,-1,0
1785,64,32,1,0,0,124,0,0,16,-1,0
1786,64,32,1,0,0,124,0,0,16,-1,0
1787,64,32,1,0,0,124,0,0,16,-1,0
1788,64,32,1,0,0,124,0,0,16,-1,0
1789,64,32,1,0,0,124,0,0,16,-1,0
1790,64,32,1,0,0,124,0,0,16,-1,0
1791,64,32,1,0,0,124,0,0,16,-1,0
1792,64,32,1,0,0,124,0,0,16,-1,0
1793,64,32,1,0,0,124,0,0,16,-1,0
1794,64,32,1,0,0,124,0,0,16,-1,0
1795,64,32,1,0,0,124,0,0,16,-1,0
1796,64,32,1,0,0,124,0,0,16,-1,0
1797,64,32,1,0,0,124,0,0,16,-1,0
1798,64,32,1,0,0,124,0,0,16,-1,0
1799,64,32,1,0,0,124,0,0,16,-1,0
1800,64,32,1,0,0,124,0,0,16,-1,0
1801,64,32,1,0,0,124,0,0,16,-1,0
1802,64,32,1,0,0,124,0,0,16,-1,0
1803,64,32,1,0,0,124,0,0,16,-1,0
1804,64,32,1,0,0,124,0,0,16,-1,0
1805,64,32,1,0,0,124,0,0,16,-1,0
1806,64,32,1,0,0,124,0,0,16,-1,0
1807,64,32,1,0,0,124,0,0,16,-1,0
1808,64,32,1,0,0,124,0,0,16,-1,0
1809,64,32,1,0,0,124,0,0,16,-1,0
1810,64,32,1,0,0,124,0,0,16,-1,0
1811,64,32,1,0,0,124,0,0,16,-1,0
1812,64,32,1,0,0,124,0,0,16,-1,0
1813,64,32,1,0,0,124,0,0,16,-1,0
1814,64,32,1,0,0,124,0,0,16,-1,0
1815,64,32,1,0,0,124,0,0,16,-1,0
1816,64,32,1,0,0,124,0,0,16,-1,0
1817,64,32,1,0,0,124,0,0,16,-1,0
1818,64,32,1,0,0,124,0,0,16,-1,0
1819,64,32,1,0,0,124,0,0,16,-1,0
1820,64,32,1,0,0,124,0,0,16,-1,0
1821,64,32,1,0,0,124,0,0,16,-1,0
1822,64,32,1,0,0,124,0,0,16,-1,0
1823,64,32,1,0,0,124,0,0,16,-1,0
1824,64,32,1,0,0,124,0,0,16,-1,0
1825,64,32,1,0,0,124,0,0,16,-1,0
1826,64,32,1,0,0,124,0,0,16,-1,0
1827,64,32,1,0,0,124,0,0,16,-1,0
1828,64,32,1,0,0,124,0,0,16,-1,0
1829,64,32,1,0,0,124,0,0,16,-1,0
1830,64,32,1,0,0,124,0,0,16,-1,0
1831,64,32,1,0,0,124,0,0,16,-1,0
1832,64,32,1,0,0,124,0,0,16,-1,0
1833,64,32,1,0,0,124,0,0,16,-1,0
1834,64,32,1,0,0,124,0,0,16,-1,0
1835,64,32,1,0,0,124,0,0,16,-1,0
1836,64,32,1,0,0,124,0,0,16,-1,0
1837,64,32,1,0,0,124,0,0,16,-1,0
1838,64,32,1,0,0,124,0,0,16,-1,0
1839,64,32,1,0,0,124,0,0,16,-1,0
1840,64,32,1,0,0,124,0,0,16,-1,0
1841,64,32,1,0,0,124,0,0,16,-1,0
1842,64,32,1,0,0,124,0,0,16,-1,0
1843,64,32,1,0,0,124,0,0,16,-1,0
1844,64,32,1,0,0,124,0,0,16,-1,0
1845,64,32,1,0,0,124,0,0,16,-1,0
1846,64,32,1,0,0,124,0,0,16,-1,0
1847,64,32,1,0,0,124,0,0,16,-1,0
1848,64,32,1,0,0,124,0,0,16,-1,0
1849,64,32,1,0,0,124,0,0,16,-1,0
1850,64,32,1,0,0,124,0,0,16,-1,0
1851,64,32,1,0,0,124,0,0,16,-1,0
1852,64,32,1,0,0,124,0,0,16,-1,0
1853,64,32,1,0,0,124,0,0,16,-1,0
1854,64,32,1,0,0,124,0,0,16,-1,0
1855,64,32,1,0,0,124,0,0,16,-1,0
1856,64,32,1,0,0,124,0,0,16,-1,0
1857,64,32,1,0,0,124,0,0,16,-1,0
1858,64,32,1,0,0,124,0,0,16,-1,0
1859,64,32,1,0,0,124,0,0,16,-1,0
1860,64,32,1,0,0,124,0,0,16,-1,0
1861,64,32,1,0,0,124,0,0,16,-1,0
1862,64,32,1,0,0,124,0,0,16,-1,0
1863,64,32,1,0,0,124,0,0,16,-1,0
1864,64,32,1,0,0,124,0,0,16,-1,0
1865,64,32,1,0,0,124,0,0,16,-1,0
1866,64,32,1,0,0,124,0,0,16,-1,0
1867,64,32,1,0,0,124,0,0,16,-1,0
1868,64,32,1,0,0,124,0,0,16,-1,0
1869,64,32,1,0,0,124,0,0,16,-1,0
1870,64,32,1,0,0,124,0,0,16,-1,0
1871,64,32,1,0,0,124,0,0,16,-1,0
1872,64,32,1,0,0,124,0,0,16,-1,0
1873,64,32,1,0,0,124,0,0,16,-1,0
1874,64,32,1,0,0,124,0,0,16,-1,0
1875,64,32,1,0,0,124,0,0,16,-1,0
1876,64,32,1,0,0,124,0,0,16,-1,0
1877,64,32,1,0,0,124,0,0,16,-1,0
1878,64,32,1,0,0,124,0,0,16,-1,0
1879,64,32,1,0,0,124,0,0,16,-1,0
1880,64,32,1,0,0,124,0,0,16,-1,0
1881,64,32,1,0,0,124,0,0,16,-1,0
1882,64,32,1,0,0,124,0,0,16,-1,0
1883,64,32,1,0,0,124,0,0,16,-1,0
1884,64,32,1,0,0,124,0,0,16,-1,0
1885,64,32,1,0,0,124,0,0,16,-1,0
1886,64,32,1,0,0,124,0,0,16,-1,0
1887,64,32,1,0,0,124,0,0,16,-1,0
1888,64,32,1,0,0,124,0,0,16,-1,0
1889,64,32,1,0,0,124,0,0,16,-1,0
1890,64,32,1,0,0,124,0,0,16,-1,0
1891,64,32,1,0,0,124,0,0,16,-1,0
1892,64,32,1,0,0,124,0,0,16,-1,0
1893,64,32,1,0,0,124,0,0,16,-1,0
1894,64,32,1,0,0,124,0,0,16,-1,0
1895,64,32,1,0,0,124,0,0,16,-1,0
1896,64,32,1,0,0,124,0,0,16,-1,0
1897,64,32,1,0,0,124,0,0,16,-1,0
1898,64,32,1,0,0,124,0,0,16,-1,0
1899,64,32,1,0,0,124,0,0,16,-1,0
1900,64,32,1,0,0,124,0,0,16,-1,0
1901,64,32,1,0,0,124,0,0,16,-1,0
1902,64,32,1,0,0,124,0,0,16,-1,0
1903,64,32,1,0,0,124,0,0,16,-1,0
1904,64,32,1,0,0,124,0,0,16,-1,0
1905,64,32,1,0,0,124,0,0,16,-1,0
1906,64,32,1,0,0,124,0,0,16,-1,0
1907,64,32,1,0,0,124,0,0,16,-1,0
1908,64,32,1,0,0,124,0,0,16,-1,0
1909,64,32,1,0,0,124,0,0,16,-1,0
1910,64,32,1,0,0,124,0,0,16,-1,0
1911,64,32,1,0,0,124,0,0,16,-1,0
1912,64,32,1,0,0,124,0,0,16,-1,0
1913,64,32,1,0,0,124,0,0,16,-1,0
1914,64,32,1,0,0,124,0,0,16,-1,0
1915,64,32,1,0,0,124,0,0,16,-1,0
1916,64,32,1,0,0,124,0,0,16,-1,0
1917,64,32,1,0,0,124,0,0,16,-1,0
1918,64,32,1,0,0,124,0,0,16,-1,0
1919,64,32,1,0,0,124,0,0,16,-1,0
1920,64,32,1,0,0,124,0,0,16,-1,0
1921,64,32,1,0,0,124,0,0,16,-1,0
1922,64,32,1,0,0,124,0,0,16,-1,0
1923,64,32,1,0,0,124,0,0,16,-1,0
1924,64,32,1,0,0,124,0,0,16,-1,0
1925,64,32,1,0,0,124,0,0,16,-1,0
1926,64,32,1,0,0,124,0,0,16,-1,0
1927,64,32,1,0,0,124,0,0,16,-1,0
1928,64,32,1,0,0,124,0,0,16,-1,0
1929,64,32,1,0,0,124,0,0,16,-1,0
1930,64,32,1,0,0,124,0,0,16,-1,0
1931,64,32,1,0,0,124,0,0,16,-1,0
1932,64,32,1,0,0,124,0,0,16,-1,0
1933,64,32,1,0,0,124,0,0,16,-1,0
1934,64,32,1,0,0,124,0,0,16,-1,0
1935,64,32,1,0,0,124,0,0,16,-1,0
1936,64,32,1,0,0,124,0,0,16,-1,0
1937,64,32,1,0,0,124,0,0,16,-1,0
1938,64,32,1,0,0,124,0,0,16,-1,0
1939,64,32,1,0,0,124,0,0,16,-1,0
1940,64,32,1,0,0,124,0,0,16,-1,0
1941,64,32,1,0,0,124,0,0,16,-1,0
1942,64,32,1,0,0,124,0,0,16,-1,0
1943,64,32,1,0,0,124,0,0,16,-1,0
1944,64,32,1,0,0,124,0,0,16,-1,0
1945,64,32,1,0,0,124,0,0,16,-1,0
1946,64,32,1,0,0,124,0,0,16,-1,0
1947,64,32,1,0,0,124,0,0,16,-1,0
1948,64,32,1,0,0,124,0,0,16,-1,0
1949,64,32,1,0,0,124,0,0,16,-1,0
1950,64,32,1,0,0,124,0,0,16,-1,0
1951,64,32,1,0,0,124,0,0,16,-1,0
1952,64,32,1,0,0,124,0,0,16,-1,0
1953,64,32,1,0,0,124,0,0,16,-1,0
1954,64,32,1,0,0,124,0,0,16,-1,0
1955,64,32,1,0,0,124,0,0,16,-1,0
1956,64,32,1,0,0,124,0,0,16,-1,0
1957,64,32,1,0,0,124,0,0,16,-1,0
1958,64,32,1,0,0,124,0,0,16,-1,0
1959,64,32,1,0,0,124,0,0,16,-1,0
1960,64,32,1,0,0,124,0,0,16,-1,0
1961,64,32,1,0,0,124,0,0,16,-1,0
1962,64,32,1,0,0,124,0,0,16,-1,0
1963,64,32,1,0,0,124,0,0,16,-1,0
1964,64,32,1,0,0,124,0,0,16,-1,0
1965,64,32,1,0,0,124,0,0,16,-1,0
1966,64,32,1,0,0,124,0,0,16,-1,0
1967,64,32,1,0,0,124,0,0,16,-1,0
1968,64,32,1,0,0,124,0,0,16,-1,0
1969,64,32,1,0,0,124,0,0,16,-1,0
1970,64,32,1,0,0,124,0,0,16,-1,0
1971,64,32,1,0,0,124,0,0,16,-1,0
1972,64,32,1,0,0,124,0,0,16,-1,0
1973,64,32,1,0,0,124,0,0,16,-1,0
1974,64,32,1,0,0,124,0,0,16,-1,0
1975,64,32,1,0,0,124,0,0,16,-1,0
1976,64,32,1,0,0,124,0,0,16,-1,0
1977,64,32,1,0,0,124,0,0,16,-1,0
1978,64,32,1,0,0,124,0,0,16,-1,0
1979,64,32,1,0,0,124,0,0,16,-1,0
1980,64,32,1,0,0,124,0,0,16,-1,0
1981,64,32,1,0,0,124,0,0,16,-1,0
1982,64,32,1,0,0,124,0,0,16,-1,0
1983,64,32,1,0,0,124,0,0,16,-1,0
1984,64,32,1,0,0,124,0,0,16,-1,0
1985,64,32,1,0,0,124,0,0,16,-1,0
1986,64,32,1,0,0,124,0,0,16,-1,0
1987,64,32,1,0,0,124,0,0,16,-1,0
1988,64,32,1,0,0,124,0,0,16,-1,0
1989,64,32,1,0,0,124,0,0,16,-1,0
1990,64,32,1,0,0,124,0,0,16,-1,0
1991,64,32,1,0,0,124,0,0,16,-1,0
1992,64,32,1,0,0,124,0,0,16,-1,0
1993,64,32,1,0,0,124,0,0,16,-1,0
1994,64,32,1,0,0,124,0,0,16,-1,0
1995,64,32,1,0,0,124,0,0,16,-1,0
1996,64,32,1,0,0,124,0,0,16,-1,0
1997,64,32,1,0,0,124,0,0,16,-1,0
1998,64,32,1,0,0,124,0,0,16,-1,0
1999,64,32,1,0,0,124,0,0,16,-1,0
2000,64,32,1,0,0,124,0,0,16,-1,0
2001,64,32,1,0,0,124,0,0,16,-1,0
2002,64,32,1,0,0,124,0,0,16,-1,0
2003,64,32,1,0,0,124,0,0,16,-1,0
2004,64,32,1,0,0,124,0,0,16,-1,0
2005,64,32,1,0,0,124,0,0,16,-1,0
2006,64,32,1,0,0,124,0,0,16,-1,0
2007,64,32,1,0,0,124,0,0,16,-1,0
2008,64,32,1,0,0,124,0,0,16,-1,0
2009,64,32,1,0,0,124,0,0,16,-1,0
2010,64,32,1,0,0,124,0,0,16,-1,0
2011,64,32,1,0,0,124,0,0,16,-1,0
2012,64,32,1,0,0,124,0,0,16,-1,0
2013,64,32,1,0,0,124,0,0,16,-1,0
2014,64,32,1,0,0,124,0,0,16,-1,0
2015,64,32,1,0,0,124,0,0,16,-1,0
2016,64,32,1,0,0,124,0,0,16,-1,0
2017,64,32,1,0,0,124,0,0,16,-1,0
2018,64,32,1,0,0,124,0,0,16,-1,0
2019,64,32,1,0,0,124,0,0,16,-1,0
2020,64,32,1,0,0,124,0,0,16,-1,0
2021,64,32,1,0,0,124,0,0,16,-1,0
2022,64,32,1,0,0,124,0,0,16,-1,0
2023,64,32,1,0,0,124,0,0,16,-1,0
2024,64,32,1,0,0,124,0,0,16,-1,0
2025,64,32,1,0,0,124,0,0,16,-1,0
2026,64,32,1,0,0,124,0,0,16,-1,0
2027,64,32,1,0,0,124,0,0,16,-1,0
2028,64,32,1,0,0,124,0,0,16,-1,0
2029,64,32,1,0,0,124,0,0,16,-1,0
2030,64,32,1,0,0,124,0,0,16,-1,0
2031,64,32,1,0,0,124,0,0,16,-1,0
2032,64,32,1,0,0,124,0,0,16,-1,0
2033,64,32,1,0,0,124,0,0,16,-1,0
2034,64,32,1,0,0,124,0,0,16,-1,0
2035,64,32,1,0,0,124,0,0,16,-1,0
2036,64,32,1,0,0,124,0,0,16,-1,0
2037,64,32,1,0,0,124,0,0,16,-1,0
2038,64,32,1,0,0,124,0,0,16,-1,0
2039,64,32,1,0,0,124,0,0,16,-1,0
2040,64,32,1,0,0,124,0,0,16,-1,0
2041,64,32,1,0,0,124,0,0,16,-1,0
2042,64,32,1,0,0,124,0,0,16,-1,0
2043,64,32,1,0,0,124,0,0,16,-1,0
2044,64,32,1,0,0,124,0,0,16,-1,0
2045,64,32,1,0,0,124,0,0,16,-1,0
2046,64,32,1,0,0,124,0,0,16,-1,0
2047,64,32,1,0,0,124,0,0,16,-1,0
2048,64,32,1,0,0,124,0,0,16,-1,0
2049,64,32,1,0,0,124,0,0,16,-1,0
2050,64,32,1,0,0,124,0,0,16,-1,0
2051,64,32,1,0,0,124,0,0,16,-1,0
2052,64,32,1,0,0,124,0,0,16,-1,0
2053,64,32,1,0,0,124,0,0,16,-1,0
2054,64,32,1,0,0,124,0,0,16,-1,0
2055,64,32,1,0,0,124,0,0,16,-1,0
2056,64,32,1,0,0,124,0,0,16,-1,0
2057,64,32,1,0,0,124,0,0,16,-1,0
2058,64,32,1,0,0,124,0,0,16,-1,0
2059,64,32,1,0,0,124,0,0,16,-1,0
2060,64,32,1,0,0,124,0,0,16,-1,0
2061,64,32,1,0,0,124,0,0,16,-1,0
2062,64,32,1,0,0,124,0,0,16,-1,0
2063,64,32,1,0,0,124,0,0,16,-1,0
2064,64,32,1,0,0,124,0,0,16,-1,0
2065,64,32,1,0,0,124,0,0,16,-1,0
2066,64,32,1,0,0,124,0,0,16,-1,0
2067,64,32,1,0,0,124,0,0,16,-1,0
2068,64,32,1,0,0,124,0,0,16,-1,0
2069,64,32,1,0,0,124,0,0,16,-1,0
2070,64,32,1,0,0,124,0,0,16,-1,0
2071,64,32,1,0,0,124,0,0,16,-1,0
2072,64,32,1,0,0,124,0,0,16,-1,0
2073,64,32,1,0,0,124,0,0,16,-1,0
2074,64,32,1,0,0,124,0,0,16,-1,0
2075,64,32,1,0,0,124,0,0,16,-1,0
2076,64,32,1,0,0,124,0,0,16,-1,0
2077,64,32,1,0,0,124,0,0,16,-1,0
2078,64,32,1,0,0,124,0,0,16,-1,0
2079,64,32,1,0,0,124,0,0,16,-1,0
2080,64,32,1,0,0,124,0,0,16,-1,0
2081,64,32,1,0,0,124,0,0,16,-1,0
2082,64,32,1,0,0,124,0,0,16,-1,0
2083,64,32,1,0,0,124,0,0,16,-1,0
2084,64,32,1,0,0,124,0,0,16,-1,0
2085,64,32,1,0,0,124,0,0,16,-1,0
2086,64,32,1,0,0,124,0,0,16,-1,0
2087,64,32,1,0,0,124,0,0,16,-1,0
2088,64,32,1,0,0,124,0,0,16,-1,0
2089,64,32,1,0,0,124,0,0,16,-1,0
2090,64,32,1,0,0,124,0,0,16,-1,0
2091,64,32,1,0,0,124,0,0,16,-1,0
2092,64,32,1,0,0,124,0,0,16,-1,0
2093,64,32,1,0,0,124,0,0,16,-1,0
2094,64,32,1,0,0,124,0,0,16,-1,0
2095,64,32,1,0,0,124,0,0,16,-1,0
2096,64,32,1,0,0,124,0,0,16,-1,0
2097,64,32,1,0,0,124,0,0,16,-1,0
2098,64,32,1,0,0,124,0,0,16,-1,0
2099,64,32,1,0,0,124,0,0,16,-1,0
2100,64,32,1,0,0,124,0,0,16,-1,0
2101,64,32,1,0,0,124,0,0,16,-1,0
2102,64,32,1,0,0,124,0,0,16,-1,0
2103,64,32,1,0,0,124,0,0,16,-1,0
2104,64,32,1,0,0,124,0,0,16,-1,0
2105,64,32,1,0,0,124,0,0,16,-1,0
2106,64,32,1,0,0,124,0,0,16,-1,0
2107,64,32,1,0,0,124,0,0,16,-1,0
2108,64,32,1,0,0,124,0,0,16,-1,0
2109,64,32,1,0,0,124,0,0,16,-1,0
2110,64,32,1,0,0,124,0,0,16,-1,0
2111,64,32,1,0,0,124,0,0,16,-1,0
2112,64,32,1,0,0,124,0,0,16,-1,0
2113,64,32,1,0,0,124,0,0,16,-1,0
2114,64,32,1,0,0,124,0,0,16,-1,0
2115,64,32,1,0,0,124,0,0,16,-1,0
2116,64,32,1,0,0,124,0,0,16,-1,0
2117,64,32,1,0,0,124,0,0,16,-1,0
2118,64,32,1,0,0,124,0,0,16,-1,0
2119,64,32,1,0,0,124,0,0,16,-1,0
2120,64,32,1,0,0,124,0,0,16,-1,0
2121,64,32,1,0,0,124,0,0,16,-1,0
2122,64,32,1,0,0,124,0,0,16,-1,0
2123,64,32,1,0,0,124,0,0,16,-1,0
2124,64,32,1,0,0,124,0,0,16,-1,0
2125,64,32,1,0,0,124,0,0,16,-1,0
2126,64,32,1,0,0,124,0,0,16,-1,0
2127,64,32,1,0,0,124,0,0,16,-1,0
2128,64,32,1,0,0,124,0,0,16,-1,0
2129,64,32,1,0,0,124,0,0,16,-1,0
2130,64,32,1,0,0,124,0,0,16,-1,0
2131,64,32,1,0,0,124,0,0,16,-1,0
2132,64,32,1,0,0,124,0,0,16,-1,0
2133,64,32,1,0,0,124,0,0,16,-1,0
2134,64,32,1,0,0,124,0,0,16,-1,0
2135,64,32,1,0,0,124,0,0,16,-1,0
2136,64,32,1,0,0,124,0,0,16,-1,0
2137,64,32,1,0,0,124,0,0,16,-1,0
2138,64,32,1,0,0,124,0,0,16,-1,0
2139,64,32,1,0,0,124,0,0,16,-1,0
2140,64,32,1,0,0,124,0,0,16,-1,0
2141,64,32,1,0,0,124,0,0,16,-1,0
2142,64,32,1,0,0,124,0,0,16,-1,0
2143,64,32,1,0,0,124,0,0,16,-1,0
2144,64,32,1,0,0,124,0,0,16,-1,0
2145,64,32,1,0,0,124,0,0,16,-1,0
2146,64,32,1,0,0,124,0,0,16,-1,0
2147,64,32,1,0,0,124,0,0,16,-1,0
2148,64,32,1,0,0,124,0,0,16,-1,0
2149,64,32,1,0,0,124,0,0,16,-1,0
2150,64,32,1,0,0,124,0,0,16,-1,0
2151,64,32,1,0,0,124,0,0,16,-1,0
2152,64,32,1,0,0,124,0,0,16,-1,0
2153,64,32,1,0,0,124,0,0,16,-1,0
2154,64,32,1,0,0,124,0,0,16,-1,0
2155,64,32,1,0,0,124,0,0,16,-1,0
2156,64,32,1,0,0,124,0,0,16,-1,0
2157,64,32,1,0,0,124,0,0,16,-1,0
2158,64,32,1,0,0,124,0,0,16,-1,0
2159,64,32,1,0,0,124,0,0,16,-1,0
2160,64,32,1,0,0,124,0,0,16,-1,0
2161,64,32,1,0,0,124,0,0,16,-1,0
2162,64,32,1,0,0,124,0,0,16,-1,0
2163,64,32,1,0,0,124,0,0,16,-1,0
2164,64,32,1,0,0,124,0,0,16,-1,0
2165,64,32,1,0,0,124,0,0,16,-1,0
2166,64,32,1,0,0,124,0,0,16,-1,0
2167,64,32,1,0,0,124,0,0,16,-1,0
2168,64,32,1,0,0,124,0,0,16,-1,0
2169,64,32,1,0,0,124,0,0,16,-1,0
2170,64,32,1,0,0,124,0,0,16,-1,0
2171,64,32,1,0,0,124,0,0,16,-1,0
2172,64,32,1,0,0,124,0,0,16,-1,0
2173,64,32,1,0,0,124,0,0,16,-1,0
2174,64,32,1,0,0,124,0,0,16,-1,0
2175,64,32,1,0,0,124,0,0,16,-1,0
2176,64,32,1,0,0,124,0,0,16,-1,0
2177,64,32,1,0,0,124,0,0,16,-1,0
2178,64,32,1,0,0,124,0,0,16,-1,0
2179,64,32,1,0,0,124,0,0,16,-1,0
2180,64,32,1,0,0,124,0,0,16,-1,0
2181,64,32,1,0,0,124,0,0,16,-1,0
2182,64,32,1,0,0,124,0,0,16,-1,0
2183,64,32,1,0,0,124,0,0,16,-1,0
2184,64,32,1,0,0,124,0,0,16,-1,0
2185,64,32,1,0,0,124,0,0,16,-1,0
2186,64,32,1,0,0,124,0,0,16,-1,0
2187,64,32,1,0,0,124,0,0,16,-1,0
2188,64,32,1,0,0,124,0,0,16,-1,0
2189,64,32,1,0,0,124,0,0,16,-1,0
2190,64,32,1,0,0,124,0,0,16,-1,0
2191,64,32,1,0,0,124,0,0,16,-1,0
2192,64,32,1,0,0,124,0,0,16,-1,0
2193,64,32,1,0,0,124,0,0,16,-1,0
2194,64,32,1,0,0,124,0,0,16,-1,0
2195,64,32,1,0,0,124,0,0,16,-1,0
2196,64,32,1,0,0,124,0,0,16,-1,0
2197,64,32,1,0,0,124,0,0,16,-1,0
2198,64,32,1,0,0,124,0,0,16,-1,0
2199,64,32,1,0,0,124,0,0,16,-1,0
2200,64,32,1,0,0,124,0,0,16,-1,0
2201,64,32,1,0,0,124,0,0,16,-1,0
2202,64,32,1,0,0,124,0,0,16,-1,0
2203,64,32,1,0,0,124,0,0,16,-1,0
2204,64,32,1,0,0,124,0,0,16,-1,0
2205,64,32,1,0,0,124,0,0,16,-1,0
2206,64,32,1,0,0,124,0,0,16,-1,0
2207,64,32,1,0,0,124,0,0,16,-1,0
2208,64,32,1,0,0,124,0,0,16,-1,0
2209,64,32,1,0,0,124,0,0,16,-1,0
2210,64,32,1,0,0,124,0,0,16,-1,0
2211,64,32,1,0,0,124,0,0,16,-1,0
2212,64,32,1,0,0,124,0,0,16,-1,0
2213,64,32,1,0,0,124,0,0,16,-1,0
2214,64,32,1,0,0,124,0,0,16,-1,0
2215,64,32,1,0,0,124,0,0,16,-1,0
2216,64,32,1,0,0,124,0,0,16,-1,0
2217,64,32,1,0,0,124,0,0,16,-1,0
2218,64,32,1,0,0,124,0,0,16,-1,0
2219,64,32,1,0,0,124,0,0,16,-1,0
2220,64,32,1,0,0,124,0,0,16,-1,0
2221,64,32,1,0,0,124,0,0,16,-1,0
2222,64,32,1,0,0,124,0,0,16,-1,0
2223,64,32,1,0,0,124,0,0,16,-1,0
2224,64,32,1,0,0,124,0,0,16,-1,0
2225,64,32,1,0,0,124,0,0,16,-1,0
2226,64,32,1,0,0,124,0,0,16,-1,0
2227,64,32,1,0,0,124,0,0,16,-1,0
2228,64,32,1,0,0,124,0,0,16,-1,0
2229,64,32,1,0,0,124,0,0,16,-1,0
2230,64,32,1,0,0,124,0,0,16,-1,0
2231,64,32,1,0,0,124,0,0,16,-1,0
2232,64,32,1,0,0,124,0,0,16,-1,0
2233,64,32,1,0,0,124,0,0,16,-1,0
2234,64,32,1,0,0,124,0,0,16,-1,0
2235,64,32,1,0,0,124,0,0,16,-1,0
2236,64,32,1,0,0,124,0,0,16,-1,0
2237,64,32,1,0,0,124,0,0,16,-1,0
2238,64,32,1,0,0,124,0,0,16,-1,0
2239,64,32,1,0,0,124,0,0,16,-1,0
2240,64,32,1,0,0,124,0,0,16,-1,0
2241,64,32,1,0,0,124,0,0,16,-1,0
2242,64,32,1,0,0,124,0,0,16,-1,0
2243,64,32,1,0,0,124,0,0,16,-1,0
2244,64,32,1,0,0,124,0,0,16,-1,0
2245,64,32,1,0,0,124,0,0,16,-1,0
2246,64,32,1,0,0,124,0,0,16,-1,0
2247,64,32,1,0,0,124,0,0,16,-1,0
2248,64,32,1,0,0,124,0,0,16,-1,0
2249,64,32,1,0,0,124,0,0,16,-1,0
2250,64,32,1,0,0,124,0,0,16,-1,0
2251,64,32,1,0,0,124,0,0,16,-1,0
2252,64,32,1,0,0,124,0,0,16,-1,0
2253,64,32,1,0,0,124,0,0,16,-1,0
2254,64,32,1,0,0,124,0,0,16,-1,0
2255,64,32,1,0,0,124,0,0,16,-1,0
2256,64,32,1,0,0,124,0,0,16,-1,0
2257,64,32,1,0,0,124,0,0,16,-1,0
2258,64,32,1,0,0,124,0,0,16,-1,0
2259,64,32,1,0,0,124,0,0,16,-1,0
2260,64,32,1,0,0,124,0,0,16,-1,0
2261,64,32,1,0,0,124,0,0,16,-1,0
2262,64,32,1,0,0,124,0,0,16,-1,0
2263,64,32,1,0,0,124,0,0,16,-1,0
2264,64,32,1,0,0,124,0,0,16,-1,0
2265,64,32,1,0,0,124,0,0,16,-1,0
2266,64,32,1,0,0,124,0,0,16,-1,0
2267,64,32,1,0,0,124,0,0,16,-1,0
2268,64,32,1,0,0,124,0,0,16,-1,0
2269,64,32,1,0,0,124,0,0,16,-1,0
2270,64,32,1,0,0,124,0,0,16,-1,0
2271,64,32,1,0,0,124,0,0,16,-1,0
2272,64,32,1,0,0,124,0,0,16,-1,0
2273,64,32,1,0,0,124,0,0,16,-1,0
2274,64,32,1,0,0,124,0,0,16,-1,0
2275,64,32,1,0,0,124,0,0,16,-1,0
2276,64,32,1,0,0,124,0,0,16,-1,0
2277,64,32,1,0,0,124,0,0,16,-1,0
2278,64,32,1,0,0,124,0,0,16,-1,0
2279,64,32,1,0,0,124,0,0,16,-1,0
2280,64,32,1,0,0,124,0,0,16,-1,0
2281,64,32,1,0,0,124,0,0,16,-1,0
2282,64,32,1,0,0,124,0,0,16,-1,0
2283,64,32,1,0,0,124,0,0,16,-1,0
2284,64,32,1,0,0,124,0,0,16,-1,0
2285,64,32,1,0,0,124,0,0,16,-1,0
2286,64,32,1,0,0,124,0,0,16,-1,0
2287,64,32,1,0,0,124,0,0,16,-1,0
2288,64,32,1,0,0,124,0,0,16,-1,0
2289,64,32,1,0,0,124,0,0,16,-1,0
2290,64,32,1,0,0,124,0,0,16,-1,0
2291,64,32,1,0,0,124,0,0,16,-1,0
2292,64,32,1,0,0,124,0,0,16,-1,0
2293,64,32,1,0,0,124,0,0,16,-1,0
2294,64,32,1,0,0,124,0,0,16,-1,0
2295,64,32,1,0,0,124,0,0,16,-1,0
2296,64,32,1,0,0,124,0,0,16,-1,0
2297,64,32,1,0,0,124,0,0,16,-1,0
2298,64,32,1,0,0,124,0,0,16,-1,0
2299,64,32,1,0,0,124,0,0,16,-1,0
2300,64,32,1,0,0,124,0,0,16,-1,0
2301,64,32,1,0,0,124,0,0,16,-1,0
2302,64,32,1,0,0,124,0,0,16,-1,0
2303,64,32,1,0,0,124,0,0,16,-1,0
2304,64,32,1,0,0,124,0,0,16,-1,0
2305,64,32,1,0,0,124,0,0,16,-1,0
2306,64,32,1,0,0,124,0,0,16,-1,0
2307,64,32,1,0,0,124,0,0,16,-1,0
2308,64,32,1,0,0,124,0,0,16,-1,0
2309,64,32,1,0,0,124,0,0,16,-1,0
2310,64,32,1,0,0,124,0,0,16,-1,0
2311,64,32,1,0,0,124,0,0,16,-1,0
2312,64,32,1,0,0,124,0,0,16,-1,0
2313,64,32,1,0,0,124,0,0,16,-1,0
2314,64,32,1,0,0,124,0,0,16,-1,0
2315,64,32,1,0,0,124,0,0,16,-1,0
2316,64,32,1,0,0,124,0,0,16,-1,0
2317,64,32,1,0,0,124,0,0,16,-1,0
2318,64,32,1,0,0,124,0,0,16,-1,0
2319,64,32,1,0,0,124,0,0,16,-1,0
2320,64,32,1,0,0,124,0,0,16,-1,0
2321,64,32,1,0,0,124,0,0,16,-1,0
2322,64,32,1,0,0,124,0,0,16,-1,0
2323,64,32,1,0,0,124,0,0,16,-1,0
2324,64,32,1,0,0,124,0,0,16,-1,0
2325,64,32,1,0,0,124,0,0,16,-1,0
2326,64,32,1,0,0,124,0,0,16,-1,0
2327,64,32,1,0,0,124,0,0,16,-1,0
2328,64,32,1,0,0,124,0,0,16,-1,0
2329,64,32,1,0,0,124,0,0,16,-1,0
2330,64,32,1,0,0,124,0,0,16,-1,0
2331,64,32,1,0,0,124,0,0,16,-1,0
2332,64,32,1,0,0,124,0,0,16,-1,0
2333,64,32,1,0,0,124,0,0,16,-1,0
2334,64,32,1,0,0,124,0,0,16,-1,0
2335,64,32,1,0,0,124,0,0,16,-1,0
2336,64,32,1,0,0,124,0,0,16,-1,0
2337,64,32,1,0,0,124,0,0,16,-1,0
2338,64,32,1,0,0,124,0,0,16,-1,0
2339,64,32,1,0,0,124,0,0,16,-1,0
2340,64,32,1,0,0,124,0,0,16,-1,0
2341,64,32,1,0,0,124,0,0,16,-1,0
2342,64,32,1,0,0,124,0,0,16,-1,0
2343,64,32,1,0,0,124,0,0,16,-1,0
2344,64,32,1,0,0,124,0,0,16,-1,0
2345,64,32,1,0,0,124,0,0,16,-1,0
2346,64,32,1,0,0,124,0,0,16,-1,0
2347,64,32,1,0,0,124,0,0,16,-1,0
2348,64,32,1,0,0,124,0,0,16,-1,0
2349,64,32,1,0,0,124,0,0,16,-1,0
2350,64,32,1,0,0,124,0,0,16,-1,0
2351,64,32,1,0,0,124,0,0,16,-1,0
2352,64,32,1,0,0,124,0,0,16,-1,0
2353,64,32,1,0,0,124,0,0,16,-1,0
2354,64,32,1,0,0,124,0,0,16,-1,0
2355,64,32,1,0,0,124,0,0,16,-1,0
2356,64,32,1,0,0,124,0,0,16,-1,0
2357,64,32,1,0,0,124,0,0,16,-1,0
2358,64,32,1,0,0,124,0,0,16,-1,0
2359,64,32,1,0,0,124,0,0,16,-1,0
2360,64,32,1,0,0,124,0,0,16,-1,0
2361,64,32,1,0,0,124,0,0,16,-1,0
2362,64,32,1,0,0,124,0,0,16,-1,0
2363,64,32,1,0,0,124,0,0,16,-1,0
2364,64,32,1,0,0,124,0,0,16,-1,0
2365,64,32,1,0,0,124,0,0,16,-1,0
2366,64,32,1,0,0,124,0,0,16,-1,0
2367,64,32,1,0,0,124,0,0,16,-1,0
2368,64,32,1,0,0,124,0,0,16,-1,0
2369,64,32,1,0,0,124,0,0,16,-1,0
2370,64,32,1,0,0,124,0,0,16,-1,0
2371,64,32,1,0,0,124,0,0,16,-1,0
2372,64,32,1,0,0,124,0,0,16,-1,0
2373,64,32,1,0,0,124,0,0,16,-1,0
2374,64,32,1,0,0,124,0,0,16,-1,0
2375,64,32,1,0,0,124,0,0,16,-1,0
2376,64,32,1,0,0,124,0,0,16,-1,0
2377,64,32,1,0,0,124,0,0,16,-1,0
2378,64,32,1,0,0,124,0,0,16,-1,0
2379,64,32,1,0,0,124,0,0,16,-1,0
2380,64,32,1,0,0,124,0,0,16,-1,0
2381,64,32,1,0,0,124,0,0,16,-1,0
2382,64,32,1,0,0,124,0,0,16,-1,0
2383,64,32,1,0,0,124,0,0,16,-1,0
2384,64,32,1,0,0,124,0,0,16,-1,0
2385,64,32,1,0,0,124,0,0,16,-1,0
2386,64,32,1,0,0,124,0,0,16,-1,0
2387,64,32,1,0,0,124,0,0,16,-1,0
2388,64,32,1,0,0,124,0,0,16,-1,0
2389,64,32,1,0,0,124,0,0,16,-1,0
2390,64,32,1,0,0,124,0,0,16,-1,0
2391,64,32,1,0,0,124,0,0,16,-1,0
2392,64,32,1,0,0,124,0,0,16,-1,0
2393,64,32,1,0,0,124,0,0,16,-1,0
2394,64,32,1,0,0,124,0,0,16,-1,0
2395,64,32,1,0,0,124,0,0,16,-1,0
2396,64,32,1,0,0,124,0,0,16,-1,0
2397,64,32,1,0,0,124,0,0,16,-1,0
2398,64,32,1,0,0,124,0,0,16,-1,0
2399,64,32,1,0,0,124,0,0,16,-1,0
2400,64,32,1,0,0,124,0,0,16,-1,0
2401,64,32,1,0,0,124,0,0,16,-1,0
2402,64,32,1,0,0,124,0,0,16,-1,0
2403,64,32,1,0,0,124,0,0,16,-1,0
2404,64,32,1,0,0,124,0,0,16,-1,0
2405,64,32,1,0,0,124,0,0,16,-1,0
2406,64,32,1,0,0,124,0,0,16,-1,0
2407,64,32,1,0,0,124,0,0,16,-1,0
2408,64,32,1,0,0,124,0,0,16,-1,0
2409,64,32,1,0,0,124,0,0,16,-1,0
2410,64,32,1,0,0,124,0,0,16,-1,0
2411,64,32,1,0,0,124,0,0,16,-1,0
2412,64,32,1,0,0,124,0,0,16,-1,0
2413,64,32,1,0,0,124,0,0,16,-1,0
2414,64,32,1,0,0,124,0,0,16,-1,0
2415,64,32,1,0,0,124,0,0,16,-1,0
2416,64,32,1,0,0,124,0,0,16,-1,0
2417,64,32,1,0,0,124,0,0,16,-1,0
2418,64,32,1,0,0,124,0,0,16,-1,0
2419,64,32,1,0,0,124,0,0,16,-1,0
2420,64,32,1,0,0,124,0,0,16,-1,0
2421,64,32,1,0,0,124,0,0,16,-1,0
2422,64,32,1,0,0,124,0,0,16,-1,0
2423,64,32,1,0,0,124,0,0,16,-1,0
2424,64,32,1,0,0,124,0,0,16,-1,0
2425,64,32,1,0,0,124,0,0,16,-1,0
2426,64,32,1,0,0,124,0,0,16,-1,0
2427,64,32,1,0,0,124,0,0,16,-1,0
2428,64,32,1,0,0,124,0,0,16,-1,0
2429,64,32,1,0,0,124,0,0,16,-1,0
2430,64,32,1,0,0,124,0,0,16,-1,0
2431,64,32,1,0,0,124,0,0,16,-1,0
2432,64,32,1,0,0,124,0,0,16,-1,0
2433,64,32,1,0,0,124,0,0,16,-1,0
2434,64,32,1,0,0,124,0,0,16,-1,0
2435,64,32,1,0,0,124,0,0,16,-1,0
2436,64,32,1,0,0,124,0,0,16,-1,0
2437,64,32,1,0,0,124,0,0,16,-1,0
2438,64,32,1,0,0,124,0,0,16,-1,0
2439,64,32,1,0,0,124,0,0,16,-1,0
2440,64,32,1,0,0,124,0,0,16,-1,0
2441,64,32,1,0,0,124,0,0,16,-1,0
2442,64,32,1,0,0,124,0,0,16,-1,0
2443,64,32,1,0,0,124,0,0,16,-1,0
2444,64,32,1,0,0,124,0,0,16,-1,0
2445,64,32,1,0,0,124,0,0,16,-1,0
2446,64,32,1,0,0,124,0,0,16,-1,0
2447,64,32,1,0,0,124,0,0,16,-1,0
2448,64,32,1,0,0,124,0,0,16,-1,0
2449,64,32,1,0,0,124,0,0,16,-1,0
2450,64,32,1,0,0,124,0,0,16,-1,0
2451,64,32,1,0,0,124,0,0,16,-1,0
2452,64,32,1,0,0,124,0,0,16,-1,0
2453,64,32,1,0,0,124,0,0,16,-1,0
2454,64,32,1,0,0,124,0,0,16,-1,0
2455,64,32,1,0,0,124,0,0,16,-1,0
2456,64,32,1,0,0,124,0,0,16,-1,0
2457,64,32,1,0,0,124,0,0,16,-1,0
2458,64,32,1,0,0,124,0,0,16,-1,0
2459,64,32,1,0,0,124,0,0,16,-1,0
2460,64,32,1,0,0,124,0,0,16,-1,0
2461,64,32,1,0,0,124,0,0,16,-1,0
2462,64,32,1,0,0,124,0,0,16,-1,0
2463,64,32,1,0,0,124,0,0,16,-1,0
2464,64,32,1,0,0,124,0,0,16,-1,0
2465,64,32,1,0,0,124,0,0,16,-1,0
2466,64,32,1,0,0,124,0,0,16,-1,0
2467,64,32,1,0,0,124,0,0,16,-1,0
2468,64,32,1,0,0,124,0,0,16,-1,0
2469,64,32,1,0,0,124,0,0,16,-1,0
2470,64,32,1,0,0,124,0,0,16,-1,0
2471,64,32,1,0,0,124,0,0,16,-1,0
2472,64,32,1,0,0,124,0,0,16,-1,0
2473,64,32,1,0,0,124,0,0,16,-1,0
2474,64,32,1,0,0,124,0,0,16,-1,0
2475,64,32,1,0,0,124,0,0,16,-1,0
2476,64,32,1,0,0,124,0,0,16,-1,0
2477,64,32,1,0,0,124,0,0,16,-1,0
2478,64,32,1,0,0,124,0,0,16,-1,0
2479,64,32,1,0,0,124,0,0,16,-1,0
2480,64,32,1,0,0,124,0,0,16,-1,0
2481,64,32,1,0,0,124,0,0,16,-1,0
2482,64,32,1,0,0,124,0,0,16,-1,0
2483,64,32,1,0,0,124,0,0,16,-1,0
2484,64,32,1,0,0,124,0,0,16,-1,0
2485,64,32,1,0,0,124,0,0,16,-1,0
2486,64,32,1,0,0,124,0,0,16,-1,0
2487,64,32,1,0,0,124,0,0,16,-1,0
2488,64,32,1,0,0,124,0,0,16,-1,0
2489,64,32,1,0,0,124,0,0,16,-1,0
2490,64,32,1,0,0,124,0,0,16,-1,0
2491,64,32,1,0,0,124,0,0,16,-1,0
2492,64,32,1,0,0,124,0,0,16,-1,0
2493,64,32,1,0,0,124,0,0,16,-1,0
2494,64,32,1,0,0,124,0,0,16,-1,0
2495,64,32,1,0,0,124,0,0,16,-1,0
2496,64,32,1,0,0,124,0,0,16,-1,0
2497,64,32,1,0,0,124,0,0,16,-1,0
2498,64,32,1,0,0,124,0,0,16,-1,0
2499,64,32,1,1,1,124,1,1,16,147,16
2500,64,32,1,1,0,124,0,1,16,-1,0
2501,64,32,1,0,0,124,0,1,16,-1,0
2502,64,32,1,1,1,124,1,2,16,140,16
2503,64,32,1,1,0,124,0,2,16,-1,0
2504,64,32,1,1,0,124,0,2,16,-1,0
2505,64,32,1,1,0,124,0,2,16,-1,0
2506,64,32,1,1,0,124,0,2,16,-1,0
2507,64,32,1,1,0,124,0,2,16,-1,0
2508,64,32,1,1,0,124,0,2,16,-1,0
2509,64,32,1,1,0,124,0,0,16,-1,0
2510,64,32,1,1,0,124,0,0,16,-1,0
2511,64,32,1,1,0,124,0,0,16,-1,0
2512,64,32,1,1,0,124,0,0,16,-1,1
2513,4,32,1,1,1,77,1,1,1,78,1
2514,64,32,1,1,1,124,1,2,16,140,16
2515,0,32,1,1,0,75,0,2,0,-1,0
2516,64,32,1,1,0,124,0,2,16,-1,0
2517,63,32,1,1,0,115,0,2,16,-1,0
2518,64,32,1,1,0,124,0,0,16,-1,0
2519,64,32,1,1,0,124,0,0,16,-1,0
2520,64,32,1,1,0,124,0,0,16,-1,0
2521,64,32,1,1,0,124,0,0,16,-1,0
2522,64,32,1,1,0,124,0,0,16,-1,0
2523,64,32,1,1,0,124,0,0,16,-1,0
2524,64,32,1,1,0,124,0,0,16,-1,0
2525,64,32,1,1,0,124,0,0,16,-1,0
2526,64,32,1,1,0,124,0,0,16,-1,0
2527,64,32,1,1,0,124,0,0,16,-1,0
2528,64,32,1,1,0,124,0,0,16,-1,0
2529,64,32,1,1,0,124,0,0,16,-1,0
2530,64,32,1,1,0,124,0,0,16,-1,0
2531,64,32,1,1,0,124,0,0,16,-1,0
2532,64,32,1,1,1,124,1,1,16,140,16
2533,64,32,1,1,1,124,1,1,16,140,16
2534,64,32,1,1,1,124,1,1,16,140,16
2535,64,32,1,1,1,124,1,1,16,140,16
2536,64,32,1,1,1,124,1,1,16,140,16
2537,64,32,1,1,1,124,1,1,16,140,16
2538,64,32,1,1,1,124,1,1,16,140,16
2539,64,32,1,1,1,124,1,1,16,140,16
2540,64,32,1,1,1,124,1,1,16,140,16
2541,64,32,1,1,1,124,1,1,16,140,16
2542,64,32,1,1,1,124,1,1,16,140,16
2543,64,32,1,1,1,124,1,1,16,140,16
2544,64,32,1,1,1,124,1,1,16,140,16
2545,64,32,1,1,1,124,1,1,16,140,16
2546,64,32,1,1,1,124,1,1,16,140,16
2547,64,32,1,1,1,124,1,1,16,140,16
2548,64,32,1,1,1,124,1,1,16,140,16
2549,64,32,1,1,1,124,1,1,16,140,16
2550,64,32,1,1,1,124,1,1,16,140,16
2551,64,32,1,1,1,124,1,1,16,140,16
2552,64,32,1,1,1,124,1,1,16,140,16
2553,64,32,1,1,1,124,1,1,16,140,16
2554,64,32,1,1,1,124,1,1,16,140,16
2555,64,32,1,1,1,124,1,1,16,140,16
2556,64,32,1,1,1,124,1,1,16,140,16
2557,64,32,1,1,1,124,1,1,16,140,16
2558,64,32,1,1,1,124,1,1,16,140,16
2559,64,32,1,1,1,124,1,1,16,140,16
2560,64,32,1,1,1,124,1,1,16,140,16
2561,64,32,1,1,1,124,1,1,16,140,16
2562,64,32,1,1,1,124,1,1,16,140,16
2563,64,32,1,1,1,124,1,1,16,140,16
2564,64,32,1,1,1,124,1,1,16,140,16
2565,64,32,1,1,1,124,1,1,16,140,16
2566,64,32,1,1,1,124,1,1,16,140,16
2567,64,32,1,1,1,124,1,1,16,140,16
2568,64,32,1,1,1,124,1,1,16,140,16
2569,64,32,1,1,1,124,1,1,16,140,16
2570,64,32,1,1,1,124,1,1,16,140,16
2571,64,32,1,1,1,124,1,1,16,140,16
2572,64,32,1,1,1,124,1,1,16,140,16
2573,64,32,1,1,1,124,1,1,16,140,16
2574,64,32,1,1,1,124,1,1,16,140,16
2575,64,32,1,1,1,124,1,1,16,140,16
2576,64,32,1,1,1,124,1,1,16,140,16
2577,64,32,1,1,1,124,1,1,16,140,16
2578,64,32,1,1,1,124,1,1,16,140,16
2579,64,32,1,1,1,124,1,1,16,140,16
2580,64,32,1,1,1,124,1,1,16,140,16
2581,64,32,1,1,1,124,1,1,16,140,16
2582,64,32,1,1,1,124,1,1,16,140,16
2583,64,32,1,1,1,124,1,1,16,140,16
2584,64,32,1,1,1,124,1,1,16,140,16
2585,64,32,1,1,1,124,1,1,16,140,16
2586,64,32,1,1,1,124,1,1,16,140,16
2587,64,32,1,1,1,124,1,1,16,140,16
2588,64,32,1,1,1,124,1,1,16,140,16
2589,64,32,1,1,1,124,1,1,16,140,16
2590,64,32,1,1,1,124,1,1,16,140,16
2591,64,32,1,1,1,124,1,1,16,140,16
2592,64,32,1,1,1,124,1,1,16,140,16
2593,64,32,1,1,1,124,1,1,16,140,16
2594,64,32,1,1,1,124,1,1,16,140,16
2595,64,32,1,1,1,124,1,1,16,140,16
2596,64,32,1,1,1,124,1,1,16,140,16
2597,64,32,1,1,1,124,1,1,16,140,16
2598,64,32,1,1,1,124,1,1,16,140,16
2599,64,32,1,1,1,124,1,1,16,140,16
2600,64,32,1,1,1,124,1,1,16,140,16
2601,64,32,1,1,1,124,1,1,16,140,16
2602,64,32,1,1,1,124,1,1,16,140,16
2603,64,32,1,1,1,124,1,1,16,140,16
2604,64,32,1,1,1,124,1,1,16,140,16
2605,64,32,1,1,1,124,1,1,16,140,16
2606,64,32,1,1,1,124,1,1,16,140,16
2607,64,32,1,1,1,124,1,1,16,140,16
2608,64,32,1,1,1,124,1,1,16,140,16
2609,64,32,1,1,1,124,1,1,16,140,16
2610,64,32,1,1,1,124,1,1,16,140,16
2611,64,32,1,1,1,124,1,1,16,140,16
2612,64,32,1,1,1,124,1,1,16,140,16
2613,64,32,1,1,1,124,1,1,16,140,16
2614,64,32,1,1,1,124,1,1,16,140,16
2615,64,32,1,1,1,124,1,1,16,140,16
2616,64,32,1,1,1,124,1,1,16,140,16
2617,64,32,1,1,1,124,1,1,16,140,16
2618,64,32,1,1,1,124,1,1,16,140,16
2619,64,32,1,1,1,124,1,1,16,140,16
2620,64,32,1,1,1,124,1,1,16,140,16
2621,64,32,1,1,1,124,1,1,16,140,16
2622,64,32,1,1,1,124,1,1,16,140,16
2623,64,32,1,1,1,124,1,1,16,140,16
2624,64,32,1,1,1,124,1,1,16,140,16
2625,64,32,1,1,1,124,1,1,16,140,16
2626,64,32,1,1,1,124,1,1,16,140,16
2627,64,32,1,1,1,124,1,1,16,140,16
2628,64,32,1,1,1,124,1,1,16,140,16
2629,64,32,1,1,1,124,1,1,16,140,16
2630,64,32,1,1,1,124,1,1,16,140,16
2631,64,32,1,1,1,124,1,1,16,140,16
2632,64,32,1,1,1,124,1,1,16,140,16
2633,64,32,1,1,1,124,1,1,16,140,16
2634,64,32,1,1,1,124,1,1,16,140,16
2635,64,32,1,1,1,124,1,1,16,140,16
2636,64,32,1,1,1,124,1,1,16,140,16
2637,64,32,1,1,1,124,1,1,16,140,16
2638,64,32,1,1,1,124,1,1,16,140,16
2639,64,32,1,1,1,124,1,1,16,140,16
2640,64,32,1,1,1,124,1,1,16,140,16
2641,64,32,1,1,1,124,1,1,16,140,16
2642,64,32,1,1,1,124,1,1,16,140,16
2643,64,32,1,1,1,124,1,1,16,140,16
2644,64,32,1,1,1,124,1,1,16,140,16
2645,64,32,1,1,1,124,1,1,16,140,16
2646,64,32,1,1,1,124,1,1,16,140,16
2647,64,32,1,1,1,124,1,1,16,140,16
2648,64,32,1,1,1,124,1,1,16,140,16
2649,64,32,1,1,1,124,1,1,16,140,16
2650,64,32,1,1,1,124,1,1,16,140,16
2651,64,32,1,1,1,124,1,1,16,140,16
2652,64,32,1,1,1,124,1,1,16,140,16
2653,64,32,1,1,1,124,1,1,16,140,16
2654,64,32,1,1,1,124,1,1,16,140,16
2655,64,32,1,1,1,124,1,1,16,140,16
2656,64,32,1,1,1,124,1,1,16,140,16
2657,64,32,1,1,1,124,1,1,16,140,16
2658,64,32,1,1,1,124,1,1,16,140,16
2659,64,32,1,1,1,124,1,1,16,140,16
2660,64,32,1,1,1,124,1,1,16,140,16
2661,64,32,1,1,1,124,1,1,16,140,16
2662,64,32,1,1,1,124,1,1,16,140,16
2663,64,32,1,1,1,124,1,1,16,140,16
2664,64,32,1,1,1,124,1,1,16,140,16
2665,64,32,1,1,1,124,1,1,16,140,16
2666,64,32,1,1,1,124,1,1,16,140,16
2667,64,32,1,1,1,124,1,1,16,140,16
2668,64,32,1,1,1,124,1,1,16,140,16
2669,64,32,1,1,1,124,1,1,16,140,16
2670,64,32,1,1,1,124,1,1,16,140,16
2671,64,32,1,1,1,124,1,1,16,140,16
2672,64,32,1,1,1,124,1,1,16,140,16
2673,64,32,1,1,1,124,1,1,16,140,16
2674,64,32,1,1,1,124,1,1,16,140,16
2675,64,32,1,1,1,124,1,1,16,140,16
2676,64,32,1,1,1,124,1,1,16,140,16
2677,64,32,1,1,1,124,1,1,16,140,16
2678,64,32,1,1,1,124,1,1,16,140,16
2679,64,32,1,1,1,124,1,1,16,140,16
2680,64,32,1,1,1,124,1,1,16,140,16
2681,64,32,1,1,1,124,1,1,16,140,16
2682,64,32,1,1,1,124,1,1,16,140,16
2683,64,32,1,1,1,124,1,1,16,140,16
2684,64,32,1,1,1,124,1,1,16,140,16
2685,64,32,1,1,1,124,1,1,16,140,16
2686,64,32,1,1,1,124,1,1,16,140,16
2687,64,32,1,1,1,124,1,1,16,140,16
2688,64,32,1,1,1,124,1,1,16,140,16
2689,64,32,1,1,1,124,1,1,16,140,16
2690,64,32,1,1,1,124,1,1,16,140,16
2691,64,32,1,1,1,124,1,1,16,140,16
2692,64,32,1,1,1,124,1,1,16,140,16
2693,64,32,1,1,1,124,1,1,16,140,16
2694,64,32,1,1,1,124,1,1,16,140,16
2695,64,32,1,1,1,124,1,1,16,140,16
2696,64,32,1,1,1,124,1,1,16,140,16
2697,64,32,1,1,1,124,1,1,16,140,16
2698,64,32,1,1,1,124,1,1,16,140,16
2699,64,32,1,1,1,124,1,1,16,140,16
2700,64,32,1,1,1,124,1,1,16,140,16
2701,64,32,1,1,1,124,1,1,16,140,16
2702,64,32,1,1,1,124,1,1,16,140,16
2703,64,32,1,1,1,124,1,1,16,140,16
2704,64,32,1,1,1,124,1,1,16,140,16
2705,64,32,1,1,1,124,1,1,16,140,16
2706,64,32,1,1,1,124,1,1,16,140,16
2707,64,32,1,1,1,124,1,1,16,140,16
2708,64,32,1,1,1,124,1,1,16,140,16
2709,64,32,1,1,1,124,1,1,16,140,16
2710,64,32,1,1,1,124,1,1,16,140,16
2711,64,32,1,1,1,124,1,1,16,140,16
2712,64,32,1,1,1,124,1,1,16,140,16
2713,64,32,1,1,1,124,1,1,16,140,16
2714,64,32,1,1,1,124,1,1,16,140,16
2715,64,32,1,1,1,124,1,1,16,140,16
2716,64,32,1,1,1,124,1,1,16,140,16
2717,64,32,1,1,1,124,1,1,16,140,16
2718,64,32,1,1,1,124,1,1,16,140,16
2719,64,32,1,1,1,124,1,1,16,140,16
2720,64,32,1,1,1,124,1,1,16,140,16
2721,64,32,1,1,1,124,1,1,16,140,16
2722,64,32,1,1,1,124,1,1,16,140,16
2723,64,32,1,1,1,124,1,1,16,140,16
2724,64,32,1,1,1,124,1,1,16,140,16
2725,64,32,1,1,1,124,1,1,16,140,16
2726,64,32,1,1,1,124,1,1,16,140,16
2727,64,32,1,1,1,124,1,1,16,140,16
2728,64,32,1,1,1,124,1,1,16,140,16
2729,64,32,1,1,1,124,1,1,16,140,16
2730,64,32,1,1,1,124,1,1,16,140,16
2731,64,32,1,1,1,124,1,1,16,140,16
2732,64,32,1,1,1,124,1,1,16,140,16
2733,64,32,1,1,1,124,1,1,16,140,16
2734,64,32,1,1,1,124,1,1,16,140,16
2735,64,32,1,1,1,124,1,1,16,140,16
2736,64,32,1,1,1,124,1,1,16,140,16
2737,64,32,1,1,1,124,1,1,16,140,16
2738,64,32,1,1,1,124,1,1,16,140,16
2739,64,32,1,1,1,124,1,1,16,140,16
2740,64,32,1,1,1,124,1,1,16,140,16
2741,64,32,1,1,1,124,1,1,16,140,16
2742,64,32,1,1,1,124,1,1,16,140,16
2743,64,32,1,1,1,124,1,1,16,140,16
2744,64,32,1,1,1,124,1,1,16,140,16
2745,64,32,1,1,1,124,1,1,16,140,16
2746,64,32,1,1,1,124,1,1,16,140,16
2747,64,32,1,1,1,124,1,1,16,140,16
2748,64,32,1,1,1,124,1,1,16,140,16
2749,64,32,1,1,1,124,1,1,16,140,16
2750,64,32,1,1,1,124,1,1,16,140,16
2751,64,32,1,1,1,124,1,1,16,140,16
2752,64,32,1,1,1,124,1,1,16,140,16
2753,64,32,1,1,1,124,1,1,16,140,16
2754,64,32,1,1,1,124,1,1,16,140,16
2755,64,32,1,1,1,124,1,1,16,140,16
2756,64,32,1,1,1,124,1,1,16,140,16
2757,64,32,1,1,1,124,1,1,16,140,16
2758,64,32,1,1,1,124,1,1,16,140,16
2759,64,32,1,1,1,124,1,1,16,140,16
2760,64,32,1,1,1,124,1,1,16,140,16
2761,64,32,1,1,1,124,1,1,16,140,16
2762,64,32,1,1,1,124,1,1,16,140,16
2763,64,32,1,1,1,124,1,1,16,140,16
2764,64,32,1,1,1,124,1,1,16,140,16
2765,64,32,1,1,1,124,1,1,16,140,16
2766,64,32,1,1,1,124,1,1,16,140,16
2767,64,32,1,1,1,124,1,1,16,140,16
2768,64,32,1,1,1,124,1,1,16,140,16
2769,64,32,1,1,1,124,1,1,16,140,16
2770,64,32,1,1,1,124,1,1,16,140,16
2771,64,32,1,1,1,124,1,1,16,140,16
2772,64,32,1,1,1,124,1,1,16,140,16
2773,64,32,1,1,1,124,1,1,16,140,16
2774,64,32,1,1,1,124,1,1,16,140,16
2775,64,32,1,1,1,124,1,1,16,140,16
2776,64,32,1,1,1,124,1,1,16,140,16
2777,64,32,1,1,1,124,1,1,16,140,16
2778,64,32,1,1,1,124,1,1,16,140,16
2779,64,32,1,1,1,124,1,1,16,140,16
2780,64,32,1,1,1,124,1,1,16,140,16
2781,64,32,1,1,1,124,1,1,16,140,16
2782,64,32,1,1,1,124,1,1,16,140,16
2783,64,32,1,1,1,124,1,1,16,140,16
2784,64,32,1,1,1,124,1,1,16,140,16
2785,64,32,1,1,1,124,1,1,16,140,16
2786,64,32,1,1,1,124,1,1,16,140,16
2787,64,32,1,1,1,124,1,1,16,140,16
2788,64,32,1,1,1,124,1,1,16,140,16
2789,64,32,1,1,1,124,1,1,16,140,16
2790,64,32,1,1,1,124,1,1,16,140,16
2791,64,32,1,1,1,124,1,1,16,140,16
2792,64,32,1,1,1,124,1,1,16,140,16
2793,64,32,1,1,1,124,1,1,16,140,16
2794,64,32,1,1,1,124,1,1,16,140,16
2795,64,32,1,1,1,124,1,1,16,140,16
2796,64,32,1,1,1,124,1,1,16,140,16
2797,64,32,1,1,1,124,1,1,16,140,16
2798,64,32,1,1,1,124,1,1,16,140,16
2799,64,32,1,1,1,124,1,1,16,140,16
2800,64,32,1,1,1,124,1,1,16,140,16
2801,64,32,1,1,1,124,1,1,16,140,16
2802,64,32,1,1,1,124,1,1,16,140,16
2803,64,32,1,1,1,124,1,1,16,140,16
2804,64,32,1,1,1,124,1,1,16,140,16
2805,64,32,1,1,1,124,1,1,16,140,16
2806,64,32,1,1,1,124,1,1,16,140,16
2807,64,32,1,1,1,124,1,1,16,140,16
2808,64,32,1,1,1,124,1,1,16,140,16
2809,64,32,1,1,1,124,1,1,16,140,16
2810,64,32,1,1,1,124,1,1,16,140,16
2811,64,32,1,1,1,124,1,1,16,140,16
2812,64,32,1,1,1,124,1,1,16,140,16
2813,64,32,1,1,1,124,1,1,16,140,16
2814,64,32,1,1,1,124,1,1,16,140,16
2815,64,32,1,1,1,124,1,1,16,140,16
2816,64,32,1,1,1,124,1,1,16,140,16
2817,64,32,1,1,1,124,1,1,16,140,16
2818,64,32,1,1,1,124,1,1,16,140,16
2819,64,32,1,1,1,124,1,1,16,140,16
2820,64,32,1,1,1,124,1,1,16,140,16
2821,64,32,1,1,1,124,1,1,16,140,16
2822,64,32,1,1,1,124,1,1,16,140,16
2823,64,32,1,1,1,124,1,1,16,140,16
2824,64,32,1,1,1,124,1,1,16,140,16
2825,64,32,1,1,1,124,1,1,16,140,16
2826,64,32,1,1,1,124,1,1,16,140,16
2827,64,32,1,1,1,124,1,1,16,140,16
2828,64,32,1,1,1,124,1,1,16,140,16
2829,64,32,1,1,1,124,1,1,16,140,16
2830,64,32,1,1,1,124,1,1,16,140,16
2831,64,32,1,1,1,124,1,1,16,140,16
2832,64,32,1,1,1,124,1,1,16,140,16
2833,64,32,1,1,1,124,1,1,16,140,16
2834,64,32,1,1,1,124,1,1,16,140,16
2835,64,32,1,1,1,124,1,1,16,140,16
2836,64,32,1,1,1,124,1,1,16,140,16
2837,64,32,1,1,1,124,1,1,16,140,16
2838,64,32,1,1,1,124,1,1,16,140,16
2839,64,32,1,1,1,124,1,1,16,140,16
2840,64,32,1,1,1,124,1,1,16,140,16
2841,64,32,1,1,1,124,1,1,16,140,16
2842,64,32,1,1,1,124,1,1,16,140,16
2843,64,32,1,1,1,124,1,1,16,140,16
2844,64,32,1,1,1,124,1,1,16,140,16
2845,64,32,1,1,1,124,1,1,16,140,16
2846,64,32,1,1,1,124,1,1,16,140,16
2847,64,32,1,1,1,124,1,1,16,140,16
2848,64,32,1,1,1,124,1,1,16,140,16
2849,64,32,1,1,1,124,1,1,16,140,16
2850,64,32,1,1,1,124,1,1,16,140,16
2851,64,32,1,1,1,124,1,1,16,140,16
2852,64,32,1,1,1,124,1,1,16,140,16
2853,64,32,1,1,1,124,1,1,16,140,16
2854,64,32,1,1,1,124,1,1,16,140,16
2855,64,32,1,1,1,124,1,1,16,140,16
2856,64,32,1,1,1,124,1,1,16,140,16
2857,64,32,1,1,1,124,1,1,16,140,16
2858,64,32,1,1,1,124,1,1,16,140,16
2859,64,32,1,1,1,124,1,1,16,140,16
2860,64,32,1,1,1,124,1,1,16,140,16
2861,64,32,1,1,1,124,1,1,16,140,16
2862,64,32,1,1,1,124,1,1,16,140,16
2863,64,32,1,1,1,124,1,1,16,140,16
2864,64,32,1,1,1,124,1,1,16,140,16
2865,64,32,1,1,1,124,1,1,16,140,16
2866,64,32,1,1,1,124,1,1,16,140,16
2867,64,32,1,1,1,124,1,1,16,140,16
2868,64,32,1,1,1,124,1,1,16,140,16
2869,64,32,1,1,1,124,1,1,16,140,16
2870,64,32,1,1,1,124,1,1,16,140,16
2871,64,32,1,1,1,124,1,1,16,140,16
2872,64,32,1,1,1,124,1,1,16,140,16
2873,64,32,1,1,1,124,1,1,16,140,16
2874,64,32,1,1,1,124,1,1,16,140,16
2875,64,32,1,1,1,124,1,1,16,140,16
2876,64,32,1,1,1,124,1,1,16,140,16
2877,64,32,1,1,1,124,1,1,16,140,16
2878,64,32,1,1,1,124,1,1,16,140,16
2879,64,32,1,1,1,124,1,1,16,140,16
2880,64,32,1,1,1,124,1,1,16,140,16
2881,64,32,1,1,1,124,1,1,16,140,16
2882,64,32,1,1,1,124,1,1,16,140,16
2883,64,32,1,1,1,124,1,1,16,140,16
2884,64,32,1,1,1,124,1,1,16,140,16
2885,64,32,1,1,1,124,1,1,16,140,16
2886,64,32,1,1,1,124,1,1,16,140,16
2887,64,32,1,1,1,124,1,1,16,140,16
2888,64,32,1,1,1,124,1,1,16,140,16
2889,64,32,1,1,1,124,1,1,16,140,16
2890,64,32,1,1,1,124,1,1,16,140,16
2891,64,32,1,1,1,124,1,1,16,140,16
2892,64,32,1,1,1,124,1,1,16,140,16
2893,64,32,1,1,1,124,1,1,16,140,16
2894,64,32,1,1,1,124,1,1,16,140,16
2895,64,32,1,1,1,124,1,1,16,140,16
2896,64,32,1,1,1,124,1,1,16,140,16
2897,64,32,1,1,1,124,1,1,16,140,16
2898,64,32,1,1,1,124,1,1,16,140,16
2899,64,32,1,1,1,124,1,1,16,140,16
2900,64,32,1,1,1,124,1,1,16,140,16
2901,64,32,1,1,1,124,1,1,16,140,16
2902,64,32,1,1,1,124,1,1,16,140,16
2903,64,32,1,1,1,124,1,1,16,140,16
2904,64,32,1,1,1,124,1,1,16,140,16
2905,64,32,1,1,1,124,1,1,16,140,16
2906,64,32,1,1,1,124,1,1,16,140,16
2907,64,32,1,1,1,124,1,1,16,140,16
2908,64,32,1,1,1,124,1,1,16,140,16
2909,64,32,1,1,1,124,1,1,16,140,16
2910,64,32,1,1,1,124,1,1,16,140,16
2911,64,32,1,1,1,124,1,1,16,140,16
2912,64,32,1,1,1,124,1,1,16,140,16
2913,64,32,1,1,1,124,1,1,16,140,16
2914,64,32,1,1,1,124,1,1,16,140,16
2915,64,32,1,1,1,124,1,1,16,140,16
2916,64,32,1,1,1,124,1,1,16,140,16
2917,64,32,1,1,1,124,1,1,16,140,16
2918,64,32,1,1,1,124,1,1,16,140,16
2919,64,32,1,1,1,124,1,1,16,140,16
2920,64,32,1,1,1,124,1,1,16,140,16
2921,64,32,1,1,1,124,1,1,16,140,16
2922,64,32,1,1,1,124,1,1,16,140,16
2923,64,32,1,1,1,124,1,1,16,140,16
2924,64,32,1,1,1,124,1,1,16,140,16
2925,64,32,1,1,1,124,1,1,16,140,16
2926,64,32,1,1,1,124,1,1,16,140,16
2927,64,32,1,1,1,124,1,1,16,140,16
2928,64,32,1,1,1,124,1,1,16,140,16
2929,64,32,1,1,1,124,1,1,16,140,16
2930,64,32,1,1,1,124,1,1,16,140,16
2931,64,32,1,1,1,124,1,1,16,140,16
2932,64,32,1,1,1,124,1,1,16,140,16
2933,64,32,1,1,1,124,1,1,16,140,16
2934,64,32,1,1,1,124,1,1,16,140,16
2935,64,32,1,1,1,124,1,1,16,140,16
2936,64,32,1,1,1,124,1,1,16,140,16
2937,64,32,1,1,1,124,1,1,16,140,16
2938,64,32,1,1,1,124,1,1,16,140,16
2939,64,32,1,1,1,124,1,1,16,140,16
2940,64,32,1,1,1,124,1,1,16,140,16
2941,64,32,1,1,1,124,1,1,16,140,16
2942,64,32,1,1,1,124,1,1,16,140,16
2943,64,32,1,1,1,124,1,1,16,140,16
2944,64,32,1,1,1,124,1,1,16,140,16
2945,64,32,1,1,1,124,1,1,16,140,16
2946,64,32,1,1,1,124,1,1,16,140,16
2947,64,32,1,1,1,124,1,1,16,140,16
2948,64,32,1,1,1,124,1,1,16,140,16
2949,64,32,1,1,1,124,1,1,16,140,16
2950,64,32,1,1,1,124,1,1,16,140,16
2951,64,32,1,1,1,124,1,1,16,140,16
2952,64,32,1,1,1,124,1,1,16,140,16
2953,64,32,1,1,1,124,1,1,16,140,16
2954,64,32,1,1,1,124,1,1,16,140,16
2955,64,32,1,1,1,124,1,1,16,140,16
2956,64,32,1,1,1,124,1,1,16,140,16
2957,64,32,1,1,1,124,1,1,16,140,16
2958,64,32,1,1,1,124,1,1,16,140,16
2959,64,32,1,1,1,124,1,1,16,140,16
2960,64,32,1,1,1,124,1,1,16,140,16
2961,64,32,1,1,1,124,1,1,16,140,16
2962,64,32,1,1,1,124,1,1,16,140,16
2963,64,32,1,1,1,124,1,1,16,140,16
2964,64,32,1,1,1,124,1,1,16,140,16
2965,64,32,1,1,1,124,1,1,16,140,16
2966,64,32,1,1,1,124,1,1,16,140,16
2967,64,32,1,1,1,124,1,1,16,140,16
2968,64,32,1,1,1,124,1,1,16,140,16
2969,64,32,1,1,1,124,1,1,16,140,16
2970,64,32,1,1,1,124,1,1,16,140,16
2971,64,32,1,1,1,124,1,1,16,140,16
2972,64,32,1,1,1,124,1,1,16,140,16
2973,64,32,1,1,1,124,1,1,16,140,16
2974,64,32,1,1,1,124,1,1,16,140,16
2975,64,32,1,1,1,124,1,1,16,140,16
2976,64,32,1,1,1,124,1,1,16,140,16
2977,64,32,1,1,1,124,1,1,16,140,16
2978,64,32,1,1,1,124,1,1,16,140,16
2979,64,32,1,1,1,124,1,1,16,140,16
2980,64,32,1,1,1,124,1,1,16,140,16
2981,64,32,1,1,1,124,1,1,16,140,16
2982,64,32,1,1,1,124,1,1,16,140,16
2983,64,32,1,1,1,124,1,1,16,140,16
2984,64,32,1,1,1,124,1,1,16,140,16
2985,64,32,1,1,1,124,1,1,16,140,16
2986,64,32,1,1,1,124,1,1,16,140,16
2987,64,32,1,1,1,124,1,1,16,140,16
2988,64,32,1,1,1,124,1,1,16,140,16
2989,64,32,1,1,1,124,1,1,16,140,16
2990,64,32,1,1,1,124,1,1,16,140,16
2991,64,32,1,1,1,124,1,1,16,140,16
2992,64,32,1,1,1,124,1,1,16,140,16
2993,64,32,1,1,1,124,1,1,16,140,16
2994,64,32,1,1,1,124,1,1,16,140,16
2995,64,32,1,1,1,124,1,1,16,140,16
2996,64,32,1,1,1,124,1,1,16,140,16
2997,64,32,1,1,1,124,1,1,16,140,16
2998,64,32,1,1,1,124,1,1,16,140,16
2999,64,32,1,1,1,124,1,1,16,140,16
3000,64,32,1,1,1,124,1,1,16,140,16
3001,64,32,1,1,1,124,1,1,16,140,16
3002,64,32,1,1,1,124,1,1,16,140,16
3003,64,32,1,1,1,124,1,1,16,140,16
3004,64,32,1,1,1,124,1,1,16,140,16
3005,64,32,1,1,1,124,1,1,16,140,16
3006,64,32,1,1,1,124,1,1,16,140,16
3007,64,32,1,1,1,124,1,1,16,140,16
3008,64,32,1,1,1,124,1,1,16,140,16
3009,64,32,1,1,1,124,1,1,16,140,16
3010,64,32,1,1,1,124,1,1,16,140,16
3011,64,32,1,1,1,124,1,1,16,140,16
3012,64,32,1,1,1,124,1,1,16,140,16
3013,64,32,1,1,1,124,1,1,16,140,16
3014,64,32,1,1,1,124,1,1,16,140,16
3015,64,32,1,1,1,124,1,1,16,140,16
3016,64,32,1,1,1,124,1,1,16,140,16
3017,64,32,1,1,1,124,1,1,16,140,16
3018,64,32,1,1,1,124,1,1,16,140,16
3019,64,32,1,1,1,124,1,1,16,140,16
3020,64,32,1,1,1,124,1,1,16,140,16
3021,64,32,1,1,1,124,1,1,16,140,16
3022,64,32,1,1,1,124,1,1,16,140,16
3023,64,32,1,1,1,124,1,1,16,140,16
3024,64,32,1,1,1,124,1,1,16,140,16
3025,64,32,1,1,1,124,1,1,16,140,16
3026,64,32,1,1,1,124,1,1,16,140,16
3027,64,32,1,1,1,124,1,1,16,140,16
3028,64,32,1,1,1,124,1,1,16,140,16
3029,64,32,1,1,1,124,1,1,16,140,16
3030,64,32,1,1,1,124,1,1,16,140,16
3031,64,32,1,1,1,124,1,1,16,140,16
3032,64,32,1,1,1,124,1,1,16,140,16
3033,64,32,1,1,1,124,1,1,16,140,16
3034,64,32,1,1,1,124,1,1,16,140,16
3035,64,32,1,1,1,124,1,1,16,140,16
3036,64,32,1,1,1,124,1,1,16,140,16
3037,64,32,1,1,1,124,1,1,16,140,16
3038,64,32,1,1,1,124,1,1,16,140,16
3039,64,32,1,1,1,124,1,1,16,140,16
3040,64,32,1,1,1,124,1,1,16,140,16
3041,64,32,1,1,1,124,1,1,16,140,16
3042,64,32,1,1,1,124,1,1,16,140,16
3043,64,32,1,1,1,124,1,1,16,140,16
3044,64,32,1,1,1,124,1,1,16,140,16
3045,64,32,1,1,1,124,1,1,16,140,16
3046,64,32,1,1,1,124,1,1,16,140,16
3047,64,32,1,1,1,124,1,1,16,140,16
3048,64,32,1,1,1,124,1,1,16,140,16
3049,64,32,1,1,1,124,1,1,16,140,16
3050,64,32,1,1,1,124,1,1,16,140,16
3051,64,32,1,1,1,124,1,1,16,140,16
3052,64,32,1,1,1,124,1,1,16,140,16
3053,64,32,1,1,1,124,1,1,16,140,16
3054,64,32,1,1,1,124,1,1,16,140,16
3055,64,32,1,1,1,124,1,1,16,140,16
3056,64,32,1,1,1,124,1,1,16,140,16
3057,64,32,1,1,1,124,1,1,16,140,16
3058,64,32,1,1,1,124,1,1,16,140,16
3059,64,32,1,1,1,124,1,1,16,140,16
3060,64,32,1,1,1,124,1,1,16,140,16
3061,64,32,1,1,1,124,1,1,16,140,16
3062,64,32,1,1,1,124,1,1,16,140,16
3063,64,32,1,1,1,124,1,1,16,140,16
3064,64,32,1,1,1,124,1,1,16,140,16
3065,64,32,1,1,1,124,1,1,16,140,16
3066,64,32,1,1,1,124,1,1,16,140,16
3067,64,32,1,1,1,124,1,1,16,140,16
3068,64,32,1,1,1,124,1,1,16,140,16
3069,64,32,1,1,1,124,1,1,16,140,16
3070,64,32,1,1,1,124,1,1,16,140,16
3071,64,32,1,1,1,124,1,1,16,140,16
3072,64,32,1,1,1,124,1,1,16,140,16
3073,64,32,1,1,1,124,1,1,16,140,16
3074,64,32,1,1,1,124,1,1,16,140,16
3075,64,32,1,1,1,124,1,1,16,140,16
3076,64,32,1,1,1,124,1,1,16,140,16
3077,64,32,1,1,1,124,1,1,16,140,16
3078,64,32,1,1,1,124,1,1,16,140,16
3079,64,32,1,1,1,124,1,1,16,140,16
3080,64,32,1,1,1,124,1,1,16,140,16
3081,64,32,1,1,1,124,1,1,16,140,16
3082,64,32,1,1,1,124,1,1,16,140,16
3083,64,32,1,1,1,124,1,1,16,140,16
3084,64,32,1,1,1,124,1,1,16,140,16
3085,64,32,1,1,1,124,1,1,16,140,16
3086,64,32,1,1,1,124,1,1,16,140,16
3087,64,32,1,1,1,124,1,1,16,140,16
3088,64,32,1,1,1,124,1,1,16,140,16
3089,64,32,1,1,1,124,1,1,16,140,16
3090,64,32,1,1,1,124,1,1,16,140,16
3091,64,32,1,1,1,124,1,1,16,140,16
3092,64,32,1,1,1,124,1,1,16,140,16
3093,64,32,1,1,1,124,1,1,16,140,16
3094,64,32,1,1,1,124,1,1,16,140,16
3095,64,32,1,1,1,124,1,1,16,140,16
3096,64,32,1,1,1,124,1,1,16,140,16
3097,64,32,1,1,1,124,1,1,16,140,16
3098,64,32,1,1,1,124,1,1,16,140,16
3099,64,32,1,1,1,124,1,1,16,140,16
3100,64,32,1,1,1,124,1,1,16,140,16
3101,64,32,1,1,1,124,1,1,16,140,16
3102,64,32,1,1,1,124,1,1,16,140,16
3103,64,32,1,1,1,124,1,1,16,140,16
3104,64,32,1,1,1,124,1,1,16,140,16
3105,64,32,1,1,1,124,1,1,16,140,16
3106,64,32,1,1,1,124,1,1,16,140,16
3107,64,32,1,1,1,124,1,1,16,140,16
3108,64,32,1,1,1,124,1,1,16,140,16
3109,64,32,1,1,1,124,1,1,16,140,16
3110,64,32,1,1,1,124,1,1,16,140,16
3111,64,32,1,1,1,124,1,1,16,140,16
3112,64,32,1,1,1,124,1,1,16,140,16
3113,64,32,1,1,1,124,1,1,16,140,16
3114,64,32,1,1,1,124,1,1,16,140,16
3115,64,32,1,1,1,124,1,1,16,140,16
3116,64,32,1,1,1,124,1,1,16,140,16
3117,64,32,1,1,1,124,1,1,16,140,16
3118,64,32,1,1,1,124,1,1,16,140,16
3119,64,32,1,1,1,124,1,1,16,140,16
3120,64,32,1,1,1,124,1,1,16,140,16
3121,64,32,1,1,1,124,1,1,16,140,16
3122,64,32,1,1,1,124,1,1,16,140,16
3123,64,32,1,1,1,124,1,1,16,140,16
3124,64,32,1,1,1,124,1,1,16,140,16
3125,64,32,1,1,1,124,1,1,16,140,16
3126,64,32,1,1,1,124,1,1,16,140,16
3127,64,32,1,1,1,124,1,1,16,140,16
3128,64,32,1,1,1,124,1,1,16,140,16
3129,64,32,1,1,1,124,1,1,16,140,16
3130,64,32,1,1,1,124,1,1,16,140,16
3131,64,32,1,1,1,124,1,1,16,140,16
3132,64,32,1,1,1,124,1,1,16,140,16
3133,64,32,1,1,1,124,1,1,16,140,16
3134,64,32,1,1,1,124,1,1,16,140,16
3135,64,32,1,1,1,124,1,1,16,140,16
3136,64,32,1,1,1,124,1,1,16,140,16
3137,64,32,1,1,1,124,1,1,16,140,16
3138,64,32,1,1,1,124,1,1,16,140,16
3139,64,32,1,1,1,124,1,1,16,140,16
3140,64,32,1,1,1,124,1,1,16,140,16
3141,64,32,1,1,1,124,1,1,16,140,16
3142,64,32,1,1,1,124,1,1,16,140,16
3143,64,32,1,1,1,124,1,1,16,140,16
3144,64,32,1,1,1,124,1,1,16,140,16
3145,64,32,1,1,1,124,1,1,16,140,16
3146,64,32,1,1,1,124,1,1,16,140,16
3147,64,32,1,1,1,124,1,1,16,140,16
3148,64,32,1,1,1,124,1,1,16,140,16
3149,64,32,1,1,1,124,1,1,16,140,16
3150,64,32,1,1,1,124,1,1,16,140,16
3151,64,32,1,1,1,124,1,1,16,140,16
3152,64,32,1,1,1,124,1,1,16,140,16
3153,64,32,1,1,1,124,1,1,16,140,16
3154,64,32,1,1,1,124,1,1,16,140,16
3155,64,32,1,1,1,124,1,1,16,140,16
3156,64,32,1,1,1,124,1,1,16,140,16
3157,64,32,1,1,1,124,1,1,16,140,16
3158,64,32,1,1,1,124,1,1,16,140,16
3159,64,32,1,1,1,124,1,1,16,140,16
3160,64,32,1,1,1,124,1,1,16,140,16
3161,64,32,1,1,1,124,1,1,16,140,16
3162,64,32,1,1,1,124,1,1,16,140,16
3163,64,32,1,1,1,124,1,1,16,140,16
3164,64,32,1,1,1,124,1,1,16,140,16
3165,64,32,1,1,1,124,1,1,16,140,16
3166,64,32,1,1,1,124,1,1,16,140,16
3167,64,32,1,1,1,124,1,1,16,140,16
3168,64,32,1,1,1,124,1,1,16,140,16
3169,64,32,1,1,1,124,1,1,16,140,16
3170,64,32,1,1,1,124,1,1,16,140,16
3171,64,32,1,1,1,124,1,1,16,140,16
3172,64,32,1,1,1,124,1,1,16,140,16
3173,64,32,1,1,1,124,1,1,16,140,16
3174,64,32,1,1,1,124,1,1,16,140,16
3175,64,32,1,1,1,124,1,1,16,140,16
3176,64,32,1,1,1,124,1,1,16,140,16
3177,64,32,1,1,1,124,1,1,16,140,16
3178,64,32,1,1,1,124,1,1,16,140,16
3179,64,32,1,1,1,124,1,1,16,140,16
3180,64,32,1,1,1,124,1,1,16,140,16
3181,64,32,1,1,1,124,1,1,16,140,16
3182,64,32,1,1,1,124,1,1,16,140,16
3183,64,32,1,1,1,124,1,1,16,140,16
3184,64,32,1,1,1,124,1,1,16,140,16
3185,64,32,1,1,1,124,1,1,16,140,16
3186,64,32,1,1,1,124,1,1,16,140,16
3187,64,32,1,1,1,124,1,1,16,140,16
3188,64,32,1,1,1,124,1,1,16,140,16
3189,64,32,1,1,1,124,1,1,16,140,16
3190,64,32,1,1,1,124,1,1,16,140,16
3191,64,32,1,1,1,124,1,1,16,140,16
3192,64,32,1,1,1,124,1,1,16,140,16
3193,64,32,1,1,1,124,1,1,16,140,16
3194,64,32,1,1,1,124,1,1,16,140,16
3195,64,32,1,1,1,124,1,1,16,140,16
3196,64,32,1,1,1,124,1,1,16,140,16
3197,64,32,1,1,1,124,1,1,16,140,16
3198,64,32,1,1,1,124,1,1,16,140,16
3199,64,32,1,1,1,124,1,1,16,140,16
3200,64,32,1,1,1,124,1,1,16,140,16
3201,64,32,1,1,1,124,1,1,16,140,16
3202,64,32,1,1,1,124,1,1,16,140,16
3203,64,32,1,1,1,124,1,1,16,140,16
3204,64,32,1,1,1,124,1,1,16,140,16
3205,64,32,1,1,1,124,1,1,16,140,16
3206,64,32,1,1,1,124,1,1,16,140,16
3207,64,32,1,1,1,124,1,1,16,140,16
3208,64,32,1,1,1,124,1,1,16,140,16
3209,64,32,1,1,1,124,1,1,16,140,16
3210,64,32,1,1,1,124,1,1,16,140,16
3211,64,32,1,1,1,124,1,1,16,140,16
3212,64,32,1,1,1,124,1,1,16,140,16
3213,64,32,1,1,1,124,1,1,16,140,16
3214,64,32,1,1,1,124,1,1,16,140,16
3215,64,32,1,1,1,124,1,1,16,140,16
3216,64,32,1,1,1,124,1,1,16,140,16
3217,64,32,1,1,1,124,1,1,16,140,16
3218,64,32,1,1,1,124,1,1,16,140,16
3219,64,32,1,1,1,124,1,1,16,140,16
3220,64,32,1,1,1,124,1,1,16,140,16
3221,64,32,1,1,1,124,1,1,16,140,16
3222,64,32,1,1,1,124,1,1,16,140,16
3223,64,32,1,1,1,124,1,1,16,140,16
3224,64,32,1,1,1,124,1,1,16,140,16
3225,64,32,1,1,1,124,1,1,16,140,16
3226,64,32,1,1,1,124,1,1,16,140,16
3227,64,32,1,1,1,124,1,1,16,140,16
3228,64,32,1,1,1,124,1,1,16,140,16
3229,64,32,1,1,1,124,1,1,16,140,16
3230,64,32,1,1,1,124,1,1,16,140,16
3231,64,32,1,1,1,124,1,1,16,140,16
3232,64,32,1,1,1,124,1,1,16,140,16
3233,64,32,1,1,1,124,1,1,16,140,16
3234,64,32,1,1,1,124,1,1,16,140,16
3235,64,32,1,1,1,124,1,1,16,140,16
3236,64,32,1,1,1,124,1,1,16,140,16
3237,64,32,1,1,1,124,1,1,16,140,16
3238,64,32,1,1,1,124,1,1,16,140,16
3239,64,32,1,1,1,124,1,1,16,140,16
3240,64,32,1,1,1,124,1,1,16,140,16
3241,64,32,1,1,1,124,1,1,16,140,16
3242,64,32,1,1,1,124,1,1,16,140,16
3243,64,32,1,1,1,124,1,1,16,140,16
3244,64,32,1,1,1,124,1,1,16,140,16
3245,64,32,1,1,1,124,1,1,16,140,16
3246,64,32,1,1,1,124,1,1,16,140,16
3247,64,32,1,1,1,124,1,1,16,140,16
3248,64,32,1,1,1,124,1,1,16,140,16
3249,64,32,1,1,1,124,1,1,16,140,16
3250,64,32,1,1,1,124,1,1,16,140,16
3251,64,32,1,1,1,124,1,1,16,140,16
3252,64,32,1,1,1,124,1,1,16,140,16
3253,64,32,1,1,1,124,1,1,16,140,16
3254,64,32,1,1,1,124,1,1,16,140,16
3255,64,32,1,1,1,124,1,1,16,140,16
3256,64,32,1,1,1,124,1,1,16,140,16
3257,64,32,1,1,1,124,1,1,16,140,16
3258,64,32,1,1,1,124,1,1,16,140,16
3259,64,32,1,1,1,124,1,1,16,140,16
3260,64,32,1,1,1,124,1,1,16,140,16
3261,64,32,1,1,1,124,1,1,16,140,16
3262,64,32,1,1,1,124,1,1,16,140,16
3263,64,32,1,1,1,124,1,1,16,140,16
3264,64,32,1,1,1,124,1,1,16,140,16
3265,64,32,1,1,1,124,1,1,16,140,16
3266,64,32,1,1,1,124,1,1,16,140,16
3267,64,32,1,1,1,124,1,1,16,140,16
3268,64,32,1,1,1,124,1,1,16,140,16
3269,64,32,1,1,1,124,1,1,16,140,16
3270,64,32,1,1,1,124,1,1,16,140,16
3271,64,32,1,1,1,124,1,1,16,140,16
3272,64,32,1,1,1,124,1,1,16,140,16
3273,64,32,1,1,1,124,1,1,16,140,16
3274,64,32,1,1,1,124,1,1,16,140,16
3275,64,32,1,1,1,124,1,1,16,140,16
3276,64,32,1,1,1,124,1,1,16,140,16
3277,64,32,1,1,1,124,1,1,16,140,16
3278,64,32,1,1,1,124,1,1,16,140,16
3279,64,32,1,1,1,124,1,1,16,140,16
3280,64,32,1,1,1,124,1,1,16,140,16
3281,64,32,1,1,1,124,1,1,16,140,16
3282,64,32,1,1,1,124,1,1,16,140,16
3283,64,32,1,1,1,124,1,1,16,140,16
3284,64,32,1,1,1,124,1,1,16,140,16
3285,64,32,1,1,1,124,1,1,16,140,16
3286,64,32,1,1,1,124,1,1,16,140,16
3287,64,32,1,1,1,124,1,1,16,140,16
3288,64,32,1,1,1,124,1,1,16,140,16
3289,64,32,1,1,1,124,1,1,16,140,16
3290,64,32,1,1,1,124,1,1,16,140,16
3291,64,32,1,1,1,124,1,1,16,140,16
3292,64,32,1,1,1,124,1,1,16,140,16
3293,64,32,1,1,1,124,1,1,16,140,16
3294,64,32,1,1,1,124,1,1,16,140,16
3295,64,32,1,1,1,124,1,1,16,140,16
3296,64,32,1,1,1,124,1,1,16,140,16
3297,64,32,1,1,1,124,1,1,16,140,16
3298,64,32,1,1,1,124,1,1,16,140,16
3299,64,32,1,1,1,124,1,1,16,140,16
3300,64,32,1,1,1,124,1,1,16,140,16
3301,64,32,1,1,1,124,1,1,16,140,16
3302,64,32,1,1,1,124,1,1,16,140,16
3303,64,32,1,1,1,124,1,1,16,140,16
3304,64,32,1,1,1,124,1,1,16,140,16
3305,64,32,1,1,1,124,1,1,16,140,16
3306,64,32,1,1,1,124,1,1,16,140,16
3307,64,32,1,1,1,124,1,1,16,140,16
3308,64,32,1,1,1,124,1,1,16,140,16
3309,64,32,1,1,1,124,1,1,16,140,16
3310,64,32,1,1,1,124,1,1,16,140,16
3311,64,32,1,1,1,124,1,1,16,140,16
3312,64,32,1,1,1,124,1,1,16,140,16
3313,64,32,1,1,1,124,1,1,16,140,16
3314,64,32,1,1,1,124,1,1,16,140,16
3315,64,32,1,1,1,124,1,1,16,140,16
3316,64,32,1,1,1,124,1,1,16,140,16
3317,64,32,1,1,1,124,1,1,16,140,16
3318,64,32,1,1,1,124,1,1,16,140,16
3319,64,32,1,1,1,124,1,1,16,140,16
3320,64,32,1,1,1,124,1,1,16,140,16
3321,64,32,1,1,1,124,1,1,16,140,16
3322,64,32,1,1,1,124,1,1,16,140,16
3323,64,32,1,1,1,124,1,1,16,140,16
3324,64,32,1,1,1,124,1,1,16,140,16
3325,64,32,1,1,1,124,1,1,16,140,16
3326,64,32,1,1,1,124,1,1,16,140,16
3327,64,32,1,1,1,124,1,1,16,140,16
3328,64,32,1,1,1,124,1,1,16,140,16
3329,64,32,1,1,1,124,1,1,16,140,16
3330,64,32,1,1,1,124,1,1,16,140,16
3331,64,32,1,1,1,124,1,1,16,140,16
3332,64,32,1,1,1,124,1,1,16,140,16
3333,64,32,1,1,1,124,1,1,16,140,16
3334,64,32,1,1,1,124,1,1,16,140,16
3335,64,32,1,1,1,124,1,1,16,140,16
3336,64,32,1,1,1,124,1,1,16,140,16
3337,64,32,1,1,1,124,1,1,16,140,16
3338,64,32,1,1,1,124,1,1,16,140,16
3339,64,32,1,1,1,124,1,1,16,140,16
3340,64,32,1,1,1,124,1,1,16,140,16
3341,64,32,1,1,1,124,1,1,16,140,16
3342,64,32,1,1,1,124,1,1,16,140,16
3343,64,32,1,1,1,124,1,1,16,140,16
3344,64,32,1,1,1,124,1,1,16,140,16
3345,64,32,1,1,1,124,1,1,16,140,16
3346,64,32,1,1,1,124,1,1,16,140,16
3347,64,32,1,1,1,124,1,1,16,140,16
3348,64,32,1,1,1,124,1,1,16,140,16
3349,64,32,1,1,1,124,1,1,16,140,16
3350,64,32,1,1,1,124,1,1,16,140,16
3351,64,32,1,1,1,124,1,1,16,140,16
3352,64,32,1,1,1,124,1,1,16,140,16
3353,64,32,1,1,1,124,1,1,16,140,16
3354,64,32,1,1,1,124,1,1,16,140,16
3355,64,32,1,1,1,124,1,1,16,140,16
3356,64,32,1,1,1,124,1,1,16,140,16
3357,64,32,1,1,1,124,1,1,16,140,16
3358,64,32,1,1,1,124,1,1,16,140,16
3359,64,32,1,1,1,124,1,1,16,140,16
3360,64,32,1,1,1,124,1,1,16,140,16
3361,64,32,1,1,1,124,1,1,16,140,16
3362,64,32,1,1,1,124,1,1,16,140,16
3363,64,32,1,1,1,124,1,1,16,140,16
3364,64,32,1,1,1,124,1,1,16,140,16
3365,64,32,1,1,1,124,1,1,16,140,16
3366,64,32,1,1,1,124,1,1,16,140,16
3367,64,32,1,1,1,124,1,1,16,140,16
3368,64,32,1,1,1,124,1,1,16,140,16
3369,64,32,1,1,1,124,1,1,16,140,16
3370,64,32,1,1,1,124,1,1,16,140,16
3371,64,32,1,1,1,124,1,1,16,140,16
3372,64,32,1,1,1,124,1,1,16,140,16
3373,64,32,1,1,1,124,1,1,16,140,16
3374,64,32,1,1,1,124,1,1,16,140,16
3375,64,32,1,1,1,124,1,1,16,140,16
3376,64,32,1,1,1,124,1,1,16,140,16
3377,64,32,1,1,1,124,1,1,16,140,16
3378,64,32,1,1,1,124,1,1,16,140,16
3379,64,32,1,1,1,124,1,1,16,140,16
3380,64,32,1,1,1,124,1,1,16,140,16
3381,64,32,1,1,1,124,1,1,16,140,16
3382,64,32,1,1,1,124,1,1,16,140,16
3383,64,32,1,1,1,124,1,1,16,140,16
3384,64,32,1,1,1,124,1,1,16,140,16
3385,64,32,1,1,1,124,1,1,16,140,16
3386,64,32,1,1,1,124,1,1,16,140,16
3387,64,32,1,1,1,124,1,1,16,140,16
3388,64,32,1,1,1,124,1,1,16,140,16
3389,64,32,1,1,1,124,1,1,16,140,16
3390,64,32,1,1,1,124,1,1,16,140,16
3391,64,32,1,1,1,124,1,1,16,140,16
3392,64,32,1,1,1,124,1,1,16,140,16
3393,64,32,1,1,1,124,1,1,16,140,16
3394,64,32,1,1,1,124,1,1,16,140,16
3395,64,32,1,1,1,124,1,1,16,140,16
3396,64,32,1,1,1,124,1,1,16,140,16
3397,64,32,1,1,1,124,1,1,16,140,16
3398,64,32,1,1,1,124,1,1,16,140,16
3399,64,32,1,1,1,124,1,1,16,140,16
3400,64,32,1,1,1,124,1,1,16,140,16
3401,64,32,1,1,1,124,1,1,16,140,16
3402,64,32,1,1,1,124,1,1,16,140,16
3403,64,32,1,1,1,124,1,1,16,140,16
3404,64,32,1,1,1,124,1,1,16,140,16
3405,64,32,1,1,1,124,1,1,16,140,16
3406,64,32,1,1,1,124,1,1,16,140,16
3407,64,32,1,1,1,124,1,1,16,140,16
3408,64,32,1,1,1,124,1,1,16,140,16
3409,64,32,1,1,1,124,1,1,16,140,16
3410,64,32,1,1,1,124,1,1,16,140,16
3411,64,32,1,1,1,124,1,1,16,140,16
3412,64,32,1,1,1,124,1,1,16,140,16
3413,64,32,1,1,1,124,1,1,16,140,16
3414,64,32,1,1,1,124,1,1,16,140,16
3415,64,32,1,1,1,124,1,1,16,140,16
3416,64,32,1,1,1,124,1,1,16,140,16
3417,64,32,1,1,1,124,1,1,16,140,16
3418,64,32,1,1,1,124,1,1,16,140,16
3419,64,32,1,1,1,124,1,1,16,140,16
3420,64,32,1,1,1,124,1,1,16,140,16
3421,64,32,1,1,1,124,1,1,16,140,16
3422,64,32,1,1,1,124,1,1,16,140,16
3423,64,32,1,1,1,124,1,1,16,140,16
3424,64,32,1,1,1,124,1,1,16,140,16
3425,64,32,1,1,1,124,1,1,16,140,16
3426,64,32,1,1,1,124,1,1,16,140,16
3427,64,32,1,1,1,124,1,1,16,140,16
3428,64,32,1,1,1,124,1,1,16,140,16
3429,64,32,1,1,1,124,1,1,16,140,16
3430,64,32,1,1,1,124,1,1,16,140,16
3431,64,32,1,1,1,124,1,1,16,140,16
3432,64,32,1,1,1,124,1,1,16,140,16
3433,64,32,1,1,1,124,1,1,16,140,16
3434,64,32,1,1,1,124,1,1,16,140,16
3435,64,32,1,1,1,124,1,1,16,140,16
3436,64,32,1,1,1,124,1,1,16,140,16
3437,64,32,1,1,1,124,1,1,16,140,16
3438,64,32,1,1,1,124,1,1,16,140,16
3439,64,32,1,1,1,124,1,1,16,140,16
3440,64,32,1,1,1,124,1,1,16,140,16
3441,64,32,1,1,1,124,1,1,16,140,16
3442,64,32,1,1,1,124,1,1,16,140,16
3443,64,32,1,1,1,124,1,1,16,140,16
3444,64,32,1,1,1,124,1,1,16,140,16
3445,64,32,1,1,1,124,1,1,16,140,16
3446,64,32,1,1,1,124,1,1,16,140,16
3447,64,32,1,1,1,124,1,1,16,140,16
3448,64,32,1,1,1,124,1,1,16,140,16
3449,64,32,1,1,1,124,1,1,16,140,16
3450,64,32,1,1,1,124,1,1,16,140,16
3451,64,32,1,1,1,124,1,1,16,140,16
3452,64,32,1,1,1,124,1,1,16,140,16
3453,64,32,1,1,1,124,1,1,16,140,16
3454,64,32,1,1,1,124,1,1,16,140,16
3455,64,32,1,1,1,124,1,1,16,140,16
3456,64,32,1,1,1,124,1,1,16,140,16
3457,64,32,1,1,1,124,1,1,16,140,16
3458,64,32,1,1,1,124,1,1,16,140,16
3459,64,32,1,1,1,124,1,1,16,140,16
3460,64,32,1,1,1,124,1,1,16,140,16
3461,64,32,1,1,1,124,1,1,16,140,16
3462,64,32,1,1,1,124,1,1,16,140,16
3463,64,32,1,1,1,124,1,1,16,140,16
3464,64,32,1,1,1,124,1,1,16,140,16
3465,64,32,1,1,1,124,1,1,16,140,16
3466,64,32,1,1,1,124,1,1,16,140,16
3467,64,32,1,1,1,124,1,1,16,140,16
3468,64,32,1,1,1,124,1,1,16,140,16
3469,64,32,1,1,1,124,1,1,16,140,16
3470,64,32,1,1,1,124,1,1,16,140,16
3471,64,32,1,1,1,124,1,1,16,140,16
3472,64,32,1,1,1,124,1,1,16,140,16
3473,64,32,1,1,1,124,1,1,16,140,16
3474,64,32,1,1,1,124,1,1,16,140,16
3475,64,32,1,1,1,124,1,1,16,140,16
3476,64,32,1,1,1,124,1,1,16,140,16
3477,64,32,1,1,1,124,1,1,16,140,16
3478,64,32,1,1,1,124,1,1,16,140,16
3479,64,32,1,1,1,124,1,1,16,140,16
3480,64,32,1,1,1,124,1,1,16,140,16
3481,64,32,1,1,1,124,1,1,16,140,16
3482,64,32,1,1,1,124,1,1,16,140,16
3483,64,32,1,1,1,124,1,1,16,140,16
3484,64,32,1,1,1,124,1,1,16,140,16
3485,64,32,1,1,1,124,1,1,16,140,16
3486,64,32,1,1,1,124,1,1,16,140,16
3487,64,32,1,1,1,124,1,1,16,140,16
3488,64,32,1,1,1,124,1,1,16,140,16
3489,64,32,1,1,1,124,1,1,16,140,16
3490,64,32,1,1,1,124,1,1,16,140,16
3491,64,32,1,1,1,124,1,1,16,140,16
3492,64,32,1,1,1,124,1,1,16,140,16
3493,64,32,1,1,1,124,1,1,16,140,16
3494,64,32,1,1,1,124,1,1,16,140,16
3495,64,32,1,1,1,124,1,1,16,140,16
3496,64,32,1,1,1,124,1,1,16,140,16
3497,64,32,1,1,1,124,1,1,16,140,16
3498,64,32,1,1,1,124,1,1,16,140,16
3499,64,32,1,1,1,124,1,1,16,140,16
3500,64,32,1,1,1,124,1,1,16,140,16
3501,64,32,1,1,1,124,1,1,16,140,16
3502,64,32,1,1,1,124,1,1,16,140,16
3503,64,32,1,1,1,124,1,1,16,140,16
3504,64,32,1,1,1,124,1,1,16,140,16
3505,64,32,1,1,1,124,1,1,16,140,16
3506,64,32,1,1,1,124,1,1,16,140,16
3507,64,32,1,1,1,124,1,1,16,140,16
3508,64,32,1,1,1,124,1,1,16,140,16
3509,64,32,1,1,1,124,1,1,16,140,16
3510,64,32,1,1,1,124,1,1,16,140,16
3511,64,32,1,1,1,124,1,1,16,140,16
3512,64,32,1,1,1,124,1,1,16,140,16
3513,64,32,1,1,1,124,1,1,16,140,16
3514,64,32,1,1,1,124,1,1,16,140,16
3515,64,32,1,1,1,124,1,1,16,140,16
3516,64,32,1,1,1,124,1,1,16,140,16
3517,64,32,1,1,1,124,1,1,16,140,16
3518,64,32,1,1,1,124,1,1,16,140,16
3519,64,32,1,1,1,124,1,1,16,140,16
3520,64,32,1,1,1,124,1,1,16,140,16
3521,64,32,1,1,1,124,1,1,16,140,16
3522,64,32,1,1,1,124,1,1,16,140,16
3523,64,32,1,1,1,124,1,1,16,140,16
3524,64,32,1,1,1,124,1,1,16,140,16
3525,64,32,1,1,1,124,1,1,16,140,16
3526,64,32,1,1,1,124,1,1,16,140,16
3527,64,32,1,1,1,124,1,1,16,140,16
3528,64,32,1,1,1,124,1,1,16,140,16
3529,64,32,1,1,1,124,1,1,16,140,16
3530,64,32,1,1,1,124,1,1,16,140,16
3531,64,32,1,1,1,124,1,1,16,140,16
3532,64,32,1,1,1,124,1,1,16,140,16
3533,64,32,1,1,1,124,1,1,16,140,16
3534,64,32,1,1,1,124,1,1,16,140,16
3535,64,32,1,1,1,124,1,1,16,140,16
3536,64,32,1,1,1,124,1,1,16,140,16
3537,64,32,1,1,1,124,1,1,16,140,16
3538,64,32,1,1,1,124,1,1,16,140,16
3539,64,32,1,1,1,124,1,1,16,140,16
3540,64,32,1,1,1,124,1,1,16,140,16
3541,64,32,1,1,1,124,1,1,16,140,16
3542,64,32,1,1,1,124,1,1,16,140,16
3543,64,32,1,1,1,124,1,1,16,140,16
3544,64,32,1,1,1,124,1,1,16,140,16
3545,64,32,1,1,1,124,1,1,16,140,16
3546,64,32,1,1,1,124,1,1,16,140,16
3547,64,32,1,1,1,124,1,1,16,140,16
3548,64,32,1,1,1,124,1,1,16,140,16
3549,64,32,1,1,1,124,1,1,16,140,16
3550,64,32,1,1,1,124,1,1,16,140,16
3551,64,32,1,1,1,124,1,1,16,140,16
3552,64,32,1,1,1,124,1,1,16,140,16
3553,64,32,1,1,1,124,1,1,16,140,16
3554,64,32,1,1,1,124,1,1,16,140,16
3555,64,32,1,1,1,124,1,1,16,140,16
3556,1,32,1,1,1,76,1,1,1,77,1
3557,1,32,1,1,1,76,1,1,1,77,1
3558,1,32,1,1,1,76,1,1,1,84,1
3559,1,32,1,1,1,76,1,1,1,176,1
3560,2,32,1,1,1,76,1,1,1,77,1
3561,2,32,1,1,1,76,1,1,1,77,1
3562,2,32,1,1,1,76,1,1,1,84,1
3563,2,32,1,1,1,76,1,1,1,176,1
3564,3,32,1,1,1,76,1,1,1,77,1
3565,3,32,1,1,1,76,1,1,1,77,1
3566,3,32,1,1,1,76,1,1,1,84,1
3567,3,32,1,1,1,76,1,1,1,176,1
3568,4,32,1,1,1,77,1,1,1,78,1
3569,4,32,1,1,1,77,1,1,1,78,1
3570,4,32,1,1,1,77,1,1,1,85,1
3571,4,32,1,1,1,77,1,1,1,177,1
3572,5,32,1,1,1,77,1,1,2,79,2
3573,5,32,1,1,1,77,1,1,2,79,2
3574,5,32,1,1,1,77,1,1,2,86,2
3575,5,32,1,1,1,77,1,1,2,178,2
3576,6,32,1,1,1,77,1,1,2,79,2
3577,6,32,1,1,1,77,1,1,2,79,2
3578,6,32,1,1,1,77,1,1,2,86,2
3579,6,32,1,1,1,77,1,1,2,178,2
3580,7,32,1,1,1,77,1,1,2,79,2
3581,7,32,1,1,1,77,1,1,2,79,2
3582,7,32,1,1,1,77,1,1,2,86,2
3583,7,32,1,1,1,77,1,1,2,178,2
3584,8,32,1,1,1,78,1,1,2,80,2
3585,8,32,1,1,1,78,1,1,2,80,2
3586,8,32,1,1,1,78,1,1,2,87,2
3587,8,32,1,1,1,78,1,1,2,179,2
3588,9,32,1,1,1,78,1,1,3,81,3
3589,9,32,1,1,1,78,1,1,3,81,3
3590,9,32,1,1,1,78,1,1,3,88,3
3591,9,32,1,1,1,78,1,1,3,180,3
3592,10,32,1,1,1,78,1,1,3,81,3
3593,10,32,1,1,1,78,1,1,3,81,3
3594,10,32,1,1,1,78,1,1,3,88,3
3595,10,32,1,1,1,78,1,1,3,180,3
3596,11,32,1,1,1,78,1,1,3,81,3
3597,11,32,1,1,1,78,1,1,3,81,3
3598,11,32,1,1,1,78,1,1,3,88,3
3599,11,32,1,1,1,78,1,1,3,180,3
3600,12,32,1,1,1,79,1,1,3,82,3
3601,12,32,1,1,1,79,1,1,3,82,3
3602,12,32,1,1,1,79,1,1,3,89,3
3603,12,32,1,1,1,79,1,1,3,181,3
3604,13,32,1,1,1,79,1,1,4,83,4
3605,13,32,1,1,1,79,1,1,4,83,4
3606,13,32,1,1,1,79,1,1,4,90,4
3607,13,32,1,1,1,79,1,1,4,182,4
3608,14,32,1,1,1,79,1,1,4,83,4
3609,14,32,1,1,1,79,1,1,4,83,4
3610,14,32,1,1,1,79,1,1,4,90,4
3611,14,32,1,1,1,79,1,1,4,182,4
3612,15,32,1,1,1,79,1,1,4,83,4
3613,15,32,1,1,1,79,1,1,4,83,4
3614,15,32,1,1,1,79,1,1,4,90,4
3615,15,32,1,1,1,79,1,1,4,182,4
3616,16,32,1,1,1,88,1,1,4,92,4
3617,16,32,1,1,1,88,1,1,4,92,4
3618,16,32,1,1,1,88,1,1,4,99,4
3619,16,32,1,1,1,88,1,1,4,191,4
3620,17,32,1,1,1,88,1,1,5,93,5
3621,17,32,1,1,1,88,1,1,5,93,5
3622,17,32,1,1,1,88,1,1,5,100,5
3623,17,32,1,1,1,88,1,1,5,192,5
3624,18,32,1,1,1,88,1,1,5,93,5
3625,18,32,1,1,1,88,1,1,5,93,5
3626,18,32,1,1,1,88,1,1,5,100,5
3627,18,32,1,1,1,88,1,1,5,192,5
3628,19,32,1,1,1,88,1,1,5,93,5
3629,19,32,1,1,1,88,1,1,5,93,5
3630,19,32,1,1,1,88,1,1,5,100,5
3631,19,32,1,1,1,88,1,1,5,192,5
3632,20,32,1,1,1,89,1,1,5,94,5
3633,20,32,1,1,1,89,1,1,5,94,5
3634,20,32,1,1,1,89,1,1,5,101,5
3635,20,32,1,1,1,89,1,1,5,193,5
3636,21,32,1,1,1,89,1,1,6,95,6
3637,21,32,1,1,1,89,1,1,6,95,6
3638,21,32,1,1,1,89,1,1,6,102,6
3639,21,32,1,1,1,89,1,1,6,194,6
3640,22,32,1,1,1,89,1,1,6,95,6
3641,22,32,1,1,1,89,1,1,6,95,6
3642,22,32,1,1,1,89,1,1,6,102,6
3643,22,32,1,1,1,89,1,1,6,194,6
3644,23,32,1,1,1,89,1,1,6,95,6
3645,23,32,1,1,1,89,1,1,6,95,6
3646,23,32,1,1,1,89,1,1,6,102,6
3647,23,32,1,1,1,89,1,1,6,194,6
3648,24,32,1,1,1,90,1,1,6,96,6
3649,24,32,1,1,1,90,1,1,6,96,6
3650,24,32,1,1,1,90,1,1,6,103,6
3651,24,32,1,1,1,90,1,1,6,195,6
3652,25,32,1,1,1,90,1,1,7,97,7
3653,25,32,1,1,1,90,1,1,7,97,7
3654,25,32,1,1,1,90,1,1,7,104,7
3655,25,32,1,1,1,90,1,1,7,196,7
3656,26,32,1,1,1,90,1,1,7,97,7
3657,26,32,1,1,1,90,1,1,7,97,7
3658,26,32,1,1,1,90,1,1,7,104,7
3659,26,32,1,1,1,90,1,1,7,196,7
3660,27,32,1,1,1,90,1,1,7,97,7
3661,27,32,1,1,1,90,1,1,7,97,7
3662,27,32,1,1,1,90,1,1,7,104,7
3663,27,32,1,1,1,90,1,1,7,196,7
3664,28,32,1,1,1,91,1,1,7,98,7
3665,28,32,1,1,1,91,1,1,7,98,7
3666,28,32,1,1,1,91,1,1,7,105,7
3667,28,32,1,1,1,91,1,1,7,197,7
3668,29,32,1,1,1,91,1,1,8,99,8
3669,29,32,1,1,1,91,1,1,8,99,8
3670,29,32,1,1,1,91,1,1,8,106,8
3671,29,32,1,1,1,91,1,1,8,198,8
3672,30,32,1,1,1,91,1,1,8,99,8
3673,30,32,1,1,1,91,1,1,8,99,8
3674,30,32,1,1,1,91,1,1,8,106,8
3675,30,32,1,1,1,91,1,1,8,198,8
3676,31,32,1,1,1,91,1,1,8,99,8
3677,31,32,1,1,1,91,1,1,8,99,8
3678,31,32,1,1,1,91,1,1,8,106,8
3679,31,32,1,1,1,91,1,1,8,198,8
3680,32,32,1,1,1,100,1,1,8,108,8
3681,32,32,1,1,1,100,1,1,8,108,8
3682,32,32,1,1,1,100,1,1,8,115,8
3683,32,32,1,1,1,100,1,1,8,207,8
3684,33,32,1,1,1,100,1,1,9,109,9
3685,33,32,1,1,1,100,1,1,9,109,9
3686,33,32,1,1,1,100,1,1,9,116,9
3687,33,32,1,1,1,100,1,1,9,208,9
3688,34,32,1,1,1,100,1,1,9,109,9
3689,34,32,1,1,1,100,1,1,9,109,9
3690,34,32,1,1,1,100,1,1,9,116,9
3691,34,32,1,1,1,100,1,1,9,208,9
3692,35,32,1,1,1,100,1,1,9,109,9
3693,35,32,1,1,1,100,1,1,9,109,9
3694,35,32,1,1,1,100,1,1,9,116,9
3695,35,32,1,1,1,100,1,1,9,208,9
3696,36,32,1,1,1,101,1,1,9,110,9
3697,36,32,1,1,1,101,1,1,9,110,9
3698,36,32,1,1,1,101,1,1,9,117,9
3699,36,32,1,1,1,101,1,1,9,209,9
3700,37,32,1,1,1,101,1,1,10,111,10
3701,37,32,1,1,1,101,1,1,10,111,10
3702,37,32,1,1,1,101,1,1,10,118,10
3703,37,32,1,1,1,101,1,1,10,210,10
3704,38,32,1,1,1,101,1,1,10,111,10
3705,38,32,1,1,1,101,1,1,10,111,10
3706,38,32,1,1,1,101,1,1,10,118,10
3707,38,32,1,1,1,101,1,1,10,210,10
3708,39,32,1,1,1,101,1,1,10,111,10
3709,39,32,1,1,1,101,1,1,10,111,10
3710,39,32,1,1,1,101,1,1,10,118,10
3711,39,32,1,1,1,101,1,1,10,210,10
3712,40,32,1,1,1,102,1,1,10,112,10
3713,40,32,1,1,1,102,1,1,10,112,10
3714,40,32,1,1,1,102,1,1,10,119,10
3715,40,32,1,1,1,102,1,1,10,211,10
3716,41,32,1,1,1,102,1,1,11,113,11
3717,41,32,1,1,1,102,1,1,11,113,11
3718,41,32,1,1,1,102,1,1,11,120,11
3719,41,32,1,1,1,102,1,1,11,212,11
3720,42,32,1,1,1,102,1,1,11,113,11
3721,42,32,1,1,1,102,1,1,11,113,11
3722,42,32,1,1,1,102,1,1,11,120,11
3723,42,32,1,1,1,102,1,1,11,212,11
3724,43,32,1,1,1,102,1,1,11,113,11
3725,43,32,1,1,1,102,1,1,11,113,11
3726,43,32,1,1,1,102,1,1,11,120,11
3727,43,32,1,1,1,102,1,1,11,212,11
3728,44,32,1,1,1,103,1,1,11,114,11
3729,44,32,1,1,1,103,1,1,11,114,11
3730,44,32,1,1,1,103,1,1,11,121,11
3731,44,32,1,1,1,103,1,1,11,213,11
3732,45,32,1,1,1,103,1,1,12,115,12
3733,45,32,1,1,1,103,1,1,12,115,12
3734,45,32,1,1,1,103,1,1,12,122,12
3735,45,32,1,1,1,103,1,1,12,214,12
3736,46,32,1,1,1,103,1,1,12,115,12
3737,46,32,1,1,1,103,1,1,12,115,12
3738,46,32,1,1,1,103,1,1,12,122,12
3739,46,32,1,1,1,103,1,1,12,214,12
3740,47,32,1,1,1,103,1,1,12,115,12
3741,47,32,1,1,1,103,1,1,12,115,12
3742,47,32,1,1,1,103,1,1,12,122,12
3743,47,32,1,1,1,103,1,1,12,214,12
3744,48,32,1,1,1,112,1,1,12,124,12
3745,48,32,1,1,1,112,1,1,12,124,12
3746,48,32,1,1,1,112,1,1,12,131,12
3747,48,32,1,1,1,112,1,1,12,223,12
3748,49,32,1,1,1,112,1,1,13,125,13
3749,49,32,1,1,1,112,1,1,13,125,13
3750,49,32,1,1,1,112,1,1,13,132,13
3751,49,32,1,1,1,112,1,1,13,224,13
3752,50,32,1,1,1,112,1,1,13,125,13
3753,50,32,1,1,1,112,1,1,13,125,13
3754,50,32,1,1,1,112,1,1,13,132,13
3755,50,32,1,1,1,112,1,1,13,224,13
3756,51,32,1,1,1,112,1,1,13,125,13
3757,51,32,1,1,1,112,1,1,13,125,13
3758,51,32,1,1,1,112,1,1,13,132,13
3759,51,32,1,1,1,112,1,1,13,224,13
3760,52,32,1,1,1,113,1,1,13,126,13
3761,52,32,1,1,1,113,1,1,13,126,13
3762,52,32,1,1,1,113,1,1,13,133,13
3763,52,32,1,1,1,113,1,1,13,225,13
3764,53,32,1,1,1,113,1,1,14,127,14
3765,53,32,1,1,1,113,1,1,14,127,14
3766,53,32,1,1,1,113,1,1,14,134,14
3767,53,32,1,1,1,113,1,1,14,226,14
3768,54,32,1,1,1,113,1,1,14,127,14
3769,54,32,1,1,1,113,1,1,14,127,14
3770,54,32,1,1,1,113,1,1,14,134,14
3771,54,32,1,1,1,113,1,1,14,226,14
3772,55,32,1,1,1,113,1,1,14,127,14
3773,55,32,1,1,1,113,1,1,14,127,14
3774,55,32,1,1,1,113,1,1,14,134,14
3775,55,32,1,1,1,113,1,1,14,226,14
3776,56,32,1,1,1,114,1,1,14,128,14
3777,56,32,1,1,1,114,1,1,14,128,14
3778,56,32,1,1,1,114,1,1,14,135,14
3779,56,32,1,1,1,114,1,1,14,227,14
3780,57,32,1,1,1,114,1,1,15,129,15
3781,57,32,1,1,1,114,1,1,15,129,15
3782,57,32,1,1,1,114,1,1,15,136,15
3783,57,32,1,1,1,114,1,1,15,228,15
3784,58,32,1,1,1,114,1,1,15,129,15
3785,58,32,1,1,1,114,1,1,15,129,15
3786,58,32,1,1,1,114,1,1,15,136,15
3787,58,32,1,1,1,114,1,1,15,228,15
3788,59,32,1,1,1,114,1,1,15,129,15
3789,59,32,1,1,1,114,1,1,15,129,15
3790,59,32,1,1,1,114,1,1,15,136,15
3791,59,32,1,1,1,114,1,1,15,228,15
3792,60,32,1,1,1,115,1,1,15,130,15
3793,60,32,1,1,1,115,1,1,15,130,15
3794,60,32,1,1,1,115,1,1,15,137,15
3795,60,32,1,1,1,115,1,1,15,229,15
3796,61,32,1,1,1,115,1,1,16,131,16
3797,61,32,1,1,1,115,1,1,16,131,16
3798,61,32,1,1,1,115,1,1,16,138,16
3799,61,32,1,1,1,115,1,1,16,230,16
3800,62,32,1,1,1,115,1,1,16,131,16
3801,62,32,1,1,1,115,1,1,16,131,16
3802,62,32,1,1,1,115,1,1,16,138,16
3803,62,32,1,1,1,115,1,1,16,230,16
3804,63,32,1,1,1,115,1,1,16,131,16
3805,63,32,1,1,1,115,1,1,16,131,16
3806,63,32,1,1,1,115,1,1,16,138,16
3807,63,32,1,1,1,115,1,1,16,230,16
3808,64,32,1,1,1,124,1,1,16,140,16
3809,64,32,1,1,1,124,1,1,16,140,16
3810,64,32,1,1,1,124,1,1,16,147,16
3811,64,32,1,1,1,124,1,1,16,239,16
3812,1,32,1,0,0,76,0,0,1,-1,0
3813,1,32,1,0,0,76,0,0,1,-1,0
3814,1,32,1,0,0,76,0,0,1,-1,0
3815,1,32,1,0,0,76,0,0,1,-1,0
3816,1,32,1,0,0,76,0,0,1,-1,0
3817,1,32,1,0,0,76,0,0,1,-1,0
3818,1,32,1,0,0,76,0,0,1,-1,0
3819,1,32,1,0,0,76,0,0,1,-1,0
3820,1,32,1,0,0,76,0,0,1,-1,0
3821,1,32,1,0,0,76,0,0,1,-1,0
3822,1,32,1,0,0,76,0,0,1,-1,0
3823,1,32,1,0,0,76,0,0,1,-1,0
3824,1,32,1,0,0,76,0,0,1,-1,0
3825,1,32,1,0,0,76,0,0,1,-1,0
3826,1,32,1,0,0,76,0,0,1,-1,0
3827,1,32,1,0,0,76,0,0,1,-1,0
3828,1,32,1,0,0,76,0,0,1,-1,0
3829,1,32,1,0,0,76,0,0,1,-1,0
3830,1,32,1,0,0,76,0,0,1,-1,0
3831,1,32,1,0,0,76,0,0,1,-1,0
3832,1,32,1,0,0,76,0,0,1,-1,0
3833,1,32,1,0,0,76,0,0,1,-1,0
3834,1,32,1,0,0,76,0,0,1,-1,0
3835,1,32,1,0,0,76,0,0,1,-1,0
3836,1,32,1,0,0,76,0,0,1,-1,0
3837,1,32,1,0,0,76,0,0,1,-1,0
3838,1,32,1,0,0,76,0,0,1,-1,0
3839,1,32,1,0,0,76,0,0,1,-1,0
3840,1,32,1,0,0,76,0,0,1,-1,0
3841,1,32,1,0,0,76,0,0,1,-1,0
3842,1,32,1,0,0,76,0,0,1,-1,0
3843,1,32,1,0,0,76,0,0,1,-1,0
3844,1,32,1,0,0,76,0,0,1,-1,0
3845,1,32,1,0,0,76,0,0,1,-1,0
3846,1,32,1,0,0,76,0,0,1,-1,0
3847,1,32,1,0,0,76,0,0,1,-1,0
3848,1,32,1,0,0,76,0,0,1,-1,0
3849,1,32,1,0,0,76,0,0,1,-1,0
3850,1,32,1,0,0,76,0,0,1,-1,0
3851,1,32,1,0,0,76,0,0,1,-1,0
3852,1,32,1,0,0,76,0,0,1,-1,0
3853,1,32,1,0,0,76,0,0,1,-1,0
3854,1,32,1,0,0,76,0,0,1,-1,0
3855,1,32,1,0,0,76,0,0,1,-1,0
3856,1,32,1,0,0,76,0,0,1,-1,0
3857,1,32,1,0,0,76,0,0,1,-1,0
3858,1,32,1,0,0,76,0,0,1,-1,0
3859,1,32,1,0,0,76,0,0,1,-1,0
3860,1,32,1,0,0,76,0,0,1,-1,0
3861,1,32,1,0,0,76,0,0,1,-1,0
3862,1,32,1,0,0,76,0,0,1,-1,0
3863,1,32,1,0,0,76,0,0,1,-1,0
3864,1,32,1,0,0,76,0,0,1,-1,0
3865,1,32,1,0,0,76,0,0,1,-1,0
3866,1,32,1,0,0,76,0,0,1,-1,0
3867,1,32,1,0,0,76,0,0,1,-1,0
3868,1,32,1,0,0,76,0,0,1,-1,0
3869,1,32,1,0,0,76,0,0,1,-1,0
3870,1,32,1,0,0,76,0,0,1,-1,0
3871,1,32,1,0,0,76,0,0,1,-1,0
3872,1,32,1,0,0,76,0,0,1,-1,0
3873,1,32,1,0,0,76,0,0,1,-1,0
3874,1,32,1,0,0,76,0,0,1,-1,0
3875,1,32,1,0,0,76,0,0,1,-1,0
3876,1,32,1,0,0,76,0,0,1,-1,0
3877,1,32,1,0,0,76,0,0,1,-1,0
3878,1,32,1,0,0,76,0,0,1,-1,0
3879,1,32,1,0,0,76,0,0,1,-1,0
3880,1,32,1,0,0,76,0,0,1,-1,0
3881,1,32,1,0,0,76,0,0,1,-1,0
3882,1,32,1,0,0,76,0,0,1,-1,0
3883,1,32,1,0,0,76,0,0,1,-1,0
3884,1,32,1,0,0,76,0,0,1,-1,0
3885,1,32,1,0,0,76,0,0,1,-1,0
3886,1,32,1,0,0,76,0,0,1,-1,0
3887,1,32,1,0,0,76,0,0,1,-1,0
3888,1,32,1,0,0,76,0,0,1,-1,0
3889,1,32,1,0,0,76,0,0,1,-1,0
3890,1,32,1,0,0,76,0,0,1,-1,0
3891,1,32,1,0,0,76,0,0,1,-1,0
3892,1,32,1,0,0,76,0,0,1,-1,0
3893,1,32,1,0,0,76,0,0,1,-1,0
3894,1,32,1,0,0,76,0,0,1,-1,0
3895,1,32,1,0,0,76,0,0,1,-1,0
3896,1,32,1,0,0,76,0,0,1,-1,0
3897,1,32,1,0,0,76,0,0,1,-1,0
3898,1,32,1,0,0,76,0,0,1,-1,0
3899,1,32,1,0,0,76,0,0,1,-1,0
3900,1,32,1,0,0,76,0,0,1,-1,0
3901,1,32,1,0,0,76,0,0,1,-1,0
3902,1,32,1,0,0,76,0,0,1,-1,0
3903,1,32,1,0,0,76,0,0,1,-1,0
3904,1,32,1,0,0,76,0,0,1,-1,0
3905,1,32,1,0,0,76,0,0,1,-1,0
3906,1,32,1,0,0,76,0,0,1,-1,0
3907,1,32,1,0,0,76,0,0,1,-1,0
3908,1,32,1,0,0,76,0,0,1,-1,0
3909,1,32,1,0,0,76,0,0,1,-1,0
3910,1,32,1,0,0,76,0,0,1,-1,0
3911,1,32,1,0,0,76,0,0,1,-1,0
3912,1,32,1,0,0,76,0,0,1,-1,0
3913,1,32,1,0,0,76,0,0,1,-1,0
3914,1,32,1,0,0,76,0,0,1,-1,0
3915,1,32,1,0,0,76,0,0,1,-1,0
3916,1,32,1,0,0,76,0,0,1,-1,0
3917,1,32,1,0,0,76,0,0,1,-1,0
3918,1,32,1,0,0,76,0,0,1,-1,0
3919,1,32,1,0,0,76,0,0,1,-1,0
3920,1,32,1,0,0,76,0,0,1,-1,0
3921,1,32,1,0,0,76,0,0,1,-1,0
3922,1,32,1,0,0,76,0,0,1,-1,0
3923,1,32,1,0,0,76,0,0,1,-1,0
3924,1,32,1,0,0,76,0,0,1,-1,0
3925,1,32,1,0,0,76,0,0,1,-1,0
3926,1,32,1,0,0,76,0,0,1,-1,0
3927,1,32,1,0,0,76,0,0,1,-1,0
3928,1,32,1,0,0,76,0,0,1,-1,0
3929,1,32,1,0,0,76,0,0,1,-1,0
3930,1,32,1,0,0,76,0,0,1,-1,0
3931,1,32,1,0,0,76,0,0,1,-1,0
3932,1,32,1,0,0,76,0,0,1,-1,0
3933,1,32,1,0,0,76,0,0,1,-1,0
3934,1,32,1,0,0,76,0,0,1,-1,0
3935,1,32,1,0,0,76,0,0,1,-1,0
3936,1,32,1,0,0,76,0,0,1,-1,0
3937,1,32,1,0,0,76,0,0,1,-1,0
3938,1,32,1,0,0,76,0,0,1,-1,0
3939,1,32,1,0,0,76,0,0,1,-1,0
3940,1,32,1,0,0,76,0,0,1,-1,0
3941,1,32,1,0,0,76,0,0,1,-1,0
3942,1,32,1,0,0,76,0,0,1,-1,0
3943,1,32,1,0,0,76,0,0,1,-1,0
3944,1,32,1,0,0,76,0,0,1,-1,0
3945,1,32,1,0,0,76,0,0,1,-1,0
3946,1,32,1,0,0,76,0,0,1,-1,0
3947,1,32,1,0,0,76,0,0,1,-1,0
3948,1,32,1,0,0,76,0,0,1,-1,0
3949,1,32,1,0,0,76,0,0,1,-1,0
3950,1,32,1,0,0,76,0,0,1,-1,0
3951,1,32,1,0,0,76,0,0,1,-1,0
3952,1,32,1,0,0,76,0,0,1,-1,0
3953,1,32,1,0,0,76,0,0,1,-1,0
3954,1,32,1,0,0,76,0,0,1,-1,0
3955,1,32,1,0,0,76,0,0,1,-1,0
3956,1,32,1,0,0,76,0,0,1,-1,0
3957,1,32,1,0,0,76,0,0,1,-1,0
3958,1,32,1,0,0,76,0,0,1,-1,0
3959,1,32,1,0,0,76,0,0,1,-1,0
3960,1,32,1,0,0,76,0,0,1,-1,0
3961,1,32,1,0,0,76,0,0,1,-1,0
3962,1,32,1,0,0,76,0,0,1,-1,0
3963,1,32,1,0,0,76,0,0,1,-1,0
3964,1,32,1,0,0,76,0,0,1,-1,0
3965,1,32,1,0,0,76,0,0,1,-1,0
3966,1,32,1,0,0,76,0,0,1,-1,0
3967,1,32,1,0,0,76,0,0,1,-1,0
3968,1,32,1,0,0,76,0,0,1,-1,0
3969,1,32,1,0,0,76,0,0,1,-1,0
3970,1,32,1,0,0,76,0,0,1,-1,0
3971,1,32,1,0,0,76,0,0,1,-1,0
3972,1,32,1,0,0,76,0,0,1,-1,0
3973,1,32,1,0,0,76,0,0,1,-1,0
3974,1,32,1,0,0,76,0,0,1,-1,0
3975,1,32,1,0,0,76,0,0,1,-1,0
3976,1,32,1,0,0,76,0,0,1,-1,0
3977,1,32,1,0,0,76,0,0,1,-1,0
3978,1,32,1,0,0,76,0,0,1,-1,0
3979,1,32,1,0,0,76,0,0,1,-1,0
3980,1,32,1,0,0,76,0,0,1,-1,0
3981,1,32,1,0,0,76,0,0,1,-1,0
3982,1,32,1,0,0,76,0,0,1,-1,0
3983,1,32,1,0,0,76,0,0,1,-1,0
3984,1,32,1,0,0,76,0,0,1,-1,0
3985,1,32,1,0,0,76,0,0,1,-1,0
3986,1,32,1,0,0,76,0,0,1,-1,0
3987,1,32,1,0,0,76,0,0,1,-1,0
3988,1,32,1,0,0,76,0,0,1,-1,0
3989,1,32,1,0,0,76,0,0,1,-1,0
3990,1,32,1,0,0,76,0,0,1,-1,0
3991,1,32,1,0,0,76,0,0,1,-1,0
3992,1,32,1,0,0,76,0,0,1,-1,0
3993,1,32,1,0,0,76,0,0,1,-1,0
3994,1,32,1,0,0,76,0,0,1,-1,0
3995,1,32,1,0,0,76,0,0,1,-1,0
3996,1,32,1,0,0,76,0,0,1,-1,0
3997,1,32,1,0,0,76,0,0,1,-1,0
3998,1,32,1,0,0,76,0,0,1,-1,0
3999,1,32,1,0,0,76,0,0,1,-1,0
4000,1,32,1,0,0,76,0,0,1,-1,0
4001,1,32,1,0,0,76,0,0,1,-1,0
4002,1,32,1,0,0,76,0,0,1,-1,0
4003,1,32,1,0,0,76,0,0,1,-1,0
4004,1,32,1,0,0,76,0,0,1,-1,0
4005,1,32,1,0,0,76,0,0,1,-1,0
4006,1,32,1,0,0,76,0,0,1,-1,0
4007,1,32,1,0,0,76,0,0,1,-1,0
4008,1,32,1,0,0,76,0,0,1,-1,0
4009,1,32,1,0,0,76,0,0,1,-1,0
4010,1,32,1,0,0,76,0,0,1,-1,0
4011,1,32,1,0,0,76,0,0,1,-1,0
4012,1,32,1,0,0,76,0,0,1,-1,0
4013,1,32,1,0,0,76,0,0,1,-1,0
4014,1,32,1,0,0,76,0,0,1,-1,0
4015,1,32,1,0,0,76,0,0,1,-1,0
4016,1,32,1,0,0,76,0,0,1,-1,0
4017,1,32,1,0,0,76,0,0,1,-1,0
4018,1,32,1,0,0,76,0,0,1,-1,0
4019,1,32,1,0,0,76,0,0,1,-1,0
4020,1,32,1,0,0,76,0,0,1,-1,0
4021,1,32,1,0,0,76,0,0,1,-1,0
4022,1,32,1,0,0,76,0,0,1,-1,0
4023,1,32,1,0,0,76,0,0,1,-1,0
4024,1,32,1,0,0,76,0,0,1,-1,0
4025,1,32,1,0,0,76,0,0,1,-1,0
4026,1,32,1,0,0,76,0,0,1,-1,0
4027,1,32,1,0,0,76,0,0,1,-1,0
4028,1,32,1,0,0,76,0,0,1,-1,0
4029,1,32,1,0,0,76,0,0,1,-1,0
4030,1,32,1,0,0,76,0,0,1,-1,0
4031,1,32,1,0,0,76,0,0,1,-1,0
4032,1,32,1,0,0,76,0,0,1,-1,0
4033,1,32,1,0,0,76,0,0,1,-1,0
4034,1,32,1,0,0,76,0,0,1,-1,0
4035,1,32,1,0,0,76,0,0,1,-1,0
4036,1,32,1,0,0,76,0,0,1,-1,0
4037,1,32,1,0,0,76,0,0,1,-1,0
4038,1,32,1,0,0,76,0,0,1,-1,0
4039,1,32,1,0,0,76,0,0,1,-1,0
4040,1,32,1,0,0,76,0,0,1,-1,0
4041,1,32,1,0,0,76,0,0,1,-1,0
4042,1,32,1,0,0,76,0,0,1,-1,0
4043,1,32,1,0,0,76,0,0,1,-1,0
4044,1,32,1,0,0,76,0,0,1,-1,0
4045,1,32,1,0,0,76,0,0,1,-1,0
4046,1,32,1,0,0,76,0,0,1,-1,0
4047,1,32,1,0,0,76,0,0,1,-1,0
4048,1,32,1,0,0,76,0,0,1,-1,0
4049,1,32,1,0,0,76,0,0,1,-1,0
4050,1,32,1,0,0,76,0,0,1,-1,0
4051,1,32,1,0,0,76,0,0,1,-1,0
4052,1,32,1,0,0,76,0,0,1,-1,0
4053,1,32,1,0,0,76,0,0,1,-1,0
4054,1,32,1,0,0,76,0,0,1,-1,0
4055,1,32,1,0,0,76,0,0,1,-1,0
4056,1,32,1,0,0,76,0,0,1,-1,0
4057,1,32,1,0,0,76,0,0,1,-1,0
4058,1,32,1,0,0,76,0,0,1,-1,0
4059,1,32,1,0,0,76,0,0,1,-1,0
4060,1,32,1,0,0,76,0,0,1,-1,0
4061,1,32,1,0,0,76,0,0,1,-1,0
4062,1,32,1,0,0,76,0,0,1,-1,0
4063,1,32,1,0,0,76,0,0,1,-1,0
4064,1,32,1,0,0,76,0,0,1,-1,0
4065,1,32,1,0,0,76,0,0,1,-1,0
4066,1,32,1,0,0,76,0,0,1,-1,0
4067,1,32,1,0,0,76,0,0,1,-1,0
4068,1,32,1,0,0,76,0,0,1,-1,0
4069,1,32,1,0,0,76,0,0,1,-1,0
4070,1,32,1,0,0,76,0,0,1,-1,0
4071,1,32,1,0,0,76,0,0,1,-1,0
4072,1,32,1,0,0,76,0,0,1,-1,0
4073,1,32,1,0,0,76,0,0,1,-1,0
4074,1,32,1,0,0,76,0,0,1,-1,0
4075,1,32,1,0,0,76,0,0,1,-1,0
4076,1,32,1,0,0,76,0,0,1,-1,0
4077,1,32,1,0,0,76,0,0,1,-1,0
4078,1,32,1,0,0,76,0,0,1,-1,0
4079,1,32,1,0,0,76,0,0,1,-1,0
4080,1,32,1,0,0,76,0,0,1,-1,0
4081,1,32,1,0,0,76,0,0,1,-1,0
4082,1,32,1,0,0,76,0,0,1,-1,0
4083,1,32,1,0,0,76,0,0,1,-1,0
4084,1,32,1,0,0,76,0,0,1,-1,0
4085,1,32,1,0,0,76,0,0,1,-1,0
4086,1,32,1,0,0,76,0,0,1,-1,0
4087,1,32,1,0,0,76,0,0,1,-1,0
4088,1,32,1,0,0,76,0,0,1,-1,0
4089,1,32,1,0,0,76,0,0,1,-1,0
4090,1,32,1,0,0,76,0,0,1,-1,0
4091,1,32,1,0,0,76,0,0,1,-1,0
4092,1,32,1,0,0,76,0,0,1,-1,0
4093,1,32,1,0,0,76,0,0,1,-1,0
4094,1,32,1,0,0,76,0,0,1,-1,0
4095,1,32,1,0,0,76,0,0,1,-1,0
4096,1,32,1,0,0,76,0,0,1,-1,0
4097,1,32,1,0,0,76,0,0,1,-1,0
4098,1,32,1,0,0,76,0,0,1,-1,0
4099,1,32,1,0,0,76,0,0,1,-1,0
4100,1,32,1,0,0,76,0,0,1,-1,0
4101,1,32,1,0,0,76,0,0,1,-1,0
4102,1,32,1,0,0,76,0,0,1,-1,0
4103,1,32,1,0,0,76,0,0,1,-1,0
4104,1,32,1,0,0,76,0,0,1,-1,0
4105,1,32,1,0,0,76,0,0,1,-1,0
4106,1,32,1,0,0,76,0,0,1,-1,0
4107,1,32,1,0,0,76,0,0,1,-1,0
4108,1,32,1,0,0,76,0,0,1,-1,0
4109,1,32,1,0,0,76,0,0,1,-1,0
4110,1,32,1,0,0,76,0,0,1,-1,0
4111,1,32,1,0,0,76,0,0,1,-1,0
4112,1,32,1,0,0,76,0,0,1,-1,0
4113,1,32,1,0,0,76,0,0,1,-1,0
4114,1,32,1,0,0,76,0,0,1,-1,0
4115,1,32,1,0,0,76,0,0,1,-1,0
4116,1,32,1,0,0,76,0,0,1,-1,0
4117,1,32,1,0,0,76,0,0,1,-1,0
4118,1,32,1,0,0,76,0,0,1,-1,0
4119,1,32,1,0,0,76,0,0,1,-1,0
4120,1,32,1,0,0,76,0,0,1,-1,0
4121,1,32,1,0,0,76,0,0,1,-1,0
4122,1,32,1,0,0,76,0,0,1,-1,0
4123,1,32,1,0,0,76,0,0,1,-1,0
4124,1,32,1,0,0,76,0,0,1,-1,0
4125,1,32,1,0,0,76,0,0,1,-1,0
4126,1,32,1,0,0,76,0,0,1,-1,0
4127,1,32,1,0,0,76,0,0,1,-1,0
4128,1,32,1,0,0,76,0,0,1,-1,0
4129,1,32,1,0,0,76,0,0,1,-1,0
4130,1,32,1,0,0,76,0,0,1,-1,0
4131,1,32,1,0,0,76,0,0,1,-1,0
4132,1,32,1,0,0,76,0,0,1,-1,0
4133,1,32,1,0,0,76,0,0,1,-1,0
4134,1,32,1,0,0,76,0,0,1,-1,0
4135,1,32,1,0,0,76,0,0,1,-1,0
4136,1,32,1,0,0,76,0,0,1,-1,0
4137,1,32,1,0,0,76,0,0,1,-1,0
4138,1,32,1,0,0,76,0,0,1,-1,0
4139,1,32,1,0,0,76,0,0,1,-1,0
4140,1,32,1,0,0,76,0,0,1,-1,0
4141,1,32,1,0,0,76,0,0,1,-1,0
4142,1,32,1,0,0,76,0,0,1,-1,0
4143,1,32,1,0,0,76,0,0,1,-1,0
4144,1,32,1,0,0,76,0,0,1,-1,0
4145,1,32,1,0,0,76,0,0,1,-1,0
4146,1,32,1,0,0,76,0,0,1,-1,0
4147,1,32,1,0,0,76,0,0,1,-1,0
4148,1,32,1,0,0,76,0,0,1,-1,0
4149,1,32,1,0,0,76,0,0,1,-1,0
4150,1,32,1,0,0,76,0,0,1,-1,0
4151,1,32,1,0,0,76,0,0,1,-1,0
4152,1,32,1,0,0,76,0,0,1,-1,0
4153,1,32,1,0,0,76,0,0,1,-1,0
4154,1,32,1,0,0,76,0,0,1,-1,0
4155,1,32,1,0,0,76,0,0,1,-1,0
4156,1,32,1,0,0,76,0,0,1,-1,0
4157,1,32,1,0,0,76,0,0,1,-1,0
4158,1,32,1,0,0,76,0,0,1,-1,0
4159,1,32,1,0,0,76,0,0,1,-1,0
4160,1,32,1,0,0,76,0,0,1,-1,0
4161,1,32,1,0,0,76,0,0,1,-1,0
4162,1,32,1,0,0,76,0,0,1,-1,0
4163,1,32,1,0,0,76,0,0,1,-1,0
4164,1,32,1,0,0,76,0,0,1,-1,0
4165,1,32,1,0,0,76,0,0,1,-1,0
4166,1,32,1,0,0,76,0,0,1,-1,0
4167,1,32,1,0,0,76,0,0,1,-1,0
4168,1,32,1,0,0,76,0,0,1,-1,0
4169,1,32,1,0,0,76,0,0,1,-1,0
4170,1,32,1,0,0,76,0,0,1,-1,0
4171,1,32,1,0,0,76,0,0,1,-1,0
4172,1,32,1,0,0,76,0,0,1,-1,0
4173,1,32,1,0,0,76,0,0,1,-1,0
4174,1,32,1,0,0,76,0,0,1,-1,0
4175,1,32,1,0,0,76,0,0,1,-1,0
4176,1,32,1,0,0,76,0,0,1,-1,0
4177,1,32,1,0,0,76,0,0,1,-1,0
4178,1,32,1,0,0,76,0,0,1,-1,0
4179,1,32,1,0,0,76,0,0,1,-1,0
4180,1,32,1,0,0,76,0,0,1,-1,0
4181,1,32,1,0,0,76,0,0,1,-1,0
4182,1,32,1,0,0,76,0,0,1,-1,0
4183,1,32,1,0,0,76,0,0,1,-1,0
4184,1,32,1,0,0,76,0,0,1,-1,0
4185,1,32,1,0,0,76,0,0,1,-1,0
4186,1,32,1,0,0,76,0,0,1,-1,0
4187,1,32,1,0,0,76,0,0,1,-1,0
4188,1,32,1,0,0,76,0,0,1,-1,0
4189,1,32,1,0,0,76,0,0,1,-1,0
4190,1,32,1,0,0,76,0,0,1,-1,0
4191,1,32,1,0,0,76,0,0,1,-1,0
4192,1,32,1,0,0,76,0,0,1,-1,0
4193,1,32,1,0,0,76,0,0,1,-1,0
4194,1,32,1,0,0,76,0,0,1,-1,0
4195,1,32,1,0,0,76,0,0,1,-1,0
4196,1,32,1,0,0,76,0,0,1,-1,0
4197,1,32,1,0,0,76,0,0,1,-1,0
4198,1,32,1,0,0,76,0,0,1,-1,0
4199,1,32,1,0,0,76,0,0,1,-1,0
4200,1,32,1,0,0,76,0,0,1,-1,0
4201,1,32,1,0,0,76,0,0,1,-1,0
4202,1,32,1,0,0,76,0,0,1,-1,0
4203,1,32,1,0,0,76,0,0,1,-1,0
4204,1,32,1,0,0,76,0,0,1,-1,0
4205,1,32,1,0,0,76,0,0,1,-1,0
4206,1,32,1,0,0,76,0,0,1,-1,0
4207,1,32,1,0,0,76,0,0,1,-1,0
4208,1,32,1,0,0,76,0,0,1,-1,0
4209,1,32,1,0,0,76,0,0,1,-1,0
4210,1,32,1,0,0,76,0,0,1,-1,0
4211,1,32,1,0,0,76,0,0,1,-1,0
4212,1,32,1,0,0,76,0,0,1,-1,0
4213,1,32,1,0,0,76,0,0,1,-1,0
4214,1,32,1,0,0,76,0,0,1,-1,0
4215,1,32,1,0,0,76,0,0,1,-1,0
4216,1,32,1,0,0,76,0,0,1,-1,0
4217,1,32,1,0,0,76,0,0,1,-1,0
4218,1,32,1,0,0,76,0,0,1,-1,0
4219,1,32,1,0,0,76,0,0,1,-1,0
4220,1,32,1,0,0,76,0,0,1,-1,0
4221,1,32,1,0,0,76,0,0,1,-1,0
4222,1,32,1,0,0,76,0,0,1,-1,0
4223,1,32,1,0,0,76,0,0,1,-1,0
4224,1,32,1,0,0,76,0,0,1,-1,0
4225,1,32,1,0,0,76,0,0,1,-1,0
4226,1,32,1,0,0,76,0,0,1,-1,0
4227,1,32,1,0,0,76,0,0,1,-1,0
4228,1,32,1,0,0,76,0,0,1,-1,0
4229,1,32,1,0,0,76,0,0,1,-1,0
4230,1,32,1,0,0,76,0,0,1,-1,0
4231,1,32,1,0,0,76,0,0,1,-1,0
4232,1,32,1,0,0,76,0,0,1,-1,0
4233,1,32,1,0,0,76,0,0,1,-1,0
4234,1,32,1,0,0,76,0,0,1,-1,0
4235,1,32,1,0,0,76,0,0,1,-1,0
4236,1,32,1,0,0,76,0,0,1,-1,0
4237,1,32,1,0,0,76,0,0,1,-1,0
4238,1,32,1,0,0,76,0,0,1,-1,0
4239,1,32,1,0,0,76,0,0,1,-1,0
4240,1,32,1,0,0,76,0,0,1,-1,0
4241,1,32,1,0,0,76,0,0,1,-1,0
4242,1,32,1,0,0,76,0,0,1,-1,0
4243,1,32,1,0,0,76,0,0,1,-1,0
4244,1,32,1,0,0,76,0,0,1,-1,0
4245,1,32,1,0,0,76,0,0,1,-1,0
4246,1,32,1,0,0,76,0,0,1,-1,0
4247,1,32,1,0,0,76,0,0,1,-1,0
4248,1,32,1,0,0,76,0,0,1,-1,0
4249,1,32,1,0,0,76,0,0,1,-1,0
4250,1,32,1,0,0,76,0,0,1,-1,0
4251,1,32,1,0,0,76,0,0,1,-1,0
4252,1,32,1,0,0,76,0,0,1,-1,0
4253,1,32,1,0,0,76,0,0,1,-1,0
4254,1,32,1,0,0,76,0,0,1,-1,0
4255,1,32,1,0,0,76,0,0,1,-1,0
4256,1,32,1,0,0,76,0,0,1,-1,0
4257,1,32,1,0,0,76,0,0,1,-1,0
4258,1,32,1,0,0,76,0,0,1,-1,0
4259,1,32,1,0,0,76,0,0,1,-1,0
4260,1,32,1,0,0,76,0,0,1,-1,0
4261,1,32,1,0,0,76,0,0,1,-1,0
4262,1,32,1,0,0,76,0,0,1,-1,0
4263,1,32,1,0,0,76,0,0,1,-1,0
4264,1,32,1,0,0,76,0,0,1,-1,0
4265,1,32,1,0,0,76,0,0,1,-1,0
4266,1,32,1,0,0,76,0,0,1,-1,0
4267,1,32,1,0,0,76,0,0,1,-1,0
4268,1,32,1,0,0,76,0,0,1,-1,0
4269,1,32,1,0,0,76,0,0,1,-1,0
4270,1,32,1,0,0,76,0,0,1,-1,0
4271,1,32,1,0,0,76,0,0,1,-1,0
4272,1,32,1,0,0,76,0,0,1,-1,0
4273,1,32,1,0,0,76,0,0,1,-1,0
4274,1,32,1,0,0,76,0,0,1,-1,0
4275,1,32,1,0,0,76,0,0,1,-1,0
4276,1,32,1,0,0,76,0,0,1,-1,0
4277,1,32,1,0,0,76,0,0,1,-1,0
4278,1,32,1,0,0,76,0,0,1,-1,0
4279,1,32,1,0,0,76,0,0,1,-1,0
4280,1,32,1,0,0,76,0,0,1,-1,0
4281,1,32,1,0,0,76,0,0,1,-1,0
4282,1,32,1,0,0,76,0,0,1,-1,0
4283,1,32,1,0,0,76,0,0,1,-1,0
4284,1,32,1,0,0,76,0,0,1,-1,0
4285,1,32,1,0,0,76,0,0,1,-1,0
4286,1,32,1,0,0,76,0,0,1,-1,0
4287,1,32,1,0,0,76,0,0,1,-1,0
4288,1,32,1,0,0,76,0,0,1,-1,0
4289,1,32,1,0,0,76,0,0,1,-1,0
4290,1,32,1,0,0,76,0,0,1,-1,0
4291,1,32,1,0,0,76,0,0,1,-1,0
4292,1,32,1,0,0,76,0,0,1,-1,0
4293,1,32,1,0,0,76,0,0,1,-1,0
4294,1,32,1,0,0,76,0,0,1,-1,0
4295,1,32,1,0,0,76,0,0,1,-1,0
4296,1,32,1,0,0,76,0,0,1,-1,0
4297,1,32,1,0,0,76,0,0,1,-1,0
4298,1,32,1,0,0,76,0,0,1,-1,0
4299,1,32,1,0,0,76,0,0,1,-1,0
4300,1,32,1,0,0,76,0,0,1,-1,0
4301,1,32,1,0,0,76,0,0,1,-1,0
4302,1,32,1,0,0,76,0,0,1,-1,0
4303,1,32,1,0,0,76,0,0,1,-1,0
4304,1,32,1,0,0,76,0,0,1,-1,0
4305,1,32,1,0,0,76,0,0,1,-1,0
4306,1,32,1,0,0,76,0,0,1,-1,0
4307,1,32,1,0,0,76,0,0,1,-1,0
4308,1,32,1,0,0,76,0,0,1,-1,0
4309,1,32,1,0,0,76,0,0,1,-1,0
4310,1,32,1,0,0,76,0,0,1,-1,0
4311,1,32,1,0,0,76,0,0,1,-1,0
4312,1,32,1,0,0,76,0,0,1,-1,0
4313,1,32,1,0,0,76,0,0,1,-1,0
4314,1,32,1,0,0,76,0,0,1,-1,0
4315,1,32,1,0,0,76,0,0,1,-1,0
4316,1,32,1,0,0,76,0,0,1,-1,0
4317,1,32,1,0,0,76,0,0,1,-1,0
4318,1,32,1,0,0,76,0,0,1,-1,0
4319,1,32,1,0,0,76,0,0,1,-1,0
4320,1,32,1,0,0,76,0,0,1,-1,0
4321,1,32,1,0,0,76,0,0,1,-1,0
4322,1,32,1,0,0,76,0,0,1,-1,0
4323,1,32,1,0,0,76,0,0,1,-1,0
4324,1,32,1,0,0,76,0,0,1,-1,0
4325,1,32,1,0,0,76,0,0,1,-1,0
4326,1,32,1,0,0,76,0,0,1,-1,0
4327,1,32,1,0,0,76,0,0,1,-1,0
4328,1,32,1,0,0,76,0,0,1,-1,0
4329,1,32,1,0,0,76,0,0,1,-1,0
4330,1,32,1,0,0,76,0,0,1,-1,0
4331,1,32,1,0,0,76,0,0,1,-1,0
4332,1,32,1,0,0,76,0,0,1,-1,0
4333,1,32,1,0,0,76,0,0,1,-1,0
4334,1,32,1,0,0,76,0,0,1,-1,0
4335,1,32,1,0,0,76,0,0,1,-1,0
4336,1,32,1,0,0,76,0,0,1,-1,0
4337,1,32,1,0,0,76,0,0,1,-1,0
4338,1,32,1,0,0,76,0,0,1,-1,0
4339,1,32,1,0,0,76,0,0,1,-1,0
4340,1,32,1,0,0,76,0,0,1,-1,0
4341,1,32,1,0,0,76,0,0,1,-1,0
4342,1,32,1,0,0,76,0,0,1,-1,0
4343,1,32,1,0,0,76,0,0,1,-1,0
4344,1,32,1,0,0,76,0,0,1,-1,0
4345,1,32,1,0,0,76,0,0,1,-1,0
4346,1,32,1,0,0,76,0,0,1,-1,0
4347,1,32,1,0,0,76,0,0,1,-1,0
4348,1,32,1,0,0,76,0,0,1,-1,0
4349,1,32,1,0,0,76,0,0,1,-1,0
4350,1,32,1,0,0,76,0,0,1,-1,0
4351,1,32,1,0,0,76,0,0,1,-1,0
4352,1,32,1,0,0,76,0,0,1,-1,0
4353,1,32,1,0,0,76,0,0,1,-1,0
4354,1,32,1,0,0,76,0,0,1,-1,0
4355,1,32,1,0,0,76,0,0,1,-1,0
4356,1,32,1,0,0,76,0,0,1,-1,0
4357,1,32,1,0,0,76,0,0,1,-1,0
4358,1,32,1,0,0,76,0,0,1,-1,0
4359,1,32,1,0,0,76,0,0,1,-1,0
4360,1,32,1,0,0,76,0,0,1,-1,0
4361,1,32,1,0,0,76,0,0,1,-1,0
4362,1,32,1,0,0,76,0,0,1,-1,0
4363,1,32,1,0,0,76,0,0,1,-1,0
4364,1,32,1,0,0,76,0,0,1,-1,0
4365,1,32,1,0,0,76,0,0,1,-1,0
4366,1,32,1,0,0,76,0,0,1,-1,0
4367,1,32,1,0,0,76,0,0,1,-1,0
4368,1,32,1,0,0,76,0,0,1,-1,0
4369,1,32,1,0,0,76,0,0,1,-1,0
4370,1,32,1,0,0,76,0,0,1,-1,0
4371,1,32,1,0,0,76,0,0,1,-1,0
4372,1,32,1,0,0,76,0,0,1,-1,0
4373,1,32,1,0,0,76,0,0,1,-1,0
4374,1,32,1,0,0,76,0,0,1,-1,0
4375,1,32,1,0,0,76,0,0,1,-1,0
4376,1,32,1,0,0,76,0,0,1,-1,0
4377,1,32,1,0,0,76,0,0,1,-1,0
4378,1,32,1,0,0,76,0,0,1,-1,0
4379,1,32,1,0,0,76,0,0,1,-1,0
4380,1,32,1,0,0,76,0,0,1,-1,0
4381,1,32,1,0,0,76,0,0,1,-1,0
4382,1,32,1,0,0,76,0,0,1,-1,0
4383,1,32,1,0,0,76,0,0,1,-1,0
4384,1,32,1,0,0,76,0,0,1,-1,0
4385,1,32,1,0,0,76,0,0,1,-1,0
4386,1,32,1,0,0,76,0,0,1,-1,0
4387,1,32,1,0,0,76,0,0,1,-1,0
4388,1,32,1,0,0,76,0,0,1,-1,0
4389,1,32,1,0,0,76,0,0,1,-1,0
4390,1,32,1,0,0,76,0,0,1,-1,0
4391,1,32,1,0,0,76,0,0,1,-1,0
4392,1,32,1,0,0,76,0,0,1,-1,0
4393,1,32,1,0,0,76,0,0,1,-1,0
4394,1,32,1,0,0,76,0,0,1,-1,0
4395,1,32,1,0,0,76,0,0,1,-1,0
4396,1,32,1,0,0,76,0,0,1,-1,0
4397,1,32,1,0,0,76,0,0,1,-1,0
4398,1,32,1,0,0,76,0,0,1,-1,0
4399,1,32,1,0,0,76,0,0,1,-1,0
4400,1,32,1,0,0,76,0,0,1,-1,0
4401,1,32,1,0,0,76,0,0,1,-1,0
4402,1,32,1,0,0,76,0,0,1,-1,0
4403,1,32,1,0,0,76,0,0,1,-1,0
4404,1,32,1,0,0,76,0,0,1,-1,0
4405,1,32,1,0,0,76,0,0,1,-1,0
4406,1,32,1,0,0,76,0,0,1,-1,0
4407,1,32,1,0,0,76,0,0,1,-1,0
4408,1,32,1,0,0,76,0,0,1,-1,0
4409,1,32,1,0,0,76,0,0,1,-1,0
4410,1,32,1,0,0,76,0,0,1,-1,0
4411,1,32,1,0,0,76,0,0,1,-1,0
4412,1,32,1,0,0,76,0,0,1,-1,0
4413,1,32,1,0,0,76,0,0,1,-1,0
4414,1,32,1,0,0,76,0,0,1,-1,0
4415,1,32,1,0,0,76,0,0,1,-1,0
4416,1,32,1,0,0,76,0,0,1,-1,0
4417,1,32,1,0,0,76,0,0,1,-1,0
4418,1,32,1,0,0,76,0,0,1,-1,0
4419,1,32,1,0,0,76,0,0,1,-1,0
4420,1,32,1,0,0,76,0,0,1,-1,0
4421,1,32,1,0,0,76,0,0,1,-1,0
4422,1,32,1,0,0,76,0,0,1,-1,0
4423,1,32,1,0,0,76,0,0,1,-1,0
4424,1,32,1,0,0,76,0,0,1,-1,0
4425,1,32,1,0,0,76,0,0,1,-1,0
4426,1,32,1,0,0,76,0,0,1,-1,0
4427,1,32,1,0,0,76,0,0,1,-1,0
4428,1,32,1,0,0,76,0,0,1,-1,0
4429,1,32,1,0,0,76,0,0,1,-1,0
4430,1,32,1,0,0,76,0,0,1,-1,0
4431,1,32,1,0,0,76,0,0,1,-1,0
4432,1,32,1,0,0,76,0,0,1,-1,0
4433,1,32,1,0,0,76,0,0,1,-1,0
4434,1,32,1,0,0,76,0,0,1,-1,0
4435,1,32,1,0,0,76,0,0,1,-1,0
4436,1,32,1,0,0,76,0,0,1,-1,0
4437,1,32,1,0,0,76,0,0,1,-1,0
4438,1,32,1,0,0,76,0,0,1,-1,0
4439,1,32,1,0,0,76,0,0,1,-1,0
4440,1,32,1,0,0,76,0,0,1,-1,0
4441,1,32,1,0,0,76,0,0,1,-1,0
4442,1,32,1,0,0,76,0,0,1,-1,0
4443,1,32,1,0,0,76,0,0,1,-1,0
4444,1,32,1,0,0,76,0,0,1,-1,0
4445,1,32,1,0,0,76,0,0,1,-1,0
4446,1,32,1,0,0,76,0,0,1,-1,0
4447,1,32,1,0,0,76,0,0,1,-1,0
4448,1,32,1,0,0,76,0,0,1,-1,0
4449,1,32,1,0,0,76,0,0,1,-1,0
4450,1,32,1,0,0,76,0,0,1,-1,0
4451,1,32,1,0,0,76,0,0,1,-1,0
4452,1,32,1,0,0,76,0,0,1,-1,0
4453,1,32,1,0,0,76,0,0,1,-1,0
4454,1,32,1,0,0,76,0,0,1,-1,0
4455,1,32,1,0,0,76,0,0,1,-1,0
4456,1,32,1,0,0,76,0,0,1,-1,0
4457,1,32,1,0,0,76,0,0,1,-1,0
4458,1,32,1,0,0,76,0,0,1,-1,0
4459,1,32,1,0,0,76,0,0,1,-1,0
4460,15,32,1,0,0,79,0,0,4,-1,0
4461,15,32,1,0,0,79,0,0,4,-1,0
4462,15,32,1,0,0,79,0,0,4,-1,0
4463,15,32,1,0,0,79,0,0,4,-1,0
4464,15,32,1,0,0,79,0,0,4,-1,0
4465,15,32,1,0,0,79,0,0,4,-1,0
4466,15,32,1,0,0,79,0,0,4,-1,0
4467,15,32,1,0,0,79,0,0,4,-1,0
4468,15,32,1,0,0,79,0,0,4,-1,0
4469,15,32,1,0,0,79,0,0,4,-1,0
4470,15,32,1,0,0,79,0,0,4,-1,0
4471,15,32,1,0,0,79,0,0,4,-1,0
4472,15,32,1,0,0,79,0,0,4,-1,0
4473,15,32,1,0,0,79,0,0,4,-1,0
4474,15,32,1,0,0,79,0,0,4,-1,0
4475,15,32,1,0,0,79,0,0,4,-1,0
4476,15,32,1,0,0,79,0,0,4,-1,0
4477,15,32,1,0,0,79,0,0,4,-1,0
4478,15,32,1,0,0,79,0,0,4,-1,0
4479,15,32,1,0,0,79,0,0,4,-1,0
4480,15,32,1,0,0,79,0,0,4,-1,0
4481,15,32,1,0,0,79,0,0,4,-1,0
4482,15,32,1,0,0,79,0,0,4,-1,0
4483,15,32,1,0,0,79,0,0,4,-1,0
4484,15,32,1,0,0,79,0,0,4,-1,0
4485,15,32,1,0,0,79,0,0,4,-1,0
4486,15,32,1,0,0,79,0,0,4,-1,0
4487,15,32,1,0,0,79,0,0,4,-1,0
4488,15,32,1,0,0,79,0,0,4,-1,0
4489,15,32,1,0,0,79,0,0,4,-1,0
4490,15,32,1,0,0,79,0,0,4,-1,0
4491,15,32,1,0,0,79,0,0,4,-1,0
4492,15,32,1,0,0,79,0,0,4,-1,0
4493,15,32,1,0,0,79,0,0,4,-1,0
4494,15,32,1,0,0,79,0,0,4,-1,0
4495,15,32,1,0,0,79,0,0,4,-1,0
4496,15,32,1,0,0,79,0,0,4,-1,0
4497,15,32,1,0,0,79,0,0,4,-1,0
4498,15,32,1,0,0,79,0,0,4,-1,0
4499,15,32,1,0,0,79,0,0,4,-1,0
4500,15,32,1,0,0,79,0,0,4,-1,0
4501,15,32,1,0,0,79,0,0,4,-1,0
4502,15,32,1,0,0,79,0,0,4,-1,0
4503,15,32,1,0,0,79,0,0,4,-1,0
4504,15,32,1,0,0,79,0,0,4,-1,0
4505,15,32,1,0,0,79,0,0,4,-1,0
4506,15,32,1,0,0,79,0,0,4,-1,0
4507,15,32,1,0,0,79,0,0,4,-1,0
4508,15,32,1,0,0,79,0,0,4,-1,0
4509,15,32,1,0,0,79,0,0,4,-1,0
4510,15,32,1,0,0,79,0,0,4,-1,0
4511,15,32,1,0,0,79,0,0,4,-1,0
4512,15,32,1,0,0,79,0,0,4,-1,0
4513,15,32,1,0,0,79,0,0,4,-1,0
4514,15,32,1,0,0,79,0,0,4,-1,0
4515,15,32,1,0,0,79,0,0,4,-1,0
4516,15,32,1,0,0,79,0,0,4,-1,0
4517,15,32,1,0,0,79,0,0,4,-1,0
4518,15,32,1,0,0,79,0,0,4,-1,0
4519,15,32,1,0,0,79,0,0,4,-1,0
4520,15,32,1,0,0,79,0,0,4,-1,0
4521,15,32,1,0,0,79,0,0,4,-1,0
4522,15,32,1,0,0,79,0,0,4,-1,0
4523,15,32,1,0,0,79,0,0,4,-1,0
4524,15,32,1,0,0,79,0,0,4,-1,0
4525,15,32,1,0,0,79,0,0,4,-1,0
4526,15,32,1,0,0,79,0,0,4,-1,0
4527,15,32,1,0,0,79,0,0,4,-1,0
4528,15,32,1,0,0,79,0,0,4,-1,0
4529,15,32,1,0,0,79,0,0,4,-1,0
4530,15,32,1,0,0,79,0,0,4,-1,0
4531,15,32,1,0,0,79,0,0,4,-1,0
4532,15,32,1,0,0,79,0,0,4,-1,0
4533,15,32,1,0,0,79,0,0,4,-1,0
4534,15,32,1,0,0,79,0,0,4,-1,0
4535,15,32,1,0,0,79,0,0,4,-1,0
4536,15,32,1,0,0,79,0,0,4,-1,0
4537,15,32,1,0,0,79,0,0,4,-1,0
4538,15,32,1,0,0,79,0,0,4,-1,0
4539,15,32,1,0,0,79,0,0,4,-1,0
4540,15,32,1,0,0,79,0,0,4,-1,0
4541,15,32,1,0,0,79,0,0,4,-1,0
4542,15,32,1,0,0,79,0,0,4,-1,0
4543,15,32,1,0,0,79,0,0,4,-1,0
4544,15,32,1,0,0,79,0,0,4,-1,0
4545,15,32,1,0,0,79,0,0,4,-1,0
4546,15,32,1,0,0,79,0,0,4,-1,0
4547,15,32,1,0,0,79,0,0,4,-1,0
4548,15,32,1,0,0,79,0,0,4,-1,0
4549,15,32,1,0,0,79,0,0,4,-1,0
4550,15,32,1,0,0,79,0,0,4,-1,0
4551,15,32,1,0,0,79,0,0,4,-1,0
4552,15,32,1,0,0,79,0,0,4,-1,0
4553,15,32,1,0,0,79,0,0,4,-1,0
4554,15,32,1,0,0,79,0,0,4,-1,0
4555,15,32,1,0,0,79,0,0,4,-1,0
4556,15,32,1,0,0,79,0,0,4,-1,0
4557,15,32,1,0,0,79,0,0,4,-1,0
4558,15,32,1,0,0,79,0,0,4,-1,0
4559,15,32,1,0,0,79,0,0,4,-1,0
4560,15,32,1,0,0,79,0,0,4,-1,0
4561,15,32,1,0,0,79,0,0,4,-1,0
4562,15,32,1,0,0,79,0,0,4,-1,0
4563,15,32,1,0,0,79,0,0,4,-1,0
4564,15,32,1,0,0,79,0,0,4,-1,0
4565,15,32,1,0,0,79,0,0,4,-1,0
4566,15,32,1,0,0,79,0,0,4,-1,0
4567,15,32,1,0,0,79,0,0,4,-1,0
4568,15,32,1,0,0,79,0,0,4,-1,0
4569,15,32,1,0,0,79,0,0,4,-1,0
4570,15,32,1,0,0,79,0,0,4,-1,0
4571,15,32,1,0,0,79,0,0,4,-1,0
4572,15,32,1,0,0,79,0,0,4,-1,0
4573,15,32,1,0,0,79,0,0,4,-1,0
4574,15,32,1,0,0,79,0,0,4,-1,0
4575,15,32,1,0,0,79,0,0,4,-1,0
4576,15,32,1,0,0,79,0,0,4,-1,0
4577,15,32,1,0,0,79,0,0,4,-1,0
4578,15,32,1,0,0,79,0,0,4,-1,0
4579,15,32,1,0,0,79,0,0,4,-1,0
4580,15,32,1,0,0,79,0,0,4,-1,0
4581,15,32,1,0,0,79,0,0,4,-1,0
4582,15,32,1,0,0,79,0,0,4,-1,0
4583,15,32,1,0,0,79,0,0,4,-1,0
4584,15,32,1,0,0,79,0,0,4,-1,0
4585,15,32,1,0,0,79,0,0,4,-1,0
4586,15,32,1,0,0,79,0,0,4,-1,0
4587,15,32,1,0,0,79,0,0,4,-1,0
4588,15,32,1,0,0,79,0,0,4,-1,0
4589,15,32,1,0,0,79,0,0,4,-1,0
4590,15,32,1,0,0,79,0,0,4,-1,0
4591,15,32,1,0,0,79,0,0,4,-1,0
4592,15,32,1,0,0,79,0,0,4,-1,0
4593,15,32,1,0,0,79,0,0,4,-1,0
4594,15,32,1,0,0,79,0,0,4,-1,0
4595,15,32,1,0,0,79,0,0,4,-1,0
4596,15,32,1,0,0,79,0,0,4,-1,0
4597,15,32,1,0,0,79,0,0,4,-1,0
4598,15,32,1,0,0,79,0,0,4,-1,0
4599,15,32,1,0,0,79,0,0,4,-1,0
4600,15,32,1,0,0,79,0,0,4,-1,0
4601,15,32,1,0,0,79,0,0,4,-1,0
4602,15,32,1,0,0,79,0,0,4,-1,0
4603,15,32,1,0,0,79,0,0,4,-1,0
4604,15,32,1,0,0,79,0,0,4,-1,0
4605,15,32,1,0,0,79,0,0,4,-1,0
4606,15,32,1,0,0,79,0,0,4,-1,0
4607,15,32,1,0,0,79,0,0,4,-1,0
4608,15,32,1,0,0,79,0,0,4,-1,0
4609,15,32,1,0,0,79,0,0,4,-1,0
4610,15,32,1,0,0,79,0,0,4,-1,0
4611,15,32,1,0,0,79,0,0,4,-1,0
4612,15,32,1,0,0,79,0,0,4,-1,0
4613,15,32,1,0,0,79,0,0,4,-1,0
4614,15,32,1,0,0,79,0,0,4,-1,0
4615,15,32,1,0,0,79,0,0,4,-1,0
4616,15,32,1,0,0,79,0,0,4,-1,0
4617,15,32,1,0,0,79,0,0,4,-1,0
4618,15,32,1,0,0,79,0,0,4,-1,0
4619,15,32,1,0,0,79,0,0,4,-1,0
4620,15,32,1,0,0,79,0,0,4,-1,0
4621,15,32,1,0,0,79,0,0,4,-1,0
4622,15,32,1,0,0,79,0,0,4,-1,0
4623,15,32,1,0,0,79,0,0,4,-1,0
4624,15,32,1,0,0,79,0,0,4,-1,0
4625,15,32,1,0,0,79,0,0,4,-1,0
4626,15,32,1,0,0,79,0,0,4,-1,0
4627,15,32,1,0,0,79,0,0,4,-1,0
4628,15,32,1,0,0,79,0,0,4,-1,0
4629,15,32,1,0,0,79,0,0,4,-1,0
4630,15,32,1,0,0,79,0,0,4,-1,0
4631,15,32,1,0,0,79,0,0,4,-1,0
4632,15,32,1,0,0,79,0,0,4,-1,0
4633,15,32,1,0,0,79,0,0,4,-1,0
4634,15,32,1,0,0,79,0,0,4,-1,0
4635,15,32,1,0,0,79,0,0,4,-1,0
4636,15,32,1,0,0,79,0,0,4,-1,0
4637,15,32,1,0,0,79,0,0,4,-1,0
4638,15,32,1,0,0,79,0,0,4,-1,0
4639,15,32,1,0,0,79,0,0,4,-1,0
4640,15,32,1,0,0,79,0,0,4,-1,0
4641,15,32,1,0,0,79,0,0,4,-1,0
4642,15,32,1,0,0,79,0,0,4,-1,0
4643,15,32,1,0,0,79,0,0,4,-1,0
4644,15,32,1,0,0,79,0,0,4,-1,0
4645,15,32,1,0,0,79,0,0,4,-1,0
4646,15,32,1,0,0,79,0,0,4,-1,0
4647,15,32,1,0,0,79,0,0,4,-1,0
4648,15,32,1,0,0,79,0,0,4,-1,0
4649,15,32,1,0,0,79,0,0,4,-1,0
4650,15,32,1,0,0,79,0,0,4,-1,0
4651,15,32,1,0,0,79,0,0,4,-1,0
4652,15,32,1,0,0,79,0,0,4,-1,0
4653,15,32,1,0,0,79,0,0,4,-1,0
4654,15,32,1,0,0,79,0,0,4,-1,0
4655,15,32,1,0,0,79,0,0,4,-1,0
4656,15,32,1,0,0,79,0,0,4,-1,0
4657,15,32,1,0,0,79,0,0,4,-1,0
4658,15,32,1,0,0,79,0,0,4,-1,0
4659,15,32,1,0,0,79,0,0,4,-1,0
4660,15,32,1,0,0,79,0,0,4,-1,0
4661,15,32,1,0,0,79,0,0,4,-1,0
4662,15,32,1,0,0,79,0,0,4,-1,0
4663,15,32,1,0,0,79,0,0,4,-1,0
4664,15,32,1,0,0,79,0,0,4,-1,0
4665,15,32,1,0,0,79,0,0,4,-1,0
4666,15,32,1,0,0,79,0,0,4,-1,0
4667,15,32,1,0,0,79,0,0,4,-1,0
4668,15,32,1,0,0,79,0,0,4,-1,0
4669,15,32,1,0,0,79,0,0,4,-1,0
4670,15,32,1,0,0,79,0,0,4,-1,0
4671,15,32,1,0,0,79,0,0,4,-1,0
4672,15,32,1,0,0,79,0,0,4,-1,0
4673,15,32,1,0,0,79,0,0,4,-1,0
4674,15,32,1,0,0,79,0,0,4,-1,0
4675,15,32,1,0,0,79,0,0,4,-1,0
4676,15,32,1,0,0,79,0,0,4,-1,0
4677,15,32,1,0,0,79,0,0,4,-1,0
4678,15,32,1,0,0,79,0,0,4,-1,0
4679,15,32,1,0,0,79,0,0,4,-1,0
4680,15,32,1,0,0,79,0,0,4,-1,0
4681,15,32,1,0,0,79,0,0,4,-1,0
4682,15,32,1,0,0,79,0,0,4,-1,0
4683,15,32,1,0,0,79,0,0,4,-1,0
4684,15,32,1,0,0,79,0,0,4,-1,0
4685,15,32,1,0,0,79,0,0,4,-1,0
4686,15,32,1,0,0,79,0,0,4,-1,0
4687,15,32,1,0,0,79,0,0,4,-1,0
4688,15,32,1,0,0,79,0,0,4,-1,0
4689,15,32,1,0,0,79,0,0,4,-1,0
4690,15,32,1,0,0,79,0,0,4,-1,0
4691,15,32,1,0,0,79,0,0,4,-1,0
4692,15,32,1,0,0,79,0,0,4,-1,0
4693,15,32,1,0,0,79,0,0,4,-1,0
4694,15,32,1,0,0,79,0,0,4,-1,0
4695,15,32,1,0,0,79,0,0,4,-1,0
4696,15,32,1,0,0,79,0,0,4,-1,0
4697,15,32,1,0,0,79,0,0,4,-1,0
4698,15,32,1,0,0,79,0,0,4,-1,0
4699,15,32,1,0,0,79,0,0,4,-1,0
4700,15,32,1,0,0,79,0,0,4,-1,0
4701,15,32,1,0,0,79,0,0,4,-1,0
4702,15,32,1,0,0,79,0,0,4,-1,0
4703,15,32,1,0,0,79,0,0,4,-1,0
4704,15,32,1,0,0,79,0,0,4,-1,0
4705,15,32,1,0,0,79,0,0,4,-1,0
4706,15,32,1,0,0,79,0,0,4,-1,0
4707,15,32,1,0,0,79,0,0,4,-1,0
4708,15,32,1,0,0,79,0,0,4,-1,0
4709,15,32,1,0,0,79,0,0,4,-1,0
4710,15,32,1,0,0,79,0,0,4,-1,0
4711,15,32,1,0,0,79,0,0,4,-1,0
4712,15,32,1,0,0,79,0,0,4,-1,0
4713,15,32,1,0,0,79,0,0,4,-1,0
4714,15,32,1,0,0,79,0,0,4,-1,0
4715,15,32,1,0,0,79,0,0,4,-1,0
4716,15,32,1,0,0,79,0,0,4,-1,0
4717,15,32,1,0,0,79,0,0,4,-1,0
4718,15,32,1,0,0,79,0,0,4,-1,0
4719,15,32,1,0,0,79,0,0,4,-1,0
4720,15,32,1,0,0,79,0,0,4,-1,0
4721,15,32,1,0,0,79,0,0,4,-1,0
4722,15,32,1,0,0,79,0,0,4,-1,0
4723,15,32,1,0,0,79,0,0,4,-1,0
4724,15,32,1,0,0,79,0,0,4,-1,0
4725,15,32,1,0,0,79,0,0,4,-1,0
4726,15,32,1,0,0,79,0,0,4,-1,0
4727,15,32,1,0,0,79,0,0,4,-1,0
4728,15,32,1,0,0,79,0,0,4,-1,0
4729,15,32,1,0,0,79,0,0,4,-1,0
4730,15,32,1,0,0,79,0,0,4,-1,0
4731,15,32,1,0,0,79,0,0,4,-1,0
4732,15,32,1,0,0,79,0,0,4,-1,0
4733,15,32,1,0,0,79,0,0,4,-1,0
4734,15,32,1,0,0,79,0,0,4,-1,0
4735,15,32,1,0,0,79,0,0,4,-1,0
4736,15,32,1,0,0,79,0,0,4,-1,0
4737,15,32,1,0,0,79,0,0,4,-1,0
4738,15,32,1,0,0,79,0,0,4,-1,0
4739,15,32,1,0,0,79,0,0,4,-1,0
4740,15,32,1,0,0,79,0,0,4,-1,0
4741,15,32,1,0,0,79,0,0,4,-1,0
4742,15,32,1,0,0,79,0,0,4,-1,0
4743,15,32,1,0,0,79,0,0,4,-1,0
4744,15,32,1,0,0,79,0,0,4,-1,0
4745,15,32,1,0,0,79,0,0,4,-1,0
4746,15,32,1,0,0,79,0,0,4,-1,0
4747,15,32,1,0,0,79,0,0,4,-1,0
4748,15,32,1,0,0,79,0,0,4,-1,0
4749,15,32,1,0,0,79,0,0,4,-1,0
4750,15,32,1,0,0,79,0,0,4,-1,0
4751,15,32,1,0,0,79,0,0,4,-1,0
4752,15,32,1,0,0,79,0,0,4,-1,0
4753,15,32,1,0,0,79,0,0,4,-1,0
4754,15,32,1,0,0,79,0,0,4,-1,0
4755,15,32,1,0,0,79,0,0,4,-1,0
4756,15,32,1,0,0,79,0,0,4,-1,0
4757,15,32,1,0,0,79,0,0,4,-1,0
4758,15,32,1,0,0,79,0,0,4,-1,0
4759,15,32,1,0,0,79,0,0,4,-1,0
4760,15,32,1,0,0,79,0,0,4,-1,0
4761,15,32,1,0,0,79,0,0,4,-1,0
4762,15,32,1,0,0,79,0,0,4,-1,0
4763,15,32,1,0,0,79,0,0,4,-1,0
4764,15,32,1,0,0,79,0,0,4,-1,0
4765,15,32,1,0,0,79,0,0,4,-1,0
4766,15,32,1,0,0,79,0,0,4,-1,0
4767,15,32,1,0,0,79,0,0,4,-1,0
4768,15,32,1,0,0,79,0,0,4,-1,0
4769,15,32,1,0,0,79,0,0,4,-1,0
4770,15,32,1,0,0,79,0,0,4,-1,0
4771,15,32,1,0,0,79,0,0,4,-1,0
4772,15,32,1,0,0,79,0,0,4,-1,0
4773,15,32,1,0,0,79,0,0,4,-1,0
4774,15,32,1,0,0,79,0,0,4,-1,0
4775,15,32,1,0,0,79,0,0,4,-1,0
4776,15,32,1,0,0,79,0,0,4,-1,0
4777,15,32,1,0,0,79,0,0,4,-1,0
4778,15,32,1,0,0,79,0,0,4,-1,0
4779,15,32,1,0,0,79,0,0,4,-1,0
4780,15,32,1,0,0,79,0,0,4,-1,0
4781,15,32,1,0,0,79,0,0,4,-1,0
4782,15,32,1,0,0,79,0,0,4,-1,0
4783,15,32,1,0,0,79,0,0,4,-1,0
4784,15,32,1,0,0,79,0,0,4,-1,0
4785,15,32,1,0,0,79,0,0,4,-1,0
4786,15,32,1,0,0,79,0,0,4,-1,0
4787,15,32,1,0,0,79,0,0,4,-1,0
4788,15,32,1,0,0,79,0,0,4,-1,0
4789,15,32,1,0,0,79,0,0,4,-1,0
4790,15,32,1,0,0,79,0,0,4,-1,0
4791,15,32,1,0,0,79,0,0,4,-1,0
4792,15,32,1,0,0,79,0,0,4,-1,0
4793,15,32,1,0,0,79,0,0,4,-1,0
4794,15,32,1,0,0,79,0,0,4,-1,0
4795,15,32,1,0,0,79,0,0,4,-1,0
4796,15,32,1,0,0,79,0,0,4,-1,0
4797,15,32,1,0,0,79,0,0,4,-1,0
4798,15,32,1,0,0,79,0,0,4,-1,0
4799,15,32,1,0,0,79,0,0,4,-1,0
4800,15,32,1,0,0,79,0,0,4,-1,0
4801,15,32,1,0,0,79,0,0,4,-1,0
4802,15,32,1,0,0,79,0,0,4,-1,0
4803,15,32,1,0,0,79,0,0,4,-1,0
4804,15,32,1,0,0,79,0,0,4,-1,0
4805,15,32,1,0,0,79,0,0,4,-1,0
4806,15,32,1,0,0,79,0,0,4,-1,0
4807,15,32,1,0,0,79,0,0,4,-1,0
4808,15,32,1,0,0,79,0,0,4,-1,0
4809,15,32,1,0,0,79,0,0,4,-1,0
4810,15,32,1,0,0,79,0,0,4,-1,0
4811,15,32,1,0,0,79,0,0,4,-1,0
4812,15,32,1,0,0,79,0,0,4,-1,0
4813,15,32,1,0,0,79,0,0,4,-1,0
4814,15,32,1,0,0,79,0,0,4,-1,0
4815,15,32,1,0,0,79,0,0,4,-1,0
4816,15,32,1,0,0,79,0,0,4,-1,0
4817,15,32,1,0,0,79,0,0,4,-1,0
4818,15,32,1,0,0,79,0,0,4,-1,0
4819,15,32,1,0,0,79,0,0,4,-1,0
4820,15,32,1,0,0,79,0,0,4,-1,0
4821,15,32,1,0,0,79,0,0,4,-1,0
4822,15,32,1,0,0,79,0,0,4,-1,0
4823,15,32,1,0,0,79,0,0,4,-1,0
4824,15,32,1,0,0,79,0,0,4,-1,0
4825,15,32,1,0,0,79,0,0,4,-1,0
4826,15,32,1,0,0,79,0,0,4,-1,0
4827,15,32,1,0,0,79,0,0,4,-1,0
4828,15,32,1,0,0,79,0,0,4,-1,0
4829,15,32,1,0,0,79,0,0,4,-1,0
4830,15,32,1,0,0,79,0,0,4,-1,0
4831,15,32,1,0,0,79,0,0,4,-1,0
4832,15,32,1,0,0,79,0,0,4,-1,0
4833,15,32,1,0,0,79,0,0,4,-1,0
4834,15,32,1,0,0,79,0,0,4,-1,0
4835,15,32,1,0,0,79,0,0,4,-1,0
4836,15,32,1,0,0,79,0,0,4,-1,0
4837,15,32,1,0,0,79,0,0,4,-1,0
4838,15,32,1,0,0,79,0,0,4,-1,0
4839,15,32,1,0,0,79,0,0,4,-1,0
4840,15,32,1,0,0,79,0,0,4,-1,0
4841,15,32,1,0,0,79,0,0,4,-1,0
4842,15,32,1,0,0,79,0,0,4,-1,0
4843,15,32,1,0,0,79,0,0,4,-1,0
4844,15,32,1,0,0,79,0,0,4,-1,0
4845,15,32,1,0,0,79,0,0,4,-1,0
4846,15,32,1,0,0,79,0,0,4,-1,0
4847,15,32,1,0,0,79,0,0,4,-1,0
4848,15,32,1,0,0,79,0,0,4,-1,0
4849,15,32,1,0,0,79,0,0,4,-1,0
4850,15,32,1,0,0,79,0,0,4,-1,0
4851,15,32,1,0,0,79,0,0,4,-1,0
4852,15,32,1,0,0,79,0,0,4,-1,0
4853,15,32,1,0,0,79,0,0,4,-1,0
4854,15,32,1,0,0,79,0,0,4,-1,0
4855,15,32,1,0,0,79,0,0,4,-1,0
4856,15,32,1,0,0,79,0,0,4,-1,0
4857,15,32,1,0,0,79,0,0,4,-1,0
4858,15,32,1,0,0,79,0,0,4,-1,0
4859,15,32,1,0,0,79,0,0,4,-1,0
4860,15,32,1,0,0,79,0,0,4,-1,0
4861,15,32,1,0,0,79,0,0,4,-1,0
4862,15,32,1,0,0,79,0,0,4,-1,0
4863,15,32,1,0,0,79,0,0,4,-1,0
4864,15,32,1,0,0,79,0,0,4,-1,0
4865,15,32,1,0,0,79,0,0,4,-1,0
4866,15,32,1,0,0,79,0,0,4,-1,0
4867,15,32,1,0,0,79,0,0,4,-1,0
4868,15,32,1,0,0,79,0,0,4,-1,0
4869,15,32,1,0,0,79,0,0,4,-1,0
4870,15,32,1,0,0,79,0,0,4,-1,0
4871,15,32,1,0,0,79,0,0,4,-1,0
4872,15,32,1,0,0,79,0,0,4,-1,0
4873,15,32,1,0,0,79,0,0,4,-1,0
4874,15,32,1,0,0,79,0,0,4,-1,0
4875,15,32,1,0,0,79,0,0,4,-1,0
4876,15,32,1,0,0,79,0,0,4,-1,0
4877,15,32,1,0,0,79,0,0,4,-1,0
4878,15,32,1,0,0,79,0,0,4,-1,0
4879,15,32,1,0,0,79,0,0,4,-1,0
4880,15,32,1,0,0,79,0,0,4,-1,0
4881,15,32,1,0,0,79,0,0,4,-1,0
4882,15,32,1,0,0,79,0,0,4,-1,0
4883,15,32,1,0,0,79,0,0,4,-1,0
4884,15,32,1,0,0,79,0,0,4,-1,0
4885,15,32,1,0,0,79,0,0,4,-1,0
4886,15,32,1,0,0,79,0,0,4,-1,0
4887,15,32,1,0,0,79,0,0,4,-1,0
4888,15,32,1,0,0,79,0,0,4,-1,0
4889,15,32,1,0,0,79,0,0,4,-1,0
4890,15,32,1,0,0,79,0,0,4,-1,0
4891,15,32,1,0,0,79,0,0,4,-1,0
4892,15,32,1,0,0,79,0,0,4,-1,0
4893,15,32,1,0,0,79,0,0,4,-1,0
4894,15,32,1,0,0,79,0,0,4,-1,0
4895,15,32,1,0,0,79,0,0,4,-1,0
4896,15,32,1,0,0,79,0,0,4,-1,0
4897,15,32,1,0,0,79,0,0,4,-1,0
4898,15,32,1,0,0,79,0,0,4,-1,0
4899,15,32,1,0,0,79,0,0,4,-1,0
4900,15,32,1,0,0,79,0,0,4,-1,0
4901,15,32,1,0,0,79,0,0,4,-1,0
4902,15,32,1,0,0,79,0,0,4,-1,0
4903,15,32,1,0,0,79,0,0,4,-1,0
4904,15,32,1,0,0,79,0,0,4,-1,0
4905,15,32,1,0,0,79,0,0,4,-1,0
4906,15,32,1,0,0,79,0,0,4,-1,0
4907,15,32,1,0,0,79,0,0,4,-1,0
4908,15,32,1,0,0,79,0,0,4,-1,0
4909,15,32,1,0,0,79,0,0,4,-1,0
4910,15,32,1,0,0,79,0,0,4,-1,0
4911,15,32,1,0,0,79,0,0,4,-1,0
4912,15,32,1,0,0,79,0,0,4,-1,0
4913,15,32,1,0,0,79,0,0,4,-1,0
4914,15,32,1,0,0,79,0,0,4,-1,0
4915,15,32,1,0,0,79,0,0,4,-1,0
4916,15,32,1,0,0,79,0,0,4,-1,0
4917,15,32,1,0,0,79,0,0,4,-1,0
4918,15,32,1,0,0,79,0,0,4,-1,0
4919,15,32,1,0,0,79,0,0,4,-1,0
4920,15,32,1,0,0,79,0,0,4,-1,0
4921,15,32,1,0,0,79,0,0,4,-1,0
4922,15,32,1,0,0,79,0,0,4,-1,0
4923,15,32,1,0,0,79,0,0,4,-1,0
4924,15,32,1,0,0,79,0,0,4,-1,0
4925,15,32,1,0,0,79,0,0,4,-1,0
4926,15,32,1,0,0,79,0,0,4,-1,0
4927,15,32,1,0,0,79,0,0,4,-1,0
4928,15,32,1,0,0,79,0,0,4,-1,0
4929,15,32,1,0,0,79,0,0,4,-1,0
4930,15,32,1,0,0,79,0,0,4,-1,0
4931,15,32,1,0,0,79,0,0,4,-1,0
4932,15,32,1,0,0,79,0,0,4,-1,0
4933,15,32,1,0,0,79,0,0,4,-1,0
4934,15,32,1,0,0,79,0,0,4,-1,0
4935,15,32,1,0,0,79,0,0,4,-1,0
4936,15,32,1,0,0,79,0,0,4,-1,0
4937,15,32,1,0,0,79,0,0,4,-1,0
4938,15,32,1,0,0,79,0,0,4,-1,0
4939,15,32,1,0,0,79,0,0,4,-1,0
4940,15,32,1,0,0,79,0,0,4,-1,0
4941,15,32,1,0,0,79,0,0,4,-1,0
4942,15,32,1,0,0,79,0,0,4,-1,0
4943,15,32,1,0,0,79,0,0,4,-1,0
4944,15,32,1,0,0,79,0,0,4,-1,0
4945,15,32,1,0,0,79,0,0,4,-1,0
4946,15,32,1,0,0,79,0,0,4,-1,0
4947,15,32,1,0,0,79,0,0,4,-1,0
4948,15,32,1,0,0,79,0,0,4,-1,0
4949,15,32,1,0,0,79,0,0,4,-1,0
4950,15,32,1,0,0,79,0,0,4,-1,0
4951,15,32,1,0,0,79,0,0,4,-1,0
4952,15,32,1,0,0,79,0,0,4,-1,0
4953,15,32,1,0,0,79,0,0,4,-1,0
4954,15,32,1,0,0,79,0,0,4,-1,0
4955,15,32,1,0,0,79,0,0,4,-1,0
4956,15,32,1,0,0,79,0,0,4,-1,0
4957,15,32,1,0,0,79,0,0,4,-1,0
4958,15,32,1,0,0,79,0,0,4,-1,0
4959,15,32,1,0,0,79,0,0,4,-1,0
4960,15,32,1,0,0,79,0,0,4,-1,0
4961,15,32,1,0,0,79,0,0,4,-1,0
4962,15,32,1,0,0,79,0,0,4,-1,0
4963,15,32,1,0,0,79,0,0,4,-1,0
4964,15,32,1,0,0,79,0,0,4,-1,0
4965,15,32,1,0,0,79,0,0,4,-1,0
4966,15,32,1,0,0,79,0,0,4,-1,0
4967,15,32,1,0,0,79,0,0,4,-1,0
4968,15,32,1,0,0,79,0,0,4,-1,0
4969,15,32,1,0,0,79,0,0,4,-1,0
4970,15,32,1,0,0,79,0,0,4,-1,0
4971,15,32,1,0,0,79,0,0,4,-1,0
4972,15,32,1,0,0,79,0,0,4,-1,0
4973,15,32,1,0,0,79,0,0,4,-1,0
4974,15,32,1,0,0,79,0,0,4,-1,0
4975,15,32,1,0,0,79,0,0,4,-1,0
4976,15,32,1,0,0,79,0,0,4,-1,0
4977,15,32,1,0,0,79,0,0,4,-1,0
4978,15,32,1,0,0,79,0,0,4,-1,0
4979,15,32,1,0,0,79,0,0,4,-1,0
4980,15,32,1,0,0,79,0,0,4,-1,0
4981,15,32,1,0,0,79,0,0,4,-1,0
4982,15,32,1,0,0,79,0,0,4,-1,0
4983,15,32,1,0,0,79,0,0,4,-1,0
4984,15,32,1,0,0,79,0,0,4,-1,0
4985,15,32,1,0,0,79,0,0,4,-1,0
4986,15,32,1,0,0,79,0,0,4,-1,0
4987,15,32,1,0,0,79,0,0,4,-1,0
4988,15,32,1,0,0,79,0,0,4,-1,0
4989,15,32,1,0,0,79,0,0,4,-1,0
4990,15,32,1,0,0,79,0,0,4,-1,0
4991,15,32,1,0,0,79,0,0,4,-1,0
4992,15,32,1,0,0,79,0,0,4,-1,0
4993,15,32,1,0,0,79,0,0,4,-1,0
4994,15,32,1,0,0,79,0,0,4,-1,0
4995,15,32,1,0,0,79,0,0,4,-1,0
4996,15,32,1,0,0,79,0,0,4,-1,0
4997,15,32,1,0,0,79,0,0,4,-1,0
4998,15,32,1,0,0,79,0,0,4,-1,0
4999,15,32,1,0,0,79,0,0,4,-1,0
5000,15,32,1,0,0,79,0,0,4,-1,0
5001,15,32,1,0,0,79,0,0,4,-1,0
5002,15,32,1,0,0,79,0,0,4,-1,0
5003,15,32,1,0,0,79,0,0,4,-1,0
5004,15,32,1,0,0,79,0,0,4,-1,0
5005,15,32,1,0,0,79,0,0,4,-1,0
5006,15,32,1,0,0,79,0,0,4,-1,0
5007,15,32,1,0,0,79,0,0,4,-1,0
5008,15,32,1,0,0,79,0,0,4,-1,0
5009,15,32,1,0,0,79,0,0,4,-1,0
5010,15,32,1,0,0,79,0,0,4,-1,0
5011,15,32,1,0,0,79,0,0,4,-1,0
5012,15,32,1,0,0,79,0,0,4,-1,0
5013,15,32,1,0,0,79,0,0,4,-1,0
5014,15,32,1,0,0,79,0,0,4,-1,0
5015,15,32,1,0,0,79,0,0,4,-1,0
5016,15,32,1,0,0,79,0,0,4,-1,0
5017,15,32,1,0,0,79,0,0,4,-1,0
5018,15,32,1,0,0,79,0,0,4,-1,0
5019,15,32,1,0,0,79,0,0,4,-1,0
5020,15,32,1,0,0,79,0,0,4,-1,0
5021,15,32,1,0,0,79,0,0,4,-1,0
5022,15,32,1,0,0,79,0,0,4,-1,0
5023,15,32,1,0,0,79,0,0,4,-1,0
5024,15,32,1,0,0,79,0,0,4,-1,0
5025,15,32,1,0,0,79,0,0,4,-1,0
5026,15,32,1,0,0,79,0,0,4,-1,0
5027,15,32,1,0,0,79,0,0,4,-1,0
5028,15,32,1,0,0,79,0,0,4,-1,0
5029,15,32,1,0,0,79,0,0,4,-1,0
5030,15,32,1,0,0,79,0,0,4,-1,0
5031,15,32,1,0,0,79,0,0,4,-1,0
5032,15,32,1,0,0,79,0,0,4,-1,0
5033,15,32,1,0,0,79,0,0,4,-1,0
5034,15,32,1,0,0,79,0,0,4,-1,0
5035,15,32,1,0,0,79,0,0,4,-1,0
5036,15,32,1,0,0,79,0,0,4,-1,0
5037,15,32,1,0,0,79,0,0,4,-1,0
5038,15,32,1,0,0,79,0,0,4,-1,0
5039,15,32,1,0,0,79,0,0,4,-1,0
5040,15,32,1,0,0,79,0,0,4,-1,0
5041,15,32,1,0,0,79,0,0,4,-1,0
5042,15,32,1,0,0,79,0,0,4,-1,0
5043,15,32,1,0,0,79,0,0,4,-1,0
5044,15,32,1,0,0,79,0,0,4,-1,0
5045,15,32,1,0,0,79,0,0,4,-1,0
5046,15,32,1,0,0,79,0,0,4,-1,0
5047,15,32,1,0,0,79,0,0,4,-1,0
5048,15,32,1,0,0,79,0,0,4,-1,0
5049,15,32,1,0,0,79,0,0,4,-1,0
5050,15,32,1,0,0,79,0,0,4,-1,0
5051,15,32,1,0,0,79,0,0,4,-1,0
5052,15,32,1,0,0,79,0,0,4,-1,0
5053,15,32,1,0,0,79,0,0,4,-1,0
5054,15,32,1,0,0,79,0,0,4,-1,0
5055,15,32,1,0,0,79,0,0,4,-1,0
5056,15,32,1,0,0,79,0,0,4,-1,0
5057,15,32,1,0,0,79,0,0,4,-1,0
5058,15,32,1,0,0,79,0,0,4,-1,0
5059,15,32,1,0,0,79,0,0,4,-1,0
5060,15,32,1,0,0,79,0,0,4,-1,0
5061,15,32,1,0,0,79,0,0,4,-1,0
5062,15,32,1,0,0,79,0,0,4,-1,0
5063,15,32,1,0,0,79,0,0,4,-1,0
5064,15,32,1,0,0,79,0,0,4,-1,0
5065,15,32,1,0,0,79,0,0,4,-1,0
5066,15,32,1,0,0,79,0,0,4,-1,0
5067,15,32,1,0,0,79,0,0,4,-1,0
5068,15,32,1,0,0,79,0,0,4,-1,0
5069,15,32,1,0,0,79,0,0,4,-1,0
5070,15,32,1,0,0,79,0,0,4,-1,0
5071,15,32,1,0,0,79,0,0,4,-1,0
5072,15,32,1,0,0,79,0,0,4,-1,0
5073,15,32,1,0,0,79,0,0,4,-1,0
5074,15,32,1,0,0,79,0,0,4,-1,0
5075,15,32,1,0,0,79,0,0,4,-1,0
5076,15,32,1,0,0,79,0,0,4,-1,0
5077,15,32,1,0,0,79,0,0,4,-1,0
5078,15,32,1,0,0,79,0,0,4,-1,0
5079,15,32,1,0,0,79,0,0,4,-1,0
5080,15,32,1,0,0,79,0,0,4,-1,0
5081,15,32,1,0,0,79,0,0,4,-1,0
5082,15,32,1,0,0,79,0,0,4,-1,0
5083,15,32,1,0,0,79,0,0,4,-1,0
5084,15,32,1,0,0,79,0,0,4,-1,0
5085,15,32,1,0,0,79,0,0,4,-1,0
5086,15,32,1,0,0,79,0,0,4,-1,0
5087,15,32,1,0,0,79,0,0,4,-1,0
5088,15,32,1,0,0,79,0,0,4,-1,0
5089,15,32,1,0,0,79,0,0,4,-1,0
5090,15,32,1,0,0,79,0,0,4,-1,0
5091,15,32,1,0,0,79,0,0,4,-1,0
5092,15,32,1,0,0,79,0,0,4,-1,0
5093,15,32,1,0,0,79,0,0,4,-1,0
5094,15,32,1,0,0,79,0,0,4,-1,0
5095,15,32,1,0,0,79,0,0,4,-1,0
5096,15,32,1,0,0,79,0,0,4,-1,0
5097,15,32,1,0,0,79,0,0,4,-1,0
5098,15,32,1,0,0,79,0,0,4,-1,0
5099,15,32,1,0,0,79,0,0,4,-1,0
5100,15,32,1,0,0,79,0,0,4,-1,0
5101,15,32,1,0,0,79,0,0,4,-1,0
5102,15,32,1,0,0,79,0,0,4,-1,0
5103,15,32,1,0,0,79,0,0,4,-1,0
5104,15,32,1,0,0,79,0,0,4,-1,0
5105,15,32,1,0,0,79,0,0,4,-1,0
5106,15,32,1,0,0,79,0,0,4,-1,0
5107,15,32,1,0,0,79,0,0,4,-1,0
5108,15,32,1,0,0,79,0,0,4,-1,0
5109,15,32,1,0,0,79,0,0,4,-1,0
5110,15,32,1,0,0,79,0,0,4,-1,0
5111,15,32,1,0,0,79,0,0,4,-1,0
5112,15,32,1,0,0,79,0,0,4,-1,0
5113,15,32,1,0,0,79,0,0,4,-1,0
5114,15,32,1,0,0,79,0,0,4,-1,0
5115,15,32,1,0,0,79,0,0,4,-1,0
5116,15,32,1,0,0,79,0,0,4,-1,0
5117,15,32,1,0,0,79,0,0,4,-1,0
5118,15,32,1,0,0,79,0,0,4,-1,0
5119,15,32,1,0,0,79,0,0,4,-1,0
5120,15,32,1,0,0,79,0,0,4,-1,0
5121,15,32,1,0,0,79,0,0,4,-1,0
5122,15,32,1,0,0,79,0,0,4,-1,0
5123,15,32,1,0,0,79,0,0,4,-1,0
5124,15,32,1,0,0,79,0,0,4,-1,0
5125,15,32,1,0,0,79,0,0,4,-1,0
5126,15,32,1,0,0,79,0,0,4,-1,0
5127,15,32,1,0,0,79,0,0,4,-1,0
5128,15,32,1,0,0,79,0,0,4,-1,0
5129,15,32,1,0,0,79,0,0,4,-1,0
5130,15,32,1,0,0,79,0,0,4,-1,0
5131,15,32,1,0,0,79,0,0,4,-1,0
5132,15,32,1,0,0,79,0,0,4,-1,0
5133,15,32,1,0,0,79,0,0,4,-1,0
5134,15,32,1,0,0,79,0,0,4,-1,0
5135,15,32,1,0,0,79,0,0,4,-1,0
5136,15,32,1,0,0,79,0,0,4,-1,0
5137,15,32,1,0,0,79,0,0,4,-1,0
5138,15,32,1,0,0,79,0,0,4,-1,0
5139,15,32,1,0,0,79,0,0,4,-1,0
5140,15,32,1,0,0,79,0,0,4,-1,0
5141,15,32,1,0,0,79,0,0,4,-1,0
5142,15,32,1,0,0,79,0,0,4,-1,0
5143,15,32,1,0,0,79,0,0,4,-1,0
5144,15,32,1,0,0,79,0,0,4,-1,0
5145,15,32,1,0,0,79,0,0,4,-1,0
5146,15,32,1,0,0,79,0,0,4,-1,0
5147,15,32,1,0,0,79,0,0,4,-1,0
5148,15,32,1,0,0,79,0,0,4,-1,0
5149,15,32,1,0,0,79,0,0,4,-1,0
5150,15,32,1,0,0,79,0,0,4,-1,0
5151,15,32,1,0,0,79,0,0,4,-1,0
5152,15,32,1,0,0,79,0,0,4,-1,0
5153,15,32,1,0,0,79,0,0,4,-1,0
5154,15,32,1,0,0,79,0,0,4,-1,0
5155,15,32,1,0,0,79,0,0,4,-1,0
5156,15,32,1,0,0,79,0,0,4,-1,0
5157,15,32,1,0,0,79,0,0,4,-1,0
5158,15,32,1,0,0,79,0,0,4,-1,0
5159,15,32,1,0,0,79,0,0,4,-1,0
5160,15,32,1,0,0,79,0,0,4,-1,0
5161,15,32,1,0,0,79,0,0,4,-1,0
5162,15,32,1,0,0,79,0,0,4,-1,0
5163,15,32,1,0,0,79,0,0,4,-1,0
5164,15,32,1,0,0,79,0,0,4,-1,0
5165,15,32,1,0,0,79,0,0,4,-1,0
5166,15,32,1,0,0,79,0,0,4,-1,0
5167,15,32,1,0,0,79,0,0,4,-1,0
5168,15,32,1,0,0,79,0,0,4,-1,0
5169,15,32,1,0,0,79,0,0,4,-1,0
5170,15,32,1,0,0,79,0,0,4,-1,0
5171,15,32,1,0,0,79,0,0,4,-1,0
5172,15,32,1,0,0,79,0,0,4,-1,0
5173,15,32,1,0,0,79,0,0,4,-1,0
5174,15,32,1,0,0,79,0,0,4,-1,0
5175,15,32,1,0,0,79,0,0,4,-1,0
5176,15,32,1,0,0,79,0,0,4,-1,0
5177,15,32,1,0,0,79,0,0,4,-1,0
5178,15,32,1,0,0,79,0,0,4,-1,0
5179,15,32,1,0,0,79,0,0,4,-1,0
5180,15,32,1,0,0,79,0,0,4,-1,0
5181,15,32,1,0,0,79,0,0,4,-1,0
5182,15,32,1,0,0,79,0,0,4,-1,0
5183,15,32,1,0,0,79,0,0,4,-1,0
5184,15,32,1,0,0,79,0,0,4,-1,0
5185,15,32,1,0,0,79,0,0,4,-1,0
5186,15,32,1,0,0,79,0,0,4,-1,0
5187,15,32,1,0,0,79,0,0,4,-1,0
5188,15,32,1,0,0,79,0,0,4,-1,0
5189,15,32,1,0,0,79,0,0,4,-1,0
5190,15,32,1,0,0,79,0,0,4,-1,0
5191,15,32,1,0,0,79,0,0,4,-1,0
5192,15,32,1,0,0,79,0,0,4,-1,0
5193,15,32,1,0,0,79,0,0,4,-1,0
5194,15,32,1,0,0,79,0,0,4,-1,0
5195,15,32,1,0,0,79,0,0,4,-1,0
5196,15,32,1,0,0,79,0,0,4,-1,0
5197,15,32,1,0,0,79,0,0,4,-1,0
5198,15,32,1,0,0,79,0,0,4,-1,0
5199,15,32,1,0,0,79,0,0,4,-1,0
5200,15,32,1,0,0,79,0,0,4,-1,0
5201,15,32,1,0,0,79,0,0,4,-1,0
5202,15,32,1,0,0,79,0,0,4,-1,0
5203,15,32,1,0,0,79,0,0,4,-1,0
5204,15,32,1,0,0,79,0,0,4,-1,0
5205,15,32,1,0,0,79,0,0,4,-1,0
5206,15,32,1,0,0,79,0,0,4,-1,0
5207,15,32,1,0,0,79,0,0,4,-1,0
5208,15,32,1,0,0,79,0,0,4,-1,0
5209,15,32,1,0,0,79,0,0,4,-1,0
5210,15,32,1,0,0,79,0,0,4,-1,0
5211,15,32,1,0,0,79,0,0,4,-1,0
5212,15,32,1,0,0,79,0,0,4,-1,0
5213,15,32,1,0,0,79,0,0,4,-1,0
5214,15,32,1,0,0,79,0,0,4,-1,0
5215,15,32,1,0,0,79,0,0,4,-1,0
5216,15,32,1,0,0,79,0,0,4,-1,0
5217,15,32,1,0,0,79,0,0,4,-1,0
5218,15,32,1,0,0,79,0,0,4,-1,0
5219,15,32,1,0,0,79,0,0,4,-1,0
5220,16,32,1,0,0,88,0,0,4,-1,0
5221,16,32,1,0,0,88,0,0,4,-1,0
5222,16,32,1,0,0,88,0,0,4,-1,0
5223,16,32,1,0,0,88,0,0,4,-1,0
5224,16,32,1,0,0,88,0,0,4,-1,0
5225,16,32,1,0,0,88,0,0,4,-1,0
5226,16,32,1,0,0,88,0,0,4,-1,0
5227,16,32,1,0,0,88,0,0,4,-1,0
5228,16,32,1,0,0,88,0,0,4,-1,0
5229,16,32,1,0,0,88,0,0,4,-1,0
5230,16,32,1,0,0,88,0,0,4,-1,0
5231,16,32,1,0,0,88,0,0,4,-1,0
5232,16,32,1,0,0,88,0,0,4,-1,0
5233,16,32,1,0,0,88,0,0,4,-1,0
5234,16,32,1,0,0,88,0,0,4,-1,0
5235,16,32,1,0,0,88,0,0,4,-1,0
5236,16,32,1,0,0,88,0,0,4,-1,0
5237,16,32,1,0,0,88,0,0,4,-1,0
5238,16,32,1,0,0,88,0,0,4,-1,0
5239,16,32,1,0,0,88,0,0,4,-1,0
5240,16,32,1,0,0,88,0,0,4,-1,0
5241,16,32,1,0,0,88,0,0,4,-1,0
5242,16,32,1,0,0,88,0,0,4,-1,0
5243,16,32,1,0,0,88,0,0,4,-1,0
5244,16,32,1,0,0,88,0,0,4,-1,0
5245,16,32,1,0,0,88,0,0,4,-1,0
5246,16,32,1,0,0,88,0,0,4,-1,0
5247,16,32,1,0,0,88,0,0,4,-1,0
5248,16,32,1,0,0,88,0,0,4,-1,0
5249,16,32,1,0,0,88,0,0,4,-1,0
5250,16,32,1,0,0,88,0,0,4,-1,0
5251,16,32,1,0,0,88,0,0,4,-1,0
5252,16,32,1,0,0,88,0,0,4,-1,0
5253,16,32,1,0,0,88,0,0,4,-1,0
5254,16,32,1,0,0,88,0,0,4,-1,0
5255,16,32,1,0,0,88,0,0,4,-1,0
5256,16,32,1,0,0,88,0,0,4,-1,0
5257,16,32,1,0,0,88,0,0,4,-1,0
5258,16,32,1,0,0,88,0,0,4,-1,0
5259,16,32,1,0,0,88,0,0,4,-1,0
5260,16,32,1,0,0,88,0,0,4,-1,0
5261,16,32,1,0,0,88,0,0,4,-1,0
5262,16,32,1,0,0,88,0,0,4,-1,0
5263,16,32,1,0,0,88,0,0,4,-1,0
5264,16,32,1,0,0,88,0,0,4,-1,0
5265,16,32,1,0,0,88,0,0,4,-1,0
5266,16,32,1,0,0,88,0,0,4,-1,0
5267,16,32,1,0,0,88,0,0,4,-1,0
5268,16,32,1,0,0,88,0,0,4,-1,0
5269,16,32,1,0,0,88,0,0,4,-1,0
5270,16,32,1,0,0,88,0,0,4,-1,0
5271,16,32,1,0,0,88,0,0,4,-1,0
5272,16,32,1,0,0,88,0,0,4,-1,0
5273,16,32,1,0,0,88,0,0,4,-1,0
5274,16,32,1,0,0,88,0,0,4,-1,0
5275,16,32,1,0,0,88,0,0,4,-1,0
5276,16,32,1,0,0,88,0,0,4,-1,0
5277,16,32,1,0,0,88,0,0,4,-1,0
5278,16,32,1,0,0,88,0,0,4,-1,0
5279,16,32,1,0,0,88,0,0,4,-1,0
5280,16,32,1,0,0,88,0,0,4,-1,0
5281,16,32,1,0,0,88,0,0,4,-1,0
5282,16,32,1,0,0,88,0,0,4,-1,0
5283,16,32,1,0,0,88,0,0,4,-1,0
5284,16,32,1,0,0,88,0,0,4,-1,0
5285,16,32,1,0,0,88,0,0,4,-1,0
5286,16,32,1,0,0,88,0,0,4,-1,0
5287,16,32,1,0,0,88,0,0,4,-1,0
5288,16,32,1,0,0,88,0,0,4,-1,0
5289,16,32,1,0,0,88,0,0,4,-1,0
5290,16,32,1,0,0,88,0,0,4,-1,0
5291,16,32,1,0,0,88,0,0,4,-1,0
5292,16,32,1,0,0,88,0,0,4,-1,0
5293,16,32,1,0,0,88,0,0,4,-1,0
5294,16,32,1,0,0,88,0,0,4,-1,0
5295,16,32,1,0,0,88,0,0,4,-1,0
5296,16,32,1,0,0,88,0,0,4,-1,0
5297,16,32,1,0,0,88,0,0,4,-1,0
5298,16,32,1,0,0,88,0,0,4,-1,0
5299,16,32,1,0,0,88,0,0,4,-1,0
5300,16,32,1,0,0,88,0,0,4,-1,0
5301,16,32,1,0,0,88,0,0,4,-1,0
5302,16,32,1,0,0,88,0,0,4,-1,0
5303,16,32,1,0,0,88,0,0,4,-1,0
5304,16,32,1,0,0,88,0,0,4,-1,0
5305,16,32,1,0,0,88,0,0,4,-1,0
5306,16,32,1,0,0,88,0,0,4,-1,0
5307,16,32,1,0,0,88,0,0,4,-1,0
5308,16,32,1,0,0,88,0,0,4,-1,0
5309,16,32,1,0,0,88,0,0,4,-1,0
5310,16,32,1,0,0,88,0,0,4,-1,0
5311,16,32,1,0,0,88,0,0,4,-1,0
5312,16,32,1,0,0,88,0,0,4,-1,0
5313,16,32,1,0,0,88,0,0,4,-1,0
5314,16,32,1,0,0,88,0,0,4,-1,0
5315,16,32,1,0,0,88,0,0,4,-1,0
5316,16,32,1,0,0,88,0,0,4,-1,0
5317,16,32,1,0,0,88,0,0,4,-1,0
5318,16,32,1,0,0,88,0,0,4,-1,0
5319,16,32,1,0,0,88,0,0,4,-1,0
5320,16,32,1,0,0,88,0,0,4,-1,0
5321,16,32,1,0,0,88,0,0,4,-1,0
5322,16,32,1,0,0,88,0,0,4,-1,0
5323,16,32,1,0,0,88,0,0,4,-1,0
5324,16,32,1,0,0,88,0,0,4,-1,0
5325,16,32,1,0,0,88,0,0,4,-1,0
5326,16,32,1,0,0,88,0,0,4,-1,0
5327,16,32,1,0,0,88,0,0,4,-1,0
5328,16,32,1,0,0,88,0,0,4,-1,0
5329,16,32,1,0,0,88,0,0,4,-1,0
5330,16,32,1,0,0,88,0,0,4,-1,0
5331,16,32,1,0,0,88,0,0,4,-1,0
5332,16,32,1,0,0,88,0,0,4,-1,0
5333,16,32,1,0,0,88,0,0,4,-1,0
5334,16,32,1,0,0,88,0,0,4,-1,0
5335,16,32,1,0,0,88,0,0,4,-1,0
5336,16,32,1,0,0,88,0,0,4,-1,0
5337,16,32,1,0,0,88,0,0,4,-1,0
5338,16,32,1,0,0,88,0,0,4,-1,0
5339,16,32,1,0,0,88,0,0,4,-1,0
5340,16,32,1,0,0,88,0,0,4,-1,0
5341,16,32,1,0,0,88,0,0,4,-1,0
5342,16,32,1,0,0,88,0,0,4,-1,0
5343,16,32,1,0,0,88,0,0,4,-1,0
5344,16,32,1,0,0,88,0,0,4,-1,0
5345,16,32,1,0,0,88,0,0,4,-1,0
5346,16,32,1,0,0,88,0,0,4,-1,0
5347,16,32,1,0,0,88,0,0,4,-1,0
5348,16,32,1,0,0,88,0,0,4,-1,0
5349,16,32,1,0,0,88,0,0,4,-1,0
5350,16,32,1,0,0,88,0,0,4,-1,0
5351,16,32,1,0,0,88,0,0,4,-1,0
5352,16,32,1,0,0,88,0,0,4,-1,0
5353,16,32,1,0,0,88,0,0,4,-1,0
5354,16,32,1,0,0,88,0,0,4,-1,0
5355,16,32,1,0,0,88,0,0,4,-1,0
5356,16,32,1,0,0,88,0,0,4,-1,0
5357,16,32,1,0,0,88,0,0,4,-1,0
5358,16,32,1,0,0,88,0,0,4,-1,0
5359,16,32,1,0,0,88,0,0,4,-1,0
5360,16,32,1,0,0,88,0,0,4,-1,0
5361,16,32,1,0,0,88,0,0,4,-1,0
5362,16,32,1,0,0,88,0,0,4,-1,0
5363,16,32,1,0,0,88,0,0,4,-1,0
5364,16,32,1,0,0,88,0,0,4,-1,0
5365,16,32,1,0,0,88,0,0,4,-1,0
5366,16,32,1,0,0,88,0,0,4,-1,0
5367,16,32,1,0,0,88,0,0,4,-1,0
5368,16,32,1,0,0,88,0,0,4,-1,0
5369,16,32,1,0,0,88,0,0,4,-1,0
5370,16,32,1,0,0,88,0,0,4,-1,0
5371,16,32,1,0,0,88,0,0,4,-1,0
5372,16,32,1,0,0,88,0,0,4,-1,0
5373,16,32,1,0,0,88,0,0,4,-1,0
5374,16,32,1,0,0,88,0,0,4,-1,0
5375,16,32,1,0,0,88,0,0,4,-1,0
5376,16,32,1,0,0,88,0,0,4,-1,0
5377,16,32,1,0,0,88,0,0,4,-1,0
5378,16,32,1,0,0,88,0,0,4,-1,0
5379,16,32,1,0,0,88,0,0,4,-1,0
5380,16,32,1,0,0,88,0,0,4,-1,0
5381,16,32,1,0,0,88,0,0,4,-1,0
5382,16,32,1,0,0,88,0,0,4,-1,0
5383,16,32,1,0,0,88,0,0,4,-1,0
5384,16,32,1,0,0,88,0,0,4,-1,0
5385,16,32,1,0,0,88,0,0,4,-1,0
5386,16,32,1,0,0,88,0,0,4,-1,0
5387,16,32,1,0,0,88,0,0,4,-1,0
5388,16,32,1,0,0,88,0,0,4,-1,0
5389,16,32,1,0,0,88,0,0,4,-1,0
5390,16,32,1,0,0,88,0,0,4,-1,0
5391,16,32,1,0,0,88,0,0,4,-1,0
5392,16,32,1,0,0,88,0,0,4,-1,0
5393,16,32,1,0,0,88,0,0,4,-1,0
5394,16,32,1,0,0,88,0,0,4,-1,0
5395,16,32,1,0,0,88,0,0,4,-1,0
5396,16,32,1,0,0,88,0,0,4,-1,0
5397,16,32,1,0,0,88,0,0,4,-1,0
5398,16,32,1,0,0,88,0,0,4,-1,0
5399,16,32,1,0,0,88,0,0,4,-1,0
5400,16,32,1,0,0,88,0,0,4,-1,0
5401,16,32,1,0,0,88,0,0,4,-1,0
5402,16,32,1,0,0,88,0,0,4,-1,0
5403,16,32,1,0,0,88,0,0,4,-1,0
5404,16,32,1,0,0,88,0,0,4,-1,0
5405,16,32,1,0,0,88,0,0,4,-1,0
5406,16,32,1,0,0,88,0,0,4,-1,0
5407,16,32,1,0,0,88,0,0,4,-1,0
5408,16,32,1,0,0,88,0,0,4,-1,0
5409,16,32,1,0,0,88,0,0,4,-1,0
5410,16,32,1,0,0,88,0,0,4,-1,0
5411,16,32,1,0,0,88,0,0,4,-1,0
5412,16,32,1,0,0,88,0,0,4,-1,0
5413,16,32,1,0,0,88,0,0,4,-1,0
5414,16,32,1,0,0,88,0,0,4,-1,0
5415,16,32,1,0,0,88,0,0,4,-1,0
5416,16,32,1,0,0,88,0,0,4,-1,0
5417,16,32,1,0,0,88,0,0,4,-1,0
5418,16,32,1,0,0,88,0,0,4,-1,0
5419,16,32,1,0,0,88,0,0,4,-1,0
5420,16,32,1,0,0,88,0,0,4,-1,0
5421,16,32,1,0,0,88,0,0,4,-1,0
5422,16,32,1,0,0,88,0,0,4,-1,0
5423,16,32,1,0,0,88,0,0,4,-1,0
5424,16,32,1,0,0,88,0,0,4,-1,0
5425,16,32,1,0,0,88,0,0,4,-1,0
5426,16,32,1,0,0,88,0,0,4,-1,0
5427,16,32,1,0,0,88,0,0,4,-1,0
5428,16,32,1,0,0,88,0,0,4,-1,0
5429,16,32,1,0,0,88,0,0,4,-1,0
5430,16,32,1,0,0,88,0,0,4,-1,0
5431,16,32,1,0,0,88,0,0,4,-1,0
5432,16,32,1,0,0,88,0,0,4,-1,0
5433,16,32,1,0,0,88,0,0,4,-1,0
5434,16,32,1,0,0,88,0,0,4,-1,0
5435,16,32,1,0,0,88,0,0,4,-1,0
5436,16,32,1,0,0,88,0,0,4,-1,0
5437,16,32,1,0,0,88,0,0,4,-1,0
5438,16,32,1,0,0,88,0,0,4,-1,0
5439,16,32,1,0,0,88,0,0,4,-1,0
5440,16,32,1,0,0,88,0,0,4,-1,0
5441,16,32,1,0,0,88,0,0,4,-1,0
5442,16,32,1,0,0,88,0,0,4,-1,0
5443,16,32,1,0,0,88,0,0,4,-1,0
5444,16,32,1,0,0,88,0,0,4,-1,0
5445,16,32,1,0,0,88,0,0,4,-1,0
5446,16,32,1,0,0,88,0,0,4,-1,0
5447,16,32,1,0,0,88,0,0,4,-1,0
5448,16,32,1,0,0,88,0,0,4,-1,0
5449,16,32,1,0,0,88,0,0,4,-1,0
5450,16,32,1,0,0,88,0,0,4,-1,0
5451,16,32,1,0,0,88,0,0,4,-1,0
5452,16,32,1,0,0,88,0,0,4,-1,0
5453,16,32,1,0,0,88,0,0,4,-1,0
5454,16,32,1,0,0,88,0,0,4,-1,0
5455,16,32,1,0,0,88,0,0,4,-1,0
5456,16,32,1,0,0,88,0,0,4,-1,0
5457,16,32,1,0,0,88,0,0,4,-1,0
5458,16,32,1,0,0,88,0,0,4,-1,0
5459,16,32,1,0,0,88,0,0,4,-1,0
5460,16,32,1,0,0,88,0,0,4,-1,0
5461,16,32,1,0,0,88,0,0,4,-1,0
5462,16,32,1,0,0,88,0,0,4,-1,0
5463,16,32,1,0,0,88,0,0,4,-1,0
5464,16,32,1,0,0,88,0,0,4,-1,0
5465,16,32,1,0,0,88,0,0,4,-1,0
5466,16,32,1,0,0,88,0,0,4,-1,0
5467,16,32,1,0,0,88,0,0,4,-1,0
5468,16,32,1,0,0,88,0,0,4,-1,0
5469,16,32,1,0,0,88,0,0,4,-1,0
5470,16,32,1,0,0,88,0,0,4,-1,0
5471,16,32,1,0,0,88,0,0,4,-1,0
5472,16,32,1,0,0,88,0,0,4,-1,0
5473,16,32,1,0,0,88,0,0,4,-1,0
5474,16,32,1,0,0,88,0,0,4,-1,0
5475,16,32,1,0,0,88,0,0,4,-1,0
5476,16,32,1,0,0,88,0,0,4,-1,0
5477,16,32,1,0,0,88,0,0,4,-1,0
5478,16,32,1,0,0,88,0,0,4,-1,0
5479,16,32,1,0,0,88,0,0,4,-1,0
5480,16,32,1,0,0,88,0,0,4,-1,0
5481,16,32,1,0,0,88,0,0,4,-1,0
5482,16,32,1,0,0,88,0,0,4,-1,0
5483,16,32,1,0,0,88,0,0,4,-1,0
5484,16,32,1,0,0,88,0,0,4,-1,0
5485,16,32,1,0,0,88,0,0,4,-1,0
5486,16,32,1,0,0,88,0,0,4,-1,0
5487,16,32,1,0,0,88,0,0,4,-1,0
5488,16,32,1,0,0,88,0,0,4,-1,0
5489,16,32,1,0,0,88,0,0,4,-1,0
5490,16,32,1,0,0,88,0,0,4,-1,0
5491,16,32,1,0,0,88,0,0,4,-1,0
5492,16,32,1,0,0,88,0,0,4,-1,0
5493,16,32,1,0,0,88,0,0,4,-1,0
5494,16,32,1,0,0,88,0,0,4,-1,0
5495,16,32,1,0,0,88,0,0,4,-1,0
5496,16,32,1,0,0,88,0,0,4,-1,0
5497,16,32,1,0,0,88,0,0,4,-1,0
5498,16,32,1,0,0,88,0,0,4,-1,0
5499,16,32,1,0,0,88,0,0,4,-1,0
5500,16,32,1,0,0,88,0,0,4,-1,0
5501,16,32,1,0,0,88,0,0,4,-1,0
5502,16,32,1,0,0,88,0,0,4,-1,0
5503,16,32,1,0,0,88,0,0,4,-1,0
5504,16,32,1,0,0,88,0,0,4,-1,0
5505,16,32,1,0,0,88,0,0,4,-1,0
5506,16,32,1,0,0,88,0,0,4,-1,0
5507,16,32,1,0,0,88,0,0,4,-1,0
5508,16,32,1,0,0,88,0,0,4,-1,0
5509,16,32,1,0,0,88,0,0,4,-1,0
5510,16,32,1,0,0,88,0,0,4,-1,0
5511,16,32,1,0,0,88,0,0,4,-1,0
5512,16,32,1,0,0,88,0,0,4,-1,0
5513,16,32,1,0,0,88,0,0,4,-1,0
5514,16,32,1,0,0,88,0,0,4,-1,0
5515,16,32,1,0,0,88,0,0,4,-1,0
5516,16,32,1,0,0,88,0,0,4,-1,0
5517,16,32,1,0,0,88,0,0,4,-1,0
5518,16,32,1,0,0,88,0,0,4,-1,0
5519,16,32,1,0,0,88,0,0,4,-1,0
5520,16,32,1,0,0,88,0,0,4,-1,0
5521,16,32,1,0,0,88,0,0,4,-1,0
5522,16,32,1,0,0,88,0,0,4,-1,0
5523,16,32,1,0,0,88,0,0,4,-1,0
5524,16,32,1,0,0,88,0,0,4,-1,0
5525,16,32,1,0,0,88,0,0,4,-1,0
5526,16,32,1,0,0,88,0,0,4,-1,0
5527,16,32,1,0,0,88,0,0,4,-1,0
5528,16,32,1,0,0,88,0,0,4,-1,0
5529,16,32,1,0,0,88,0,0,4,-1,0
5530,16,32,1,0,0,88,0,0,4,-1,0
5531,16,32,1,0,0,88,0,0,4,-1,0
5532,16,32,1,0,0,88,0,0,4,-1,0
5533,16,32,1,0,0,88,0,0,4,-1,0
5534,16,32,1,0,0,88,0,0,4,-1,0
5535,16,32,1,0,0,88,0,0,4,-1,0
5536,16,32,1,0,0,88,0,0,4,-1,0
5537,16,32,1,0,0,88,0,0,4,-1,0
5538,16,32,1,0,0,88,0,0,4,-1,0
5539,16,32,1,0,0,88,0,0,4,-1,0
5540,16,32,1,0,0,88,0,0,4,-1,0
5541,16,32,1,0,0,88,0,0,4,-1,0
5542,16,32,1,0,0,88,0,0,4,-1,0
5543,16,32,1,0,0,88,0,0,4,-1,0
5544,16,32,1,0,0,88,0,0,4,-1,0
5545,16,32,1,0,0,88,0,0,4,-1,0
5546,16,32,1,0,0,88,0,0,4,-1,0
5547,16,32,1,0,0,88,0,0,4,-1,0
5548,16,32,1,0,0,88,0,0,4,-1,0
5549,16,32,1,0,0,88,0,0,4,-1,0
5550,16,32,1,0,0,88,0,0,4,-1,0
5551,16,32,1,0,0,88,0,0,4,-1,0
5552,16,32,1,0,0,88,0,0,4,-1,0
5553,16,32,1,0,0,88,0,0,4,-1,0
5554,16,32,1,0,0,88,0,0,4,-1,0
5555,16,32,1,0,0,88,0,0,4,-1,0
5556,16,32,1,0,0,88,0,0,4,-1,0
5557,16,32,1,0,0,88,0,0,4,-1,0
5558,16,32,1,0,0,88,0,0,4,-1,0
5559,16,32,1,0,0,88,0,0,4,-1,0
5560,16,32,1,0,0,88,0,0,4,-1,0
5561,16,32,1,0,0,88,0,0,4,-1,0
5562,16,32,1,0,0,88,0,0,4,-1,0
5563,16,32,1,0,0,88,0,0,4,-1,0
5564,16,32,1,0,0,88,0,0,4,-1,0
5565,16,32,1,0,0,88,0,0,4,-1,0
5566,16,32,1,0,0,88,0,0,4,-1,0
5567,16,32,1,0,0,88,0,0,4,-1,0
5568,16,32,1,0,0,88,0,0,4,-1,0
5569,16,32,1,0,0,88,0,0,4,-1,0
5570,16,32,1,0,0,88,0,0,4,-1,0
5571,16,32,1,0,0,88,0,0,4,-1,0
5572,16,32,1,0,0,88,0,0,4,-1,0
5573,16,32,1,0,0,88,0,0,4,-1,0
5574,16,32,1,0,0,88,0,0,4,-1,0
5575,16,32,1,0,0,88,0,0,4,-1,0
5576,16,32,1,0,0,88,0,0,4,-1,0
5577,16,32,1,0,0,88,0,0,4,-1,0
5578,16,32,1,0,0,88,0,0,4,-1,0
5579,16,32,1,0,0,88,0,0,4,-1,0
5580,16,32,1,0,0,88,0,0,4,-1,0
5581,16,32,1,0,0,88,0,0,4,-1,0
5582,16,32,1,0,0,88,0,0,4,-1,0
5583,16,32,1,0,0,88,0,0,4,-1,0
5584,16,32,1,0,0,88,0,0,4,-1,0
5585,16,32,1,0,0,88,0,0,4,-1,0
5586,16,32,1,0,0,88,0,0,4,-1,0
5587,16,32,1,0,0,88,0,0,4,-1,0
5588,16,32,1,0,0,88,0,0,4,-1,0
5589,16,32,1,0,0,88,0,0,4,-1,0
5590,16,32,1,0,0,88,0,0,4,-1,0
5591,16,32,1,0,0,88,0,0,4,-1,0
5592,16,32,1,0,0,88,0,0,4,-1,0
5593,16,32,1,0,0,88,0,0,4,-1,0
5594,16,32,1,0,0,88,0,0,4,-1,0
5595,16,32,1,0,0,88,0,0,4,-1,0
5596,16,32,1,0,0,88,0,0,4,-1,0
5597,16,32,1,0,0,88,0,0,4,-1,0
5598,16,32,1,0,0,88,0,0,4,-1,0
5599,16,32,1,0,0,88,0,0,4,-1,0
5600,16,32,1,0,0,88,0,0,4,-1,0
5601,16,32,1,0,0,88,0,0,4,-1,0
5602,16,32,1,0,0,88,0,0,4,-1,0
5603,16,32,1,0,0,88,0,0,4,-1,0
5604,16,32,1,0,0,88,0,0,4,-1,0
5605,16,32,1,0,0,88,0,0,4,-1,0
5606,16,32,1,0,0,88,0,0,4,-1,0
5607,16,32,1,0,0,88,0,0,4,-1,0
5608,16,32,1,0,0,88,0,0,4,-1,0
5609,16,32,1,0,0,88,0,0,4,-1,0
5610,16,32,1,0,0,88,0,0,4,-1,0
5611,16,32,1,0,0,88,0,0,4,-1,0
5612,16,32,1,0,0,88,0,0,4,-1,0
5613,16,32,1,0,0,88,0,0,4,-1,0
5614,16,32,1,0,0,88,0,0,4,-1,0
5615,16,32,1,0,0,88,0,0,4,-1,0
5616,16,32,1,0,0,88,0,0,4,-1,0
5617,16,32,1,0,0,88,0,0,4,-1,0
5618,16,32,1,0,0,88,0,0,4,-1,0
5619,16,32,1,0,0,88,0,0,4,-1,0
5620,16,32,1,0,0,88,0,0,4,-1,0
5621,16,32,1,0,0,88,0,0,4,-1,0
5622,16,32,1,0,0,88,0,0,4,-1,0
5623,16,32,1,0,0,88,0,0,4,-1,0
5624,16,32,1,0,0,88,0,0,4,-1,0
5625,16,32,1,0,0,88,0,0,4,-1,0
5626,16,32,1,0,0,88,0,0,4,-1,0
5627,16,32,1,0,0,88,0,0,4,-1,0
5628,16,32,1,0,0,88,0,0,4,-1,0
5629,16,32,1,0,0,88,0,0,4,-1,0
5630,16,32,1,0,0,88,0,0,4,-1,0
5631,16,32,1,0,0,88,0,0,4,-1,0
5632,16,32,1,0,0,88,0,0,4,-1,0
5633,16,32,1,0,0,88,0,0,4,-1,0
5634,16,32,1,0,0,88,0,0,4,-1,0
5635,16,32,1,0,0,88,0,0,4,-1,0
5636,16,32,1,0,0,88,0,0,4,-1,0
5637,16,32,1,0,0,88,0,0,4,-1,0
5638,16,32,1,0,0,88,0,0,4,-1,0
5639,16,32,1,0,0,88,0,0,4,-1,0
5640,16,32,1,0,0,88,0,0,4,-1,0
5641,16,32,1,0,0,88,0,0,4,-1,0
5642,16,32,1,0,0,88,0,0,4,-1,0
5643,16,32,1,0,0,88,0,0,4,-1,0
5644,16,32,1,0,0,88,0,0,4,-1,0
5645,16,32,1,0,0,88,0,0,4,-1,0
5646,16,32,1,0,0,88,0,0,4,-1,0
5647,16,32,1,0,0,88,0,0,4,-1,0
5648,16,32,1,0,0,88,0,0,4,-1,0
5649,16,32,1,0,0,88,0,0,4,-1,0
5650,16,32,1,0,0,88,0,0,4,-1,0
5651,16,32,1,0,0,88,0,0,4,-1,0
5652,16,32,1,0,0,88,0,0,4,-1,0
5653,16,32,1,0,0,88,0,0,4,-1,0
5654,16,32,1,0,0,88,0,0,4,-1,0
5655,16,32,1,0,0,88,0,0,4,-1,0
5656,16,32,1,0,0,88,0,0,4,-1,0
5657,16,32,1,0,0,88,0,0,4,-1,0
5658,16,32,1,0,0,88,0,0,4,-1,0
5659,16,32,1,0,0,88,0,0,4,-1,0
5660,16,32,1,0,0,88,0,0,4,-1,0
5661,16,32,1,0,0,88,0,0,4,-1,0
5662,16,32,1,0,0,88,0,0,4,-1,0
5663,16,32,1,0,0,88,0,0,4,-1,0
5664,16,32,1,0,0,88,0,0,4,-1,0
5665,16,32,1,0,0,88,0,0,4,-1,0
5666,16,32,1,0,0,88,0,0,4,-1,0
5667,16,32,1,0,0,88,0,0,4,-1,0
5668,16,32,1,0,0,88,0,0,4,-1,0
5669,16,32,1,0,0,88,0,0,4,-1,0
5670,16,32,1,0,0,88,0,0,4,-1,0
5671,16,32,1,0,0,88,0,0,4,-1,0
5672,16,32,1,0,0,88,0,0,4,-1,0
5673,16,32,1,0,0,88,0,0,4,-1,0
5674,16,32,1,0,0,88,0,0,4,-1,0
5675,16,32,1,0,0,88,0,0,4,-1,0
5676,16,32,1,0,0,88,0,0,4,-1,0
5677,16,32,1,0,0,88,0,0,4,-1,0
5678,16,32,1,0,0,88,0,0,4,-1,0
5679,16,32,1,0,0,88,0,0,4,-1,0
5680,16,32,1,0,0,88,0,0,4,-1,0
5681,16,32,1,0,0,88,0,0,4,-1,0
5682,16,32,1,0,0,88,0,0,4,-1,0
5683,16,32,1,0,0,88,0,0,4,-1,0
5684,16,32,1,0,0,88,0,0,4,-1,0
5685,16,32,1,0,0,88,0,0,4,-1,0
5686,16,32,1,0,0,88,0,0,4,-1,0
5687,16,32,1,0,0,88,0,0,4,-1,0
5688,16,32,1,0,0,88,0,0,4,-1,0
5689,16,32,1,0,0,88,0,0,4,-1,0
5690,16,32,1,0,0,88,0,0,4,-1,0
5691,16,32,1,0,0,88,0,0,4,-1,0
5692,16,32,1,0,0,88,0,0,4,-1,0
5693,16,32,1,0,0,88,0,0,4,-1,0
5694,16,32,1,0,0,88,0,0,4,-1,0
5695,16,32,1,0,0,88,0,0,4,-1,0
5696,16,32,1,0,0,88,0,0,4,-1,0
5697,16,32,1,0,0,88,0,0,4,-1,0
5698,16,32,1,0,0,88,0,0,4,-1,0
5699,16,32,1,0,0,88,0,0,4,-1,0
5700,16,32,1,0,0,88,0,0,4,-1,0
5701,16,32,1,0,0,88,0,0,4,-1,0
5702,16,32,1,0,0,88,0,0,4,-1,0
5703,16,32,1,0,0,88,0,0,4,-1,0
5704,16,32,1,0,0,88,0,0,4,-1,0
5705,16,32,1,0,0,88,0,0,4,-1,0
5706,16,32,1,0,0,88,0,0,4,-1,0
5707,16,32,1,0,0,88,0,0,4,-1,0
5708,16,32,1,0,0,88,0,0,4,-1,0
5709,16,32,1,0,0,88,0,0,4,-1,0
5710,16,32,1,0,0,88,0,0,4,-1,0
5711,16,32,1,0,0,88,0,0,4,-1,0
5712,16,32,1,0,0,88,0,0,4,-1,0
5713,16,32,1,0,0,88,0,0,4,-1,0
5714,16,32,1,0,0,88,0,0,4,-1,0
5715,16,32,1,0,0,88,0,0,4,-1,0
5716,16,32,1,0,0,88,0,0,4,-1,0
5717,16,32,1,0,0,88,0,0,4,-1,0
5718,16,32,1,0,0,88,0,0,4,-1,0
5719,16,32,1,0,0,88,0,0,4,-1,0
5720,16,32,1,0,0,88,0,0,4,-1,0
5721,16,32,1,0,0,88,0,0,4,-1,0
5722,16,32,1,0,0,88,0,0,4,-1,0
5723,16,32,1,0,0,88,0,0,4,-1,0
5724,16,32,1,0,0,88,0,0,4,-1,0
5725,16,32,1,0,0,88,0,0,4,-1,0
5726,16,32,1,0,0,88,0,0,4,-1,0
5727,16,32,1,0,0,88,0,0,4,-1,0
5728,16,32,1,0,0,88,0,0,4,-1,0
5729,16,32,1,0,0,88,0,0,4,-1,0
5730,16,32,1,0,0,88,0,0,4,-1,0
5731,16,32,1,0,0,88,0,0,4,-1,0
5732,16,32,1,0,0,88,0,0,4,-1,0
5733,16,32,1,0,0,88,0,0,4,-1,0
5734,16,32,1,0,0,88,0,0,4,-1,0
5735,16,32,1,0,0,88,0,0,4,-1,0
5736,16,32,1,0,0,88,0,0,4,-1,0
5737,16,32,1,0,0,88,0,0,4,-1,0
5738,16,32,1,0,0,88,0,0,4,-1,0
5739,16,32,1,0,0,88,0,0,4,-1,0
5740,16,32,1,0,0,88,0,0,4,-1,0
5741,16,32,1,0,0,88,0,0,4,-1,0
5742,16,32,1,0,0,88,0,0,4,-1,0
5743,16,32,1,0,0,88,0,0,4,-1,0
5744,16,32,1,0,0,88,0,0,4,-1,0
5745,16,32,1,0,0,88,0,0,4,-1,0
5746,16,32,1,0,0,88,0,0,4,-1,0
5747,16,32,1,0,0,88,0,0,4,-1,0
5748,16,32,1,0,0,88,0,0,4,-1,0
5749,16,32,1,0,0,88,0,0,4,-1,0
5750,16,32,1,0,0,88,0,0,4,-1,0
5751,16,32,1,0,0,88,0,0,4,-1,0
5752,16,32,1,0,0,88,0,0,4,-1,0
5753,16,32,1,0,0,88,0,0,4,-1,0
5754,16,32,1,0,0,88,0,0,4,-1,0
5755,16,32,1,0,0,88,0,0,4,-1,0
5756,16,32,1,0,0,88,0,0,4,-1,0
5757,16,32,1,0,0,88,0,0,4,-1,0
5758,16,32,1,0,0,88,0,0,4,-1,0
5759,16,32,1,0,0,88,0,0,4,-1,0
5760,16,32,1,0,0,88,0,0,4,-1,0
5761,16,32,1,0,0,88,0,0,4,-1,0
5762,16,32,1,0,0,88,0,0,4,-1,0
5763,16,32,1,0,0,88,0,0,4,-1,0
5764,16,32,1,0,0,88,0,0,4,-1,0
5765,16,32,1,0,0,88,0,0,4,-1,0
5766,16,32,1,0,0,88,0,0,4,-1,0
5767,16,32,1,0,0,88,0,0,4,-1,0
5768,16,32,1,0,0,88,0,0,4,-1,0
5769,16,32,1,0,0,88,0,0,4,-1,0
5770,16,32,1,0,0,88,0,0,4,-1,0
5771,16,32,1,0,0,88,0,0,4,-1,0
5772,16,32,1,0,0,88,0,0,4,-1,0
5773,16,32,1,0,0,88,0,0,4,-1,0
5774,16,32,1,0,0,88,0,0,4,-1,0
5775,16,32,1,0,0,88,0,0,4,-1,0
5776,16,32,1,0,0,88,0,0,4,-1,0
5777,16,32,1,0,0,88,0,0,4,-1,0
5778,16,32,1,0,0,88,0,0,4,-1,0
5779,16,32,1,0,0,88,0,0,4,-1,0
5780,16,32,1,0,0,88,0,0,4,-1,0
5781,16,32,1,0,0,88,0,0,4,-1,0
5782,16,32,1,0,0,88,0,0,4,-1,0
5783,16,32,1,0,0,88,0,0,4,-1,0
5784,16,32,1,0,0,88,0,0,4,-1,0
5785,16,32,1,0,0,88,0,0,4,-1,0
5786,16,32,1,0,0,88,0,0,4,-1,0
5787,16,32,1,0,0,88,0,0,4,-1,0
5788,16,32,1,0,0,88,0,0,4,-1,0
5789,16,32,1,0,0,88,0,0,4,-1,0
5790,16,32,1,0,0,88,0,0,4,-1,0
5791,16,32,1,0,0,88,0,0,4,-1,0
5792,16,32,1,0,0,88,0,0,4,-1,0
5793,16,32,1,0,0,88,0,0,4,-1,0
5794,16,32,1,0,0,88,0,0,4,-1,0
5795,16,32,1,0,0,88,0,0,4,-1,0
5796,16,32,1,0,0,88,0,0,4,-1,0
5797,16,32,1,0,0,88,0,0,4,-1,0
5798,16,32,1,0,0,88,0,0,4,-1,0
5799,16,32,1,0,0,88,0,0,4,-1,0
5800,16,32,1,0,0,88,0,0,4,-1,0
5801,16,32,1,0,0,88,0,0,4,-1,0
5802,16,32,1,0,0,88,0,0,4,-1,0
5803,16,32,1,0,0,88,0,0,4,-1,0
5804,16,32,1,0,0,88,0,0,4,-1,0
5805,16,32,1,0,0,88,0,0,4,-1,0
5806,16,32,1,0,0,88,0,0,4,-1,0
5807,16,32,1,0,0,88,0,0,4,-1,0
5808,16,32,1,0,0,88,0,0,4,-1,0
5809,16,32,1,0,0,88,0,0,4,-1,0
5810,16,32,1,0,0,88,0,0,4,-1,0
5811,16,32,1,0,0,88,0,0,4,-1,0
5812,16,32,1,0,0,88,0,0,4,-1,0
5813,16,32,1,0,0,88,0,0,4,-1,0
5814,16,32,1,0,0,88,0,0,4,-1,0
5815,16,32,1,0,0,88,0,0,4,-1,0
5816,16,32,1,0,0,88,0,0,4,-1,0
5817,16,32,1,0,0,88,0,0,4,-1,0
5818,16,32,1,0,0,88,0,0,4,-1,0
5819,16,32,1,0,0,88,0,0,4,-1,0
5820,16,32,1,0,0,88,0,0,4,-1,0
5821,16,32,1,0,0,88,0,0,4,-1,0
5822,16,32,1,0,0,88,0,0,4,-1,0
5823,16,32,1,0,0,88,0,0,4,-1,0
5824,16,32,1,0,0,88,0,0,4,-1,0
5825,16,32,1,0,0,88,0,0,4,-1,0
5826,16,32,1,0,0,88,0,0,4,-1,0
5827,16,32,1,0,0,88,0,0,4,-1,0
5828,16,32,1,0,0,88,0,0,4,-1,0
5829,16,32,1,0,0,88,0,0,4,-1,0
5830,16,32,1,0,0,88,0,0,4,-1,0
5831,16,32,1,0,0,88,0,0,4,-1,0
5832,16,32,1,0,0,88,0,0,4,-1,0
5833,16,32,1,0,0,88,0,0,4,-1,0
5834,16,32,1,0,0,88,0,0,4,-1,0
5835,16,32,1,0,0,88,0,0,4,-1,0
5836,16,32,1,0,0,88,0,0,4,-1,0
5837,16,32,1,0,0,88,0,0,4,-1,0
5838,16,32,1,0,0,88,0,0,4,-1,0
5839,16,32,1,0,0,88,0,0,4,-1,0
5840,16,32,1,0,0,88,0,0,4,-1,0
5841,16,32,1,0,0,88,0,0,4,-1,0
5842,16,32,1,0,0,88,0,0,4,-1,0
5843,16,32,1,0,0,88,0,0,4,-1,0
5844,16,32,1,0,0,88,0,0,4,-1,0
5845,16,32,1,0,0,88,0,0,4,-1,0
5846,16,32,1,0,0,88,0,0,4,-1,0
5847,16,32,1,0,0,88,0,0,4,-1,0
5848,16,32,1,0,0,88,0,0,4,-1,0
5849,16,32,1,0,0,88,0,0,4,-1,0
5850,16,32,1,0,0,88,0,0,4,-1,0
5851,16,32,1,0,0,88,0,0,4,-1,0
5852,16,32,1,0,0,88,0,0,4,-1,0
5853,16,32,1,0,0,88,0,0,4,-1,0
5854,16,32,1,0,0,88,0,0,4,-1,0
5855,16,32,1,0,0,88,0,0,4,-1,0
5856,16,32,1,0,0,88,0,0,4,-1,0
5857,16,32,1,0,0,88,0,0,4,-1,0
5858,16,32,1,0,0,88,0,0,4,-1,0
5859,16,32,1,0,0,88,0,0,4,-1,0
5860,16,32,1,0,0,88,0,0,4,-1,0
5861,16,32,1,0,0,88,0,0,4,-1,0
5862,16,32,1,0,0,88,0,0,4,-1,0
5863,16,32,1,0,0,88,0,0,4,-1,0
5864,16,32,1,0,0,88,0,0,4,-1,0
5865,16,32,1,0,0,88,0,0,4,-1,0
5866,16,32,1,0,0,88,0,0,4,-1,0
5867,16,32,1,0,0,88,0,0,4,-1,0
5868,16,32,1,0,0,88,0,0,4,-1,0
5869,16,32,1,0,0,88,0,0,4,-1,0
5870,16,32,1,0,0,88,0,0,4,-1,0
5871,16,32,1,0,0,88,0,0,4,-1,0
5872,16,32,1,0,0,88,0,0,4,-1,0
5873,16,32,1,0,0,88,0,0,4,-1,0
5874,16,32,1,0,0,88,0,0,4,-1,0
5875,16,32,1,0,0,88,0,0,4,-1,0
5876,16,32,1,0,0,88,0,0,4,-1,0
5877,16,32,1,0,0,88,0,0,4,-1,0
5878,16,32,1,0,0,88,0,0,4,-1,0
5879,16,32,1,0,0,88,0,0,4,-1,0
5880,16,32,1,0,0,88,0,0,4,-1,0
5881,16,32,1,0,0,88,0,0,4,-1,0
5882,16,32,1,0,0,88,0,0,4,-1,0
5883,16,32,1,0,0,88,0,0,4,-1,0
5884,16,32,1,0,0,88,0,0,4,-1,0
5885,16,32,1,0,0,88,0,0,4,-1,0
5886,16,32,1,0,0,88,0,0,4,-1,0
5887,16,32,1,0,0,88,0,0,4,-1,0
5888,16,32,1,0,0,88,0,0,4,-1,0
5889,16,32,1,0,0,88,0,0,4,-1,0
5890,16,32,1,0,0,88,0,0,4,-1,0
5891,16,32,1,0,0,88,0,0,4,-1,0
5892,16,32,1,0,0,88,0,0,4,-1,0
5893,16,32,1,0,0,88,0,0,4,-1,0
5894,16,32,1,0,0,88,0,0,4,-1,0
5895,16,32,1,0,0,88,0,0,4,-1,0
5896,16,32,1,0,0,88,0,0,4,-1,0
5897,16,32,1,0,0,88,0,0,4,-1,0
5898,16,32,1,0,0,88,0,0,4,-1,0
5899,16,32,1,0,0,88,0,0,4,-1,0
5900,16,32,1,0,0,88,0,0,4,-1,0
5901,16,32,1,0,0,88,0,0,4,-1,0
5902,16,32,1,0,0,88,0,0,4,-1,0
5903,16,32,1,0,0,88,0,0,4,-1,0
5904,16,32,1,0,0,88,0,0,4,-1,0
5905,16,32,1,0,0,88,0,0,4,-1,0
5906,16,32,1,0,0,88,0,0,4,-1,0
5907,16,32,1,0,0,88,0,0,4,-1,0
5908,16,32,1,0,0,88,0,0,4,-1,0
5909,16,32,1,0,0,88,0,0,4,-1,0
5910,16,32,1,0,0,88,0,0,4,-1,0
5911,16,32,1,0,0,88,0,0,4,-1,0
5912,16,32,1,0,0,88,0,0,4,-1,0
5913,16,32,1,0,0,88,0,0,4,-1,0
5914,16,32,1,0,0,88,0,0,4,-1,0
5915,16,32,1,0,0,88,0,0,4,-1,0
5916,16,32,1,0,0,88,0,0,4,-1,0
5917,16,32,1,0,0,88,0,0,4,-1,0
5918,16,32,1,0,0,88,0,0,4,-1,0
5919,16,32,1,0,0,88,0,0,4,-1,0
5920,16,32,1,0,0,88,0,0,4,-1,0
5921,16,32,1,0,0,88,0,0,4,-1,0
5922,16,32,1,0,0,88,0,0,4,-1,0
5923,16,32,1,0,0,88,0,0,4,-1,0
5924,16,32,1,0,0,88,0,0,4,-1,0
5925,16,32,1,0,0,88,0,0,4,-1,0
5926,16,32,1,0,0,88,0,0,4,-1,0
5927,16,32,1,0,0,88,0,0,4,-1,0
5928,16,32,1,0,0,88,0,0,4,-1,0
5929,16,32,1,0,0,88,0,0,4,-1,0
5930,16,32,1,0,0,88,0,0,4,-1,0
5931,16,32,1,0,0,88,0,0,4,-1,0
5932,16,32,1,0,0,88,0,0,4,-1,0
5933,16,32,1,0,0,88,0,0,4,-1,0
5934,16,32,1,0,0,88,0,0,4,-1,0
5935,16,32,1,0,0,88,0,0,4,-1,0
5936,16,32,1,0,0,88,0,0,4,-1,0
5937,16,32,1,0,0,88,0,0,4,-1,0
5938,16,32,1,0,0,88,0,0,4,-1,0
5939,16,32,1,0,0,88,0,0,4,-1,0
5940,16,32,1,0,0,88,0,0,4,-1,0
5941,16,32,1,0,0,88,0,0,4,-1,0
5942,16,32,1,0,0,88,0,0,4,-1,0
5943,16,32,1,0,0,88,0,0,4,-1,0
5944,16,32,1,0,0,88,0,0,4,-1,0
5945,16,32,1,0,0,88,0,0,4,-1,0
5946,16,32,1,0,0,88,0,0,4,-1,0
5947,16,32,1,0,0,88,0,0,4,-1,0
5948,16,32,1,0,0,88,0,0,4,-1,0
5949,16,32,1,0,0,88,0,0,4,-1,0
5950,16,32,1,0,0,88,0,0,4,-1,0
5951,16,32,1,0,0,88,0,0,4,-1,0
5952,16,32,1,0,0,88,0,0,4,-1,0
5953,16,32,1,0,0,88,0,0,4,-1,0
5954,16,32,1,0,0,88,0,0,4,-1,0
5955,16,32,1,0,0,88,0,0,4,-1,0
5956,16,32,1,0,0,88,0,0,4,-1,0
5957,16,32,1,0,0,88,0,0,4,-1,0
5958,16,32,1,0,0,88,0,0,4,-1,0
5959,16,32,1,0,0,88,0,0,4,-1,0
5960,16,32,1,0,0,88,0,0,4,-1,0
5961,16,32,1,0,0,88,0,0,4,-1,0
5962,16,32,1,0,0,88,0,0,4,-1,0
5963,16,32,1,0,0,88,0,0,4,-1,0
5964,16,32,1,0,0,88,0,0,4,-1,0
5965,16,32,1,0,0,88,0,0,4,-1,0
5966,16,32,1,0,0,88,0,0,4,-1,0
5967,16,32,1,0,0,88,0,0,4,-1,0
5968,16,32,1,0,0,88,0,0,4,-1,0
5969,16,32,1,0,0,88,0,0,4,-1,0
5970,16,32,1,0,0,88,0,0,4,-1,0
5971,16,32,1,0,0,88,0,0,4,-1,0
5972,16,32,1,0,0,88,0,0,4,-1,0
5973,16,32,1,0,0,88,0,0,4,-1,0
5974,16,32,1,0,0,88,0,0,4,-1,0
5975,16,32,1,0,0,88,0,0,4,-1,0
5976,16,32,1,0,0,88,0,0,4,-1,0
5977,16,32,1,0,0,88,0,0,4,-1,0
5978,16,32,1,0,0,88,0,0,4,-1,0
5979,16,32,1,0,0,88,0,0,4,-1,0
5980,16,32,1,0,0,88,0,0,4,-1,0
5981,16,32,1,0,0,88,0,0,4,-1,0
5982,16,32,1,0,0,88,0,0,4,-1,0
5983,16,32,1,0,0,88,0,0,4,-1,0
5984,16,32,1,0,0,88,0,0,4,-1,0
5985,16,32,1,0,0,88,0,0,4,-1,0
5986,16,32,1,0,0,88,0,0,4,-1,0
5987,16,32,1,0,0,88,0,0,4,-1,0
5988,17,32,1,0,0,88,0,0,5,-1,0
5989,17,32,1,0,0,88,0,0,5,-1,0
5990,17,32,1,0,0,88,0,0,5,-1,0
5991,17,32,1,0,0,88,0,0,5,-1,0
5992,17,32,1,0,0,88,0,0,5,-1,0
5993,17,32,1,0,0,88,0,0,5,-1,0
5994,17,32,1,0,0,88,0,0,5,-1,0
5995,17,32,1,0,0,88,0,0,5,-1,0
5996,17,32,1,0,0,88,0,0,5,-1,0
5997,17,32,1,0,0,88,0,0,5,-1,0
5998,17,32,1,0,0,88,0,0,5,-1,0
5999,17,32,1,0,0,88,0,0,5,-1,0
6000,17,32,1,0,0,88,0,0,5,-1,0
6001,17,32,1,0,0,88,0,0,5,-1,0
6002,17,32,1,0,0,88,0,0,5,-1,0
6003,17,32,1,0,0,88,0,0,5,-1,0
6004,17,32,1,0,0,88,0,0,5,-1,0
6005,17,32,1,0,0,88,0,0,5,-1,0
6006,17,32,1,0,0,88,0,0,5,-1,0
6007,17,32,1,0,0,88,0,0,5,-1,0
6008,17,32,1,0,0,88,0,0,5,-1,0
6009,17,32,1,0,0,88,0,0,5,-1,0
6010,17,32,1,0,0,88,0,0,5,-1,0
6011,17,32,1,0,0,88,0,0,5,-1,0
6012,17,32,1,0,0,88,0,0,5,-1,0
6013,17,32,1,0,0,88,0,0,5,-1,0
6014,17,32,1,0,0,88,0,0,5,-1,0
6015,17,32,1,0,0,88,0,0,5,-1,0
6016,17,32,1,0,0,88,0,0,5,-1,0
6017,17,32,1,0,0,88,0,0,5,-1,0
6018,17,32,1,0,0,88,0,0,5,-1,0
6019,17,32,1,0,0,88,0,0,5,-1,0
6020,17,32,1,0,0,88,0,0,5,-1,0
6021,17,32,1,0,0,88,0,0,5,-1,0
6022,17,32,1,0,0,88,0,0,5,-1,0
6023,17,32,1,0,0,88,0,0,5,-1,0
6024,17,32,1,0,0,88,0,0,5,-1,0
6025,17,32,1,0,0,88,0,0,5,-1,0
6026,17,32,1,0,0,88,0,0,5,-1,0
6027,17,32,1,0,0,88,0,0,5,-1,0
6028,17,32,1,0,0,88,0,0,5,-1,0
6029,17,32,1,0,0,88,0,0,5,-1,0
6030,17,32,1,0,0,88,0,0,5,-1,0
6031,17,32,1,0,0,88,0,0,5,-1,0
6032,17,32,1,0,0,88,0,0,5,-1,0
6033,17,32,1,0,0,88,0,0,5,-1,0
6034,17,32,1,0,0,88,0,0,5,-1,0
6035,17,32,1,0,0,88,0,0,5,-1,0
6036,17,32,1,0,0,88,0,0,5,-1,0
6037,17,32,1,0,0,88,0,0,5,-1,0
6038,17,32,1,0,0,88,0,0,5,-1,0
6039,17,32,1,0,0,88,0,0,5,-1,0
6040,17,32,1,0,0,88,0,0,5,-1,0
6041,17,32,1,0,0,88,0,0,5,-1,0
6042,17,32,1,0,0,88,0,0,5,-1,0
6043,17,32,1,0,0,88,0,0,5,-1,0
6044,17,32,1,0,0,88,0,0,5,-1,0
6045,17,32,1,0,0,88,0,0,5,-1,0
6046,17,32,1,0,0,88,0,0,5,-1,0
6047,17,32,1,0,0,88,0,0,5,-1,0
6048,17,32,1,0,0,88,0,0,5,-1,0
6049,17,32,1,0,0,88,0,0,5,-1,0
6050,17,32,1,0,0,88,0,0,5,-1,0
6051,17,32,1,0,0,88,0,0,5,-1,0
6052,17,32,1,0,0,88,0,0,5,-1,0
6053,17,32,1,0,0,88,0,0,5,-1,0
6054,17,32,1,0,0,88,0,0,5,-1,0
6055,17,32,1,0,0,88,0,0,5,-1,0
6056,17,32,1,0,0,88,0,0,5,-1,0
6057,17,32,1,0,0,88,0,0,5,-1,0
6058,17,32,1,0,0,88,0,0,5,-1,0
6059,17,32,1,0,0,88,0,0,5,-1,0
6060,17,32,1,0,0,88,0,0,5,-1,0
6061,17,32,1,0,0,88,0,0,5,-1,0
6062,17,32,1,0,0,88,0,0,5,-1,0
6063,17,32,1,0,0,88,0,0,5,-1,0
6064,17,32,1,0,0,88,0,0,5,-1,0
6065,17,32,1,0,0,88,0,0,5,-1,0
6066,17,32,1,0,0,88,0,0,5,-1,0
6067,17,32,1,0,0,88,0,0,5,-1,0
6068,17,32,1,0,0,88,0,0,5,-1,0
6069,17,32,1,0,0,88,0,0,5,-1,0
6070,17,32,1,0,0,88,0,0,5,-1,0
6071,17,32,1,0,0,88,0,0,5,-1,0
6072,17,32,1,0,0,88,0,0,5,-1,0
6073,17,32,1,0,0,88,0,0,5,-1,0
6074,17,32,1,0,0,88,0,0,5,-1,0
6075,17,32,1,0,0,88,0,0,5,-1,0
6076,17,32,1,0,0,88,0,0,5,-1,0
6077,17,32,1,0,0,88,0,0,5,-1,0
6078,17,32,1,0,0,88,0,0,5,-1,0
6079,17,32,1,0,0,88,0,0,5,-1,0
6080,17,32,1,0,0,88,0,0,5,-1,0
6081,17,32,1,0,0,88,0,0,5,-1,0
6082,17,32,1,0,0,88,0,0,5,-1,0
6083,17,32,1,0,0,88,0,0,5,-1,0
6084,17,32,1,0,0,88,0,0,5,-1,0
6085,17,32,1,0,0,88,0,0,5,-1,0
6086,17,32,1,0,0,88,0,0,5,-1,0
6087,17,32,1,0,0,88,0,0,5,-1,0
6088,17,32,1,0,0,88,0,0,5,-1,0
6089,17,32,1,0,0,88,0,0,5,-1,0
6090,17,32,1,0,0,88,0,0,5,-1,0
6091,17,32,1,0,0,88,0,0,5,-1,0
6092,17,32,1,0,0,88,0,0,5,-1,0
6093,17,32,1,0,0,88,0,0,5,-1,0
6094,17,32,1,0,0,88,0,0,5,-1,0
6095,17,32,1,0,0,88,0,0,5,-1,0
6096,17,32,1,0,0,88,0,0,5,-1,0
6097,17,32,1,0,0,88,0,0,5,-1,0
6098,17,32,1,0,0,88,0,0,5,-1,0
6099,17,32,1,0,0,88,0,0,5,-1,0
6100,17,32,1,0,0,88,0,0,5,-1,0
6101,17,32,1,0,0,88,0,0,5,-1,0
6102,17,32,1,0,0,88,0,0,5,-1,0
6103,17,32,1,0,0,88,0,0,5,-1,0
6104,17,32,1,0,0,88,0,0,5,-1,0
6105,17,32,1,0,0,88,0,0,5,-1,0
6106,17,32,1,0,0,88,0,0,5,-1,0
6107,17,32,1,0,0,88,0,0,5,-1,0
6108,17,32,1,0,0,88,0,0,5,-1,0
6109,17,32,1,0,0,88,0,0,5,-1,0
6110,17,32,1,0,0,88,0,0,5,-1,0
6111,17,32,1,0,0,88,0,0,5,-1,0
6112,17,32,1,0,0,88,0,0,5,-1,0
6113,17,32,1,0,0,88,0,0,5,-1,0
6114,17,32,1,0,0,88,0,0,5,-1,0
6115,17,32,1,0,0,88,0,0,5,-1,0
6116,17,32,1,0,0,88,0,0,5,-1,0
6117,17,32,1,0,0,88,0,0,5,-1,0
6118,17,32,1,0,0,88,0,0,5,-1,0
6119,17,32,1,0,0,88,0,0,5,-1,0
6120,17,32,1,0,0,88,0,0,5,-1,0
6121,17,32,1,0,0,88,0,0,5,-1,0
6122,17,32,1,0,0,88,0,0,5,-1,0
6123,17,32,1,0,0,88,0,0,5,-1,0
6124,17,32,1,0,0,88,0,0,5,-1,0
6125,17,32,1,0,0,88,0,0,5,-1,0
6126,17,32,1,0,0,88,0,0,5,-1,0
6127,17,32,1,0,0,88,0,0,5,-1,0
6128,17,32,1,0,0,88,0,0,5,-1,0
6129,17,32,1,0,0,88,0,0,5,-1,0
6130,17,32,1,0,0,88,0,0,5,-1,0
6131,17,32,1,0,0,88,0,0,5,-1,0
6132,17,32,1,0,0,88,0,0,5,-1,0
6133,17,32,1,0,0,88,0,0,5,-1,0
6134,17,32,1,0,0,88,0,0,5,-1,0
6135,17,32,1,0,0,88,0,0,5,-1,0
6136,17,32,1,0,0,88,0,0,5,-1,0
6137,17,32,1,0,0,88,0,0,5,-1,0
6138,17,32,1,0,0,88,0,0,5,-1,0
6139,17,32,1,0,0,88,0,0,5,-1,0
6140,17,32,1,0,0,88,0,0,5,-1,0
6141,17,32,1,0,0,88,0,0,5,-1,0
6142,17,32,1,0,0,88,0,0,5,-1,0
6143,17,32,1,0,0,88,0,0,5,-1,0
6144,17,32,1,0,0,88,0,0,5,-1,0
6145,17,32,1,0,0,88,0,0,5,-1,0
6146,17,32,1,0,0,88,0,0,5,-1,0
6147,17,32,1,0,0,88,0,0,5,-1,0
6148,17,32,1,0,0,88,0,0,5,-1,0
6149,17,32,1,0,0,88,0,0,5,-1,0
6150,17,32,1,0,0,88,0,0,5,-1,0
6151,17,32,1,0,0,88,0,0,5,-1,0
6152,17,32,1,0,0,88,0,0,5,-1,0
6153,17,32,1,0,0,88,0,0,5,-1,0
6154,17,32,1,0,0,88,0,0,5,-1,0
6155,17,32,1,0,0,88,0,0,5,-1,0
6156,17,32,1,0,0,88,0,0,5,-1,0
6157,17,32,1,0,0,88,0,0,5,-1,0
6158,17,32,1,0,0,88,0,0,5,-1,0
6159,17,32,1,0,0,88,0,0,5,-1,0
6160,17,32,1,0,0,88,0,0,5,-1,0
6161,17,32,1,0,0,88,0,0,5,-1,0
6162,17,32,1,0,0,88,0,0,5,-1,0
6163,17,32,1,0,0,88,0,0,5,-1,0
6164,17,32,1,0,0,88,0,0,5,-1,0
6165,17,32,1,0,0,88,0,0,5,-1,0
6166,17,32,1,0,0,88,0,0,5,-1,0
6167,17,32,1,0,0,88,0,0,5,-1,0
6168,17,32,1,0,0,88,0,0,5,-1,0
6169,17,32,1,0,0,88,0,0,5,-1,0
6170,17,32,1,0,0,88,0,0,5,-1,0
6171,17,32,1,0,0,88,0,0,5,-1,0
6172,17,32,1,0,0,88,0,0,5,-1,0
6173,17,32,1,0,0,88,0,0,5,-1,0
6174,17,32,1,0,0,88,0,0,5,-1,0
6175,17,32,1,0,0,88,0,0,5,-1,0
6176,17,32,1,0,0,88,0,0,5,-1,0
6177,17,32,1,0,0,88,0,0,5,-1,0
6178,17,32,1,0,0,88,0,0,5,-1,0
6179,17,32,1,0,0,88,0,0,5,-1,0
6180,17,32,1,0,0,88,0,0,5,-1,0
6181,17,32,1,0,0,88,0,0,5,-1,0
6182,17,32,1,0,0,88,0,0,5,-1,0
6183,17,32,1,0,0,88,0,0,5,-1,0
6184,17,32,1,0,0,88,0,0,5,-1,0
6185,17,32,1,0,0,88,0,0,5,-1,0
6186,17,32,1,0,0,88,0,0,5,-1,0
6187,17,32,1,0,0,88,0,0,5,-1,0
6188,17,32,1,0,0,88,0,0,5,-1,0
6189,17,32,1,0,0,88,0,0,5,-1,0
6190,17,32,1,0,0,88,0,0,5,-1,0
6191,17,32,1,0,0,88,0,0,5,-1,0
6192,17,32,1,0,0,88,0,0,5,-1,0
6193,17,32,1,0,0,88,0,0,5,-1,0
6194,17,32,1,0,0,88,0,0,5,-1,0
6195,17,32,1,0,0,88,0,0,5,-1,0
6196,17,32,1,0,0,88,0,0,5,-1,0
6197,17,32,1,0,0,88,0,0,5,-1,0
6198,17,32,1,0,0,88,0,0,5,-1,0
6199,17,32,1,0,0,88,0,0,5,-1,0
6200,17,32,1,0,0,88,0,0,5,-1,0
6201,17,32,1,0,0,88,0,0,5,-1,0
6202,17,32,1,0,0,88,0,0,5,-1,0
6203,17,32,1,0,0,88,0,0,5,-1,0
6204,17,32,1,0,0,88,0,0,5,-1,0
6205,17,32,1,0,0,88,0,0,5,-1,0
6206,17,32,1,0,0,88,0,0,5,-1,0
6207,17,32,1,0,0,88,0,0,5,-1,0
6208,17,32,1,0,0,88,0,0,5,-1,0
6209,17,32,1,0,0,88,0,0,5,-1,0
6210,17,32,1,0,0,88,0,0,5,-1,0
6211,17,32,1,0,0,88,0,0,5,-1,0
6212,17,32,1,0,0,88,0,0,5,-1,0
6213,17,32,1,0,0,88,0,0,5,-1,0
6214,17,32,1,0,0,88,0,0,5,-1,0
6215,17,32,1,0,0,88,0,0,5,-1,0
6216,17,32,1,0,0,88,0,0,5,-1,0
6217,17,32,1,0,0,88,0,0,5,-1,0
6218,17,32,1,0,0,88,0,0,5,-1,0
6219,17,32,1,0,0,88,0,0,5,-1,0
6220,17,32,1,0,0,88,0,0,5,-1,0
6221,17,32,1,0,0,88,0,0,5,-1,0
6222,17,32,1,0,0,88,0,0,5,-1,0
6223,17,32,1,0,0,88,0,0,5,-1,0
6224,17,32,1,0,0,88,0,0,5,-1,0
6225,17,32,1,0,0,88,0,0,5,-1,0
6226,17,32,1,0,0,88,0,0,5,-1,0
6227,17,32,1,0,0,88,0,0,5,-1,0
6228,17,32,1,0,0,88,0,0,5,-1,0
6229,17,32,1,0,0,88,0,0,5,-1,0
6230,17,32,1,0,0,88,0,0,5,-1,0
6231,17,32,1,0,0,88,0,0,5,-1,0
6232,17,32,1,0,0,88,0,0,5,-1,0
6233,17,32,1,0,0,88,0,0,5,-1,0
6234,17,32,1,0,0,88,0,0,5,-1,0
6235,17,32,1,0,0,88,0,0,5,-1,0
6236,17,32,1,0,0,88,0,0,5,-1,0
6237,17,32,1,0,0,88,0,0,5,-1,0
6238,17,32,1,0,0,88,0,0,5,-1,0
6239,17,32,1,0,0,88,0,0,5,-1,0
6240,17,32,1,0,0,88,0,0,5,-1,0
6241,17,32,1,0,0,88,0,0,5,-1,0
6242,17,32,1,0,0,88,0,0,5,-1,0
6243,17,32,1,0,0,88,0,0,5,-1,0
6244,17,32,1,0,0,88,0,0,5,-1,0
6245,17,32,1,0,0,88,0,0,5,-1,0
6246,17,32,1,0,0,88,0,0,5,-1,0
6247,17,32,1,0,0,88,0,0,5,-1,0
6248,17,32,1,0,0,88,0,0,5,-1,0
6249,17,32,1,0,0,88,0,0,5,-1,0
6250,17,32,1,0,0,88,0,0,5,-1,0
6251,17,32,1,0,0,88,0,0,5,-1,0
6252,17,32,1,0,0,88,0,0,5,-1,0
6253,17,32,1,0,0,88,0,0,5,-1,0
6254,17,32,1,0,0,88,0,0,5,-1,0
6255,17,32,1,0,0,88,0,0,5,-1,0
6256,17,32,1,0,0,88,0,0,5,-1,0
6257,17,32,1,0,0,88,0,0,5,-1,0
6258,17,32,1,0,0,88,0,0,5,-1,0
6259,17,32,1,0,0,88,0,0,5,-1,0
6260,17,32,1,0,0,88,0,0,5,-1,0
6261,17,32,1,0,0,88,0,0,5,-1,0
6262,17,32,1,0,0,88,0,0,5,-1,0
6263,17,32,1,0,0,88,0,0,5,-1,0
6264,17,32,1,0,0,88,0,0,5,-1,0
6265,17,32,1,0,0,88,0,0,5,-1,0
6266,17,32,1,0,0,88,0,0,5,-1,0
6267,17,32,1,0,0,88,0,0,5,-1,0
6268,17,32,1,0,0,88,0,0,5,-1,0
6269,17,32,1,0,0,88,0,0,5,-1,0
6270,17,32,1,0,0,88,0,0,5,-1,0
6271,17,32,1,0,0,88,0,0,5,-1,0
6272,17,32,1,0,0,88,0,0,5,-1,0
6273,17,32,1,0,0,88,0,0,5,-1,0
6274,17,32,1,0,0,88,0,0,5,-1,0
6275,17,32,1,0,0,88,0,0,5,-1,0
6276,17,32,1,0,0,88,0,0,5,-1,0
6277,17,32,1,0,0,88,0,0,5,-1,0
6278,17,32,1,0,0,88,0,0,5,-1,0
6279,17,32,1,0,0,88,0,0,5,-1,0
6280,17,32,1,0,0,88,0,0,5,-1,0
6281,17,32,1,0,0,88,0,0,5,-1,0
6282,17,32,1,0,0,88,0,0,5,-1,0
6283,17,32,1,0,0,88,0,0,5,-1,0
6284,17,32,1,0,0,88,0,0,5,-1,0
6285,17,32,1,0,0,88,0,0,5,-1,0
6286,17,32,1,0,0,88,0,0,5,-1,0
6287,17,32,1,0,0,88,0,0,5,-1,0
6288,17,32,1,0,0,88,0,0,5,-1,0
6289,17,32,1,0,0,88,0,0,5,-1,0
6290,17,32,1,0,0,88,0,0,5,-1,0
6291,17,32,1,0,0,88,0,0,5,-1,0
6292,17,32,1,0,0,88,0,0,5,-1,0
6293,17,32,1,0,0,88,0,0,5,-1,0
6294,17,32,1,0,0,88,0,0,5,-1,0
6295,17,32,1,0,0,88,0,0,5,-1,0
6296,17,32,1,0,0,88,0,0,5,-1,0
6297,17,32,1,0,0,88,0,0,5,-1,0
6298,17,32,1,0,0,88,0,0,5,-1,0
6299,17,32,1,0,0,88,0,0,5,-1,0
6300,17,32,1,0,0,88,0,0,5,-1,0
6301,17,32,1,0,0,88,0,0,5,-1,0
6302,17,32,1,0,0,88,0,0,5,-1,0
6303,17,32,1,0,0,88,0,0,5,-1,0
6304,17,32,1,0,0,88,0,0,5,-1,0
6305,17,32,1,0,0,88,0,0,5,-1,0
6306,17,32,1,0,0,88,0,0,5,-1,0
6307,17,32,1,0,0,88,0,0,5,-1,0
6308,17,32,1,0,0,88,0,0,5,-1,0
6309,17,32,1,0,0,88,0,0,5,-1,0
6310,17,32,1,0,0,88,0,0,5,-1,0
6311,17,32,1,0,0,88,0,0,5,-1,0
6312,17,32,1,0,0,88,0,0,5,-1,0
6313,17,32,1,0,0,88,0,0,5,-1,0
6314,17,32,1,0,0,88,0,0,5,-1,0
6315,17,32,1,0,0,88,0,0,5,-1,0
6316,17,32,1,0,0,88,0,0,5,-1,0
6317,17,32,1,0,0,88,0,0,5,-1,0
6318,17,32,1,0,0,88,0,0,5,-1,0
6319,17,32,1,0,0,88,0,0,5,-1,0
6320,17,32,1,0,0,88,0,0,5,-1,0
6321,17,32,1,0,0,88,0,0,5,-1,0
6322,17,32,1,0,0,88,0,0,5,-1,0
6323,17,32,1,0,0,88,0,0,5,-1,0
6324,17,32,1,0,0,88,0,0,5,-1,0
6325,17,32,1,0,0,88,0,0,5,-1,0
6326,17,32,1,0,0,88,0,0,5,-1,0
6327,17,32,1,0,0,88,0,0,5,-1,0
6328,17,32,1,0,0,88,0,0,5,-1,0
6329,17,32,1,0,0,88,0,0,5,-1,0
6330,17,32,1,0,0,88,0,0,5,-1,0
6331,17,32,1,0,0,88,0,0,5,-1,0
6332,17,32,1,0,0,88,0,0,5,-1,0
6333,17,32,1,0,0,88,0,0,5,-1,0
6334,17,32,1,0,0,88,0,0,5,-1,0
6335,17,32,1,0,0,88,0,0,5,-1,0
6336,17,32,1,0,0,88,0,0,5,-1,0
6337,17,32,1,0,0,88,0,0,5,-1,0
6338,17,32,1,0,0,88,0,0,5,-1,0
6339,17,32,1,0,0,88,0,0,5,-1,0
6340,17,32,1,0,0,88,0,0,5,-1,0
6341,17,32,1,0,0,88,0,0,5,-1,0
6342,17,32,1,0,0,88,0,0,5,-1,0
6343,17,32,1,0,0,88,0,0,5,-1,0
6344,17,32,1,0,0,88,0,0,5,-1,0
6345,17,32,1,0,0,88,0,0,5,-1,0
6346,17,32,1,0,0,88,0,0,5,-1,0
6347,17,32,1,0,0,88,0,0,5,-1,0
6348,17,32,1,0,0,88,0,0,5,-1,0
6349,17,32,1,0,0,88,0,0,5,-1,0
6350,17,32,1,0,0,88,0,0,5,-1,0
6351,17,32,1,0,0,88,0,0,5,-1,0
6352,17,32,1,0,0,88,0,0,5,-1,0
6353,17,32,1,0,0,88,0,0,5,-1,0
6354,17,32,1,0,0,88,0,0,5,-1,0
6355,17,32,1,0,0,88,0,0,5,-1,0
6356,17,32,1,0,0,88,0,0,5,-1,0
6357,17,32,1,0,0,88,0,0,5,-1,0
6358,17,32,1,0,0,88,0,0,5,-1,0
6359,17,32,1,0,0,88,0,0,5,-1,0
6360,17,32,1,0,0,88,0,0,5,-1,0
6361,17,32,1,0,0,88,0,0,5,-1,0
6362,17,32,1,0,0,88,0,0,5,-1,0
6363,17,32,1,0,0,88,0,0,5,-1,0
6364,17,32,1,0,0,88,0,0,5,-1,0
6365,17,32,1,0,0,88,0,0,5,-1,0
6366,17,32,1,0,0,88,0,0,5,-1,0
6367,17,32,1,0,0,88,0,0,5,-1,0
6368,17,32,1,0,0,88,0,0,5,-1,0
6369,17,32,1,0,0,88,0,0,5,-1,0
6370,17,32,1,0,0,88,0,0,5,-1,0
6371,17,32,1,0,0,88,0,0,5,-1,0
6372,17,32,1,0,0,88,0,0,5,-1,0
6373,17,32,1,0,0,88,0,0,5,-1,0
6374,17,32,1,0,0,88,0,0,5,-1,0
6375,17,32,1,0,0,88,0,0,5,-1,0
6376,17,32,1,0,0,88,0,0,5,-1,0
6377,17,32,1,0,0,88,0,0,5,-1,0
6378,17,32,1,0,0,88,0,0,5,-1,0
6379,17,32,1,0,0,88,0,0,5,-1,0
6380,17,32,1,0,0,88,0,0,5,-1,0
6381,17,32,1,0,0,88,0,0,5,-1,0
6382,17,32,1,0,0,88,0,0,5,-1,0
6383,17,32,1,0,0,88,0,0,5,-1,0
6384,17,32,1,0,0,88,0,0,5,-1,0
6385,17,32,1,0,0,88,0,0,5,-1,0
6386,17,32,1,0,0,88,0,0,5,-1,0
6387,17,32,1,0,0,88,0,0,5,-1,0
6388,17,32,1,0,0,88,0,0,5,-1,0
6389,17,32,1,0,0,88,0,0,5,-1,0
6390,17,32,1,0,0,88,0,0,5,-1,0
6391,17,32,1,0,0,88,0,0,5,-1,0
6392,17,32,1,0,0,88,0,0,5,-1,0
6393,17,32,1,0,0,88,0,0,5,-1,0
6394,17,32,1,0,0,88,0,0,5,-1,0
6395,17,32,1,0,0,88,0,0,5,-1,0
6396,17,32,1,0,0,88,0,0,5,-1,0
6397,17,32,1,0,0,88,0,0,5,-1,0
6398,17,32,1,0,0,88,0,0,5,-1,0
6399,17,32,1,0,0,88,0,0,5,-1,0
6400,17,32,1,0,0,88,0,0,5,-1,0
6401,17,32,1,0,0,88,0,0,5,-1,0
6402,17,32,1,0,0,88,0,0,5,-1,0
6403,17,32,1,0,0,88,0,0,5,-1,0
6404,17,32,1,0,0,88,0,0,5,-1,0
6405,17,32,1,0,0,88,0,0,5,-1,0
6406,17,32,1,0,0,88,0,0,5,-1,0
6407,17,32,1,0,0,88,0,0,5,-1,0
6408,17,32,1,0,0,88,0,0,5,-1,0
6409,17,32,1,0,0,88,0,0,5,-1,0
6410,17,32,1,0,0,88,0,0,5,-1,0
6411,17,32,1,0,0,88,0,0,5,-1,0
6412,17,32,1,0,0,88,0,0,5,-1,0
6413,17,32,1,0,0,88,0,0,5,-1,0
6414,17,32,1,0,0,88,0,0,5,-1,0
6415,17,32,1,0,0,88,0,0,5,-1,0
6416,17,32,1,0,0,88,0,0,5,-1,0
6417,17,32,1,0,0,88,0,0,5,-1,0
6418,17,32,1,0,0,88,0,0,5,-1,0
6419,17,32,1,0,0,88,0,0,5,-1,0
6420,17,32,1,0,0,88,0,0,5,-1,0
6421,17,32,1,0,0,88,0,0,5,-1,0
6422,17,32,1,0,0,88,0,0,5,-1,0
6423,17,32,1,0,0,88,0,0,5,-1,0
6424,17,32,1,0,0,88,0,0,5,-1,0
6425,17,32,1,0,0,88,0,0,5,-1,0
6426,17,32,1,0,0,88,0,0,5,-1,0
6427,17,32,1,0,0,88,0,0,5,-1,0
6428,17,32,1,0,0,88,0,0,5,-1,0
6429,17,32,1,0,0,88,0,0,5,-1,0
6430,17,32,1,0,0,88,0,0,5,-1,0
6431,17,32,1,0,0,88,0,0,5,-1,0
6432,17,32,1,0,0,88,0,0,5,-1,0
6433,17,32,1,0,0,88,0,0,5,-1,0
6434,17,32,1,0,0,88,0,0,5,-1,0
6435,17,32,1,0,0,88,0,0,5,-1,0
6436,17,32,1,0,0,88,0,0,5,-1,0
6437,17,32,1,0,0,88,0,0,5,-1,0
6438,17,32,1,0,0,88,0,0,5,-1,0
6439,17,32,1,0,0,88,0,0,5,-1,0
6440,17,32,1,0,0,88,0,0,5,-1,0
6441,17,32,1,0,0,88,0,0,5,-1,0
6442,17,32,1,0,0,88,0,0,5,-1,0
6443,17,32,1,0,0,88,0,0,5,-1,0
6444,17,32,1,0,0,88,0,0,5,-1,0
6445,17,32,1,0,0,88,0,0,5,-1,0
6446,17,32,1,0,0,88,0,0,5,-1,0
6447,17,32,1,0,0,88,0,0,5,-1,0
6448,17,32,1,0,0,88,0,0,5,-1,0
6449,17,32,1,0,0,88,0,0,5,-1,0
6450,17,32,1,0,0,88,0,0,5,-1,0
6451,17,32,1,0,0,88,0,0,5,-1,0
6452,17,32,1,0,0,88,0,0,5,-1,0
6453,17,32,1,0,0,88,0,0,5,-1,0
6454,17,32,1,0,0,88,0,0,5,-1,0
6455,17,32,1,0,0,88,0,0,5,-1,0
6456,17,32,1,0,0,88,0,0,5,-1,0
6457,17,32,1,0,0,88,0,0,5,-1,0
6458,17,32,1,0,0,88,0,0,5,-1,0
6459,17,32,1,0,0,88,0,0,5,-1,0
6460,17,32,1,0,0,88,0,0,5,-1,0
6461,17,32,1,0,0,88,0,0,5,-1,0
6462,17,32,1,0,0,88,0,0,5,-1,0
6463,17,32,1,0,0,88,0,0,5,-1,0
6464,17,32,1,0,0,88,0,0,5,-1,0
6465,17,32,1,0,0,88,0,0,5,-1,0
6466,17,32,1,0,0,88,0,0,5,-1,0
6467,17,32,1,0,0,88,0,0,5,-1,0
6468,17,32,1,0,0,88,0,0,5,-1,0
6469,17,32,1,0,0,88,0,0,5,-1,0
6470,17,32,1,0,0,88,0,0,5,-1,0
6471,17,32,1,0,0,88,0,0,5,-1,0
6472,17,32,1,0,0,88,0,0,5,-1,0
6473,17,32,1,0,0,88,0,0,5,-1,0
6474,17,32,1,0,0,88,0,0,5,-1,0
6475,17,32,1,0,0,88,0,0,5,-1,0
6476,17,32,1,0,0,88,0,0,5,-1,0
6477,17,32,1,0,0,88,0,0,5,-1,0
6478,17,32,1,0,0,88,0,0,5,-1,0
6479,17,32,1,0,0,88,0,0,5,-1,0
6480,17,32,1,0,0,88,0,0,5,-1,0
6481,17,32,1,0,0,88,0,0,5,-1,0
6482,17,32,1,0,0,88,0,0,5,-1,0
6483,17,32,1,0,0,88,0,0,5,-1,0
6484,17,32,1,0,0,88,0,0,5,-1,0
6485,17,32,1,0,0,88,0,0,5,-1,0
6486,17,32,1,0,0,88,0,0,5,-1,0
6487,17,32,1,0,0,88,0,0,5,-1,0
6488,17,32,1,0,0,88,0,0,5,-1,0
6489,17,32,1,0,0,88,0,0,5,-1,0
6490,17,32,1,0,0,88,0,0,5,-1,0
6491,17,32,1,0,0,88,0,0,5,-1,0
6492,17,32,1,0,0,88,0,0,5,-1,0
6493,17,32,1,0,0,88,0,0,5,-1,0
6494,17,32,1,0,0,88,0,0,5,-1,0
6495,17,32,1,0,0,88,0,0,5,-1,0
6496,17,32,1,0,0,88,0,0,5,-1,0
6497,17,32,1,0,0,88,0,0,5,-1,0
6498,17,32,1,0,0,88,0,0,5,-1,0
6499,17,32,1,0,0,88,0,0,5,-1,0
6500,17,32,1,0,0,88,0,0,5,-1,0
6501,17,32,1,0,0,88,0,0,5,-1,0
6502,17,32,1,0,0,88,0,0,5,-1,0
6503,17,32,1,0,0,88,0,0,5,-1,0
6504,17,32,1,0,0,88,0,0,5,-1,0
6505,17,32,1,0,0,88,0,0,5,-1,0
6506,17,32,1,0,0,88,0,0,5,-1,0
6507,17,32,1,0,0,88,0,0,5,-1,0
6508,17,32,1,0,0,88,0,0,5,-1,0
6509,17,32,1,0,0,88,0,0,5,-1,0
6510,17,32,1,0,0,88,0,0,5,-1,0
6511,17,32,1,0,0,88,0,0,5,-1,0
6512,17,32,1,0,0,88,0,0,5,-1,0
6513,17,32,1,0,0,88,0,0,5,-1,0
6514,17,32,1,0,0,88,0,0,5,-1,0
6515,17,32,1,0,0,88,0,0,5,-1,0
6516,17,32,1,0,0,88,0,0,5,-1,0
6517,17,32,1,0,0,88,0,0,5,-1,0
6518,17,32,1,0,0,88,0,0,5,-1,0
6519,17,32,1,0,0,88,0,0,5,-1,0
6520,17,32,1,0,0,88,0,0,5,-1,0
6521,17,32,1,0,0,88,0,0,5,-1,0
6522,17,32,1,0,0,88,0,0,5,-1,0
6523,17,32,1,0,0,88,0,0,5,-1,0
6524,17,32,1,0,0,88,0,0,5,-1,0
6525,17,32,1,0,0,88,0,0,5,-1,0
6526,17,32,1,0,0,88,0,0,5,-1,0
6527,17,32,1,0,0,88,0,0,5,-1,0
6528,17,32,1,0,0,88,0,0,5,-1,0
6529,17,32,1,0,0,88,0,0,5,-1,0
6530,17,32,1,0,0,88,0,0,5,-1,0
6531,17,32,1,0,0,88,0,0,5,-1,0
6532,17,32,1,0,0,88,0,0,5,-1,0
6533,17,32,1,0,0,88,0,0,5,-1,0
6534,17,32,1,0,0,88,0,0,5,-1,0
6535,17,32,1,0,0,88,0,0,5,-1,0
6536,17,32,1,0,0,88,0,0,5,-1,0
6537,17,32,1,0,0,88,0,0,5,-1,0
6538,17,32,1,0,0,88,0,0,5,-1,0
6539,17,32,1,0,0,88,0,0,5,-1,0
6540,17,32,1,0,0,88,0,0,5,-1,0
6541,17,32,1,0,0,88,0,0,5,-1,0
6542,17,32,1,0,0,88,0,0,5,-1,0
6543,17,32,1,0,0,88,0,0,5,-1,0
6544,17,32,1,0,0,88,0,0,5,-1,0
6545,17,32,1,0,0,88,0,0,5,-1,0
6546,17,32,1,0,0,88,0,0,5,-1,0
6547,17,32,1,0,0,88,0,0,5,-1,0
6548,17,32,1,0,0,88,0,0,5,-1,0
6549,17,32,1,0,0,88,0,0,5,-1,0
6550,17,32,1,0,0,88,0,0,5,-1,0
6551,17,32,1,0,0,88,0,0,5,-1,0
6552,17,32,1,0,0,88,0,0,5,-1,0
6553,17,32,1,0,0,88,0,0,5,-1,0
6554,17,32,1,0,0,88,0,0,5,-1,0
6555,17,32,1,0,0,88,0,0,5,-1,0
6556,17,32,1,0,0,88,0,0,5,-1,0
6557,17,32,1,0,0,88,0,0,5,-1,0
6558,17,32,1,0,0,88,0,0,5,-1,0
6559,17,32,1,0,0,88,0,0,5,-1,0
6560,17,32,1,0,0,88,0,0,5,-1,0
6561,17,32,1,0,0,88,0,0,5,-1,0
6562,17,32,1,0,0,88,0,0,5,-1,0
6563,17,32,1,0,0,88,0,0,5,-1,0
6564,17,32,1,0,0,88,0,0,5,-1,0
6565,17,32,1,0,0,88,0,0,5,-1,0
6566,17,32,1,0,0,88,0,0,5,-1,0
6567,17,32,1,0,0,88,0,0,5,-1,0
6568,17,32,1,0,0,88,0,0,5,-1,0
6569,17,32,1,0,0,88,0,0,5,-1,0
6570,17,32,1,0,0,88,0,0,5,-1,0
6571,17,32,1,0,0,88,0,0,5,-1,0
6572,17,32,1,0,0,88,0,0,5,-1,0
6573,17,32,1,0,0,88,0,0,5,-1,0
6574,17,32,1,0,0,88,0,0,5,-1,0
6575,17,32,1,0,0,88,0,0,5,-1,0
6576,17,32,1,0,0,88,0,0,5,-1,0
6577,17,32,1,0,0,88,0,0,5,-1,0
6578,17,32,1,0,0,88,0,0,5,-1,0
6579,17,32,1,0,0,88,0,0,5,-1,0
6580,17,32,1,0,0,88,0,0,5,-1,0
6581,17,32,1,0,0,88,0,0,5,-1,0
6582,17,32,1,0,0,88,0,0,5,-1,0
6583,17,32,1,0,0,88,0,0,5,-1,0
6584,17,32,1,0,0,88,0,0,5,-1,0
6585,17,32,1,0,0,88,0,0,5,-1,0
6586,17,32,1,0,0,88,0,0,5,-1,0
6587,17,32,1,0,0,88,0,0,5,-1,0
6588,17,32,1,0,0,88,0,0,5,-1,0
6589,17,32,1,0,0,88,0,0,5,-1,0
6590,17,32,1,0,0,88,0,0,5,-1,0
6591,17,32,1,0,0,88,0,0,5,-1,0
6592,17,32,1,0,0,88,0,0,5,-1,0
6593,17,32,1,0,0,88,0,0,5,-1,0
6594,17,32,1,0,0,88,0,0,5,-1,0
6595,17,32,1,0,0,88,0,0,5,-1,0
6596,17,32,1,0,0,88,0,0,5,-1,0
6597,17,32,1,0,0,88,0,0,5,-1,0
6598,17,32,1,0,0,88,0,0,5,-1,0
6599,17,32,1,0,0,88,0,0,5,-1,0
6600,17,32,1,0,0,88,0,0,5,-1,0
6601,17,32,1,0,0,88,0,0,5,-1,0
6602,17,32,1,0,0,88,0,0,5,-1,0
6603,17,32,1,0,0,88,0,0,5,-1,0
6604,17,32,1,0,0,88,0,0,5,-1,0
6605,17,32,1,0,0,88,0,0,5,-1,0
6606,17,32,1,0,0,88,0,0,5,-1,0
6607,17,32,1,0,0,88,0,0,5,-1,0
6608,17,32,1,0,0,88,0,0,5,-1,0
6609,17,32,1,0,0,88,0,0,5,-1,0
6610,17,32,1,0,0,88,0,0,5,-1,0
6611,17,32,1,0,0,88,0,0,5,-1,0
6612,17,32,1,0,0,88,0,0,5,-1,0
6613,17,32,1,0,0,88,0,0,5,-1,0
6614,17,32,1,0,0,88,0,0,5,-1,0
6615,17,32,1,0,0,88,0,0,5,-1,0
6616,17,32,1,0,0,88,0,0,5,-1,0
6617,17,32,1,0,0,88,0,0,5,-1,0
6618,17,32,1,0,0,88,0,0,5,-1,0
6619,17,32,1,0,0,88,0,0,5,-1,0
6620,17,32,1,0,0,88,0,0,5,-1,0
6621,17,32,1,0,0,88,0,0,5,-1,0
6622,17,32,1,0,0,88,0,0,5,-1,0
6623,17,32,1,0,0,88,0,0,5,-1,0
6624,17,32,1,0,0,88,0,0,5,-1,0
6625,17,32,1,0,0,88,0,0,5,-1,0
6626,17,32,1,0,0,88,0,0,5,-1,0
6627,17,32,1,0,0,88,0,0,5,-1,0
6628,17,32,1,0,0,88,0,0,5,-1,0
6629,17,32,1,0,0,88,0,0,5,-1,0
6630,17,32,1,0,0,88,0,0,5,-1,0
6631,17,32,1,0,0,88,0,0,5,-1,0
6632,17,32,1,0,0,88,0,0,5,-1,0
6633,17,32,1,0,0,88,0,0,5,-1,0
6634,17,32,1,0,0,88,0,0,5,-1,0
6635,17,32,1,0,0,88,0,0,5,-1,0
6636,17,32,1,0,0,88,0,0,5,-1,0
6637,17,32,1,0,0,88,0,0,5,-1,0
6638,17,32,1,0,0,88,0,0,5,-1,0
6639,17,32,1,0,0,88,0,0,5,-1,0
6640,17,32,1,0,0,88,0,0,5,-1,0
6641,17,32,1,0,0,88,0,0,5,-1,0
6642,17,32,1,0,0,88,0,0,5,-1,0
6643,17,32,1,0,0,88,0,0,5,-1,0
6644,17,32,1,0,0,88,0,0,5,-1,0
6645,17,32,1,0,0,88,0,0,5,-1,0
6646,17,32,1,0,0,88,0,0,5,-1,0
6647,17,32,1,0,0,88,0,0,5,-1,0
6648,17,32,1,0,0,88,0,0,5,-1,0
6649,17,32,1,0,0,88,0,0,5,-1,0
6650,17,32,1,0,0,88,0,0,5,-1,0
6651,17,32,1,0,0,88,0,0,5,-1,0
6652,17,32,1,0,0,88,0,0,5,-1,0
6653,17,32,1,0,0,88,0,0,5,-1,0
6654,17,32,1,0,0,88,0,0,5,-1,0
6655,17,32,1,0,0,88,0,0,5,-1,0
6656,17,32,1,0,0,88,0,0,5,-1,0
6657,17,32,1,0,0,88,0,0,5,-1,0
6658,17,32,1,0,0,88,0,0,5,-1,0
6659,17,32,1,0,0,88,0,0,5,-1,0
6660,17,32,1,0,0,88,0,0,5,-1,0
6661,17,32,1,0,0,88,0,0,5,-1,0
6662,17,32,1,0,0,88,0,0,5,-1,0
6663,17,32,1,0,0,88,0,0,5,-1,0
6664,17,32,1,0,0,88,0,0,5,-1,0
6665,17,32,1,0,0,88,0,0,5,-1,0
6666,17,32,1,0,0,88,0,0,5,-1,0
6667,17,32,1,0,0,88,0,0,5,-1,0
6668,17,32,1,0,0,88,0,0,5,-1,0
6669,17,32,1,0,0,88,0,0,5,-1,0
6670,17,32,1,0,0,88,0,0,5,-1,0
6671,17,32,1,0,0,88,0,0,5,-1,0
6672,17,32,1,0,0,88,0,0,5,-1,0
6673,17,32,1,0,0,88,0,0,5,-1,0
6674,17,32,1,0,0,88,0,0,5,-1,0
6675,17,32,1,0,0,88,0,0,5,-1,0
6676,17,32,1,0,0,88,0,0,5,-1,0
6677,17,32,1,0,0,88,0,0,5,-1,0
6678,17,32,1,0,0,88,0,0,5,-1,0
6679,17,32,1,0,0,88,0,0,5,-1,0
6680,17,32,1,0,0,88,0,0,5,-1,0
6681,17,32,1,0,0,88,0,0,5,-1,0
6682,17,32,1,0,0,88,0,0,5,-1,0
6683,17,32,1,0,0,88,0,0,5,-1,0
6684,17,32,1,0,0,88,0,0,5,-1,0
6685,17,32,1,0,0,88,0,0,5,-1,0
6686,17,32,1,0,0,88,0,0,5,-1,0
6687,17,32,1,0,0,88,0,0,5,-1,0
6688,17,32,1,0,0,88,0,0,5,-1,0
6689,17,32,1,0,0,88,0,0,5,-1,0
6690,17,32,1,0,0,88,0,0,5,-1,0
6691,17,32,1,0,0,88,0,0,5,-1,0
6692,17,32,1,0,0,88,0,0,5,-1,0
6693,17,32,1,0,0,88,0,0,5,-1,0
6694,17,32,1,0,0,88,0,0,5,-1,0
6695,17,32,1,0,0,88,0,0,5,-1,0
6696,17,32,1,0,0,88,0,0,5,-1,0
6697,17,32,1,0,0,88,0,0,5,-1,0
6698,17,32,1,0,0,88,0,0,5,-1,0
6699,17,32,1,0,0,88,0,0,5,-1,0
6700,17,32,1,0,0,88,0,0,5,-1,0
6701,17,32,1,0,0,88,0,0,5,-1,0
6702,17,32,1,0,0,88,0,0,5,-1,0
6703,17,32,1,0,0,88,0,0,5,-1,0
6704,17,32,1,0,0,88,0,0,5,-1,0
6705,17,32,1,0,0,88,0,0,5,-1,0
6706,17,32,1,0,0,88,0,0,5,-1,0
6707,17,32,1,0,0,88,0,0,5,-1,0
6708,17,32,1,0,0,88,0,0,5,-1,0
6709,17,32,1,0,0,88,0,0,5,-1,0
6710,17,32,1,0,0,88,0,0,5,-1,0
6711,17,32,1,0,0,88,0,0,5,-1,0
6712,17,32,1,0,0,88,0,0,5,-1,0
6713,17,32,1,0,0,88,0,0,5,-1,0
6714,17,32,1,0,0,88,0,0,5,-1,0
6715,17,32,1,0,0,88,0,0,5,-1,0
6716,17,32,1,0,0,88,0,0,5,-1,0
6717,17,32,1,0,0,88,0,0,5,-1,0
6718,17,32,1,0,0,88,0,0,5,-1,0
6719,17,32,1,0,0,88,0,0,5,-1,0
6720,17,32,1,0,0,88,0,0,5,-1,0
6721,17,32,1,0,0,88,0,0,5,-1,0
6722,17,32,1,0,0,88,0,0,5,-1,0
6723,17,32,1,0,0,88,0,0,5,-1,0
6724,17,32,1,0,0,88,0,0,5,-1,0
6725,17,32,1,0,0,88,0,0,5,-1,0
6726,17,32,1,0,0,88,0,0,5,-1,0
6727,17,32,1,0,0,88,0,0,5,-1,0
6728,17,32,1,0,0,88,0,0,5,-1,0
6729,17,32,1,0,0,88,0,0,5,-1,0
6730,17,32,1,0,0,88,0,0,5,-1,0
6731,17,32,1,0,0,88,0,0,5,-1,0
6732,17,32,1,0,0,88,0,0,5,-1,0
6733,17,32,1,0,0,88,0,0,5,-1,0
6734,17,32,1,0,0,88,0,0,5,-1,0
6735,17,32,1,0,0,88,0,0,5,-1,0
6736,17,32,1,0,0,88,0,0,5,-1,0
6737,17,32,1,0,0,88,0,0,5,-1,0
6738,17,32,1,0,0,88,0,0,5,-1,0
6739,17,32,1,0,0,88,0,0,5,-1,0
6740,17,32,1,0,0,88,0,0,5,-1,0
6741,17,32,1,0,0,88,0,0,5,-1,0
6742,17,32,1,0,0,88,0,0,5,-1,0
6743,17,32,1,0,0,88,0,0,5,-1,0
6744,17,32,1,0,0,88,0,0,5,-1,0
6745,17,32,1,0,0,88,0,0,5,-1,0
6746,17,32,1,0,0,88,0,0,5,-1,0
6747,17,32,1,0,0,88,0,0,5,-1,0
6748,17,32,1,0,0,88,0,0,5,-1,0
6749,17,32,1,0,0,88,0,0,5,-1,0
6750,17,32,1,0,0,88,0,0,5,-1,0
6751,17,32,1,0,0,88,0,0,5,-1,0
6752,17,32,1,0,0,88,0,0,5,-1,0
6753,17,32,1,0,0,88,0,0,5,-1,0
6754,17,32,1,0,0,88,0,0,5,-1,0
6755,17,32,1,0,0,88,0,0,5,-1,0
6756,17,32,1,0,0,88,0,0,5,-1,0
6757,17,32,1,0,0,88,0,0,5,-1,0
6758,17,32,1,0,0,88,0,0,5,-1,0
6759,17,32,1,0,0,88,0,0,5,-1,0
6760,17,32,1,0,0,88,0,0,5,-1,0
6761,17,32,1,0,0,88,0,0,5,-1,0
6762,17,32,1,0,0,88,0,0,5,-1,0
6763,17,32,1,0,0,88,0,0,5,-1,0
6764,31,32,1,0,0,91,0,0,8,-1,0
6765,31,32,1,0,0,91,0,0,8,-1,0
6766,31,32,1,0,0,91,0,0,8,-1,0
6767,31,32,1,0,0,91,0,0,8,-1,0
6768,31,32,1,0,0,91,0,0,8,-1,0
6769,31,32,1,0,0,91,0,0,8,-1,0
6770,31,32,1,0,0,91,0,0,8,-1,0
6771,31,32,1,0,0,91,0,0,8,-1,0
6772,31,32,1,0,0,91,0,0,8,-1,0
6773,31,32,1,0,0,91,0,0,8,-1,0
6774,31,32,1,0,0,91,0,0,8,-1,0
6775,31,32,1,0,0,91,0,0,8,-1,0
6776,31,32,1,0,0,91,0,0,8,-1,0
6777,31,32,1,0,0,91,0,0,8,-1,0
6778,31,32,1,0,0,91,0,0,8,-1,0
6779,31,32,1,0,0,91,0,0,8,-1,0
6780,31,32,1,0,0,91,0,0,8,-1,0
6781,31,32,1,0,0,91,0,0,8,-1,0
6782,31,32,1,0,0,91,0,0,8,-1,0
6783,31,32,1,0,0,91,0,0,8,-1,0
6784,31,32,1,0,0,91,0,0,8,-1,0
6785,31,32,1,0,0,91,0,0,8,-1,0
6786,31,32,1,0,0,91,0,0,8,-1,0
6787,31,32,1,0,0,91,0,0,8,-1,0
6788,31,32,1,0,0,91,0,0,8,-1,0
6789,31,32,1,0,0,91,0,0,8,-1,0
6790,31,32,1,0,0,91,0,0,8,-1,0
6791,31,32,1,0,0,91,0,0,8,-1,0
6792,31,32,1,0,0,91,0,0,8,-1,0
6793,31,32,1,0,0,91,0,0,8,-1,0
6794,31,32,1,0,0,91,0,0,8,-1,0
6795,31,32,1,0,0,91,0,0,8,-1,0
6796,31,32,1,0,0,91,0,0,8,-1,0
6797,31,32,1,0,0,91,0,0,8,-1,0
6798,31,32,1,0,0,91,0,0,8,-1,0
6799,31,32,1,0,0,91,0,0,8,-1,0
6800,31,32,1,0,0,91,0,0,8,-1,0
6801,31,32,1,0,0,91,0,0,8,-1,0
6802,31,32,1,0,0,91,0,0,8,-1,0
6803,31,32,1,0,0,91,0,0,8,-1,0
6804,31,32,1,0,0,91,0,0,8,-1,0
6805,31,32,1,0,0,91,0,0,8,-1,0
6806,31,32,1,0,0,91,0,0,8,-1,0
6807,31,32,1,0,0,91,0,0,8,-1,0
6808,31,32,1,0,0,91,0,0,8,-1,0
6809,31,32,1,0,0,91,0,0,8,-1,0
6810,31,32,1,0,0,91,0,0,8,-1,0
6811,31,32,1,0,0,91,0,0,8,-1,0
6812,31,32,1,0,0,91,0,0,8,-1,0
6813,31,32,1,0,0,91,0,0,8,-1,0
6814,31,32,1,0,0,91,0,0,8,-1,0
6815,31,32,1,0,0,91,0,0,8,-1,0
6816,31,32,1,0,0,91,0,0,8,-1,0
6817,31,32,1,0,0,91,0,0,8,-1,0
6818,31,32,1,0,0,91,0,0,8,-1,0
6819,31,32,1,0,0,91,0,0,8,-1,0
6820,31,32,1,0,0,91,0,0,8,-1,0
6821,31,32,1,0,0,91,0,0,8,-1,0
6822,31,32,1,0,0,91,0,0,8,-1,0
6823,31,32,1,0,0,91,0,0,8,-1,0
6824,31,32,1,0,0,91,0,0,8,-1,0
6825,31,32,1,0,0,91,0,0,8,-1,0
6826,31,32,1,0,0,91,0,0,8,-1,0
6827,31,32,1,0,0,91,0,0,8,-1,0
6828,31,32,1,0,0,91,0,0,8,-1,0
6829,31,32,1,0,0,91,0,0,8,-1,0
6830,31,32,1,0,0,91,0,0,8,-1,0
6831,31,32,1,0,0,91,0,0,8,-1,0
6832,31,32,1,0,0,91,0,0,8,-1,0
6833,31,32,1,0,0,91,0,0,8,-1,0
6834,31,32,1,0,0,91,0,0,8,-1,0
6835,31,32,1,0,0,91,0,0,8,-1,0
6836,31,32,1,0,0,91,0,0,8,-1,0
6837,31,32,1,0,0,91,0,0,8,-1,0
6838,31,32,1,0,0,91,0,0,8,-1,0
6839,31,32,1,0,0,91,0,0,8,-1,0
6840,31,32,1,0,0,91,0,0,8,-1,0
6841,31,32,1,0,0,91,0,0,8,-1,0
6842,31,32,1,0,0,91,0,0,8,-1,0
6843,31,32,1,0,0,91,0,0,8,-1,0
6844,31,32,1,0,0,91,0,0,8,-1,0
6845,31,32,1,0,0,91,0,0,8,-1,0
6846,31,32,1,0,0,91,0,0,8,-1,0
6847,31,32,1,0,0,91,0,0,8,-1,0
6848,31,32,1,0,0,91,0,0,8,-1,0
6849,31,32,1,0,0,91,0,0,8,-1,0
6850,31,32,1,0,0,91,0,0,8,-1,0
6851,31,32,1,0,0,91,0,0,8,-1,0
6852,31,32,1,0,0,91,0,0,8,-1,0
6853,31,32,1,0,0,91,0,0,8,-1,0
6854,31,32,1,0,0,91,0,0,8,-1,0
6855,31,32,1,0,0,91,0,0,8,-1,0
6856,31,32,1,0,0,91,0,0,8,-1,0
6857,31,32,1,0,0,91,0,0,8,-1,0
6858,31,32,1,0,0,91,0,0,8,-1,0
6859,31,32,1,0,0,91,0,0,8,-1,0
6860,31,32,1,0,0,91,0,0,8,-1,0
6861,31,32,1,0,0,91,0,0,8,-1,0
6862,31,32,1,0,0,91,0,0,8,-1,0
6863,31,32,1,0,0,91,0,0,8,-1,0
6864,31,32,1,0,0,91,0,0,8,-1,0
6865,31,32,1,0,0,91,0,0,8,-1,0
6866,31,32,1,0,0,91,0,0,8,-1,0
6867,31,32,1,0,0,91,0,0,8,-1,0
6868,31,32,1,0,0,91,0,0,8,-1,0
6869,31,32,1,0,0,91,0,0,8,-1,0
6870,31,32,1,0,0,91,0,0,8,-1,0
6871,31,32,1,0,0,91,0,0,8,-1,0
6872,31,32,1,0,0,91,0,0,8,-1,0
6873,31,32,1,0,0,91,0,0,8,-1,0
6874,31,32,1,0,0,91,0,0,8,-1,0
6875,31,32,1,0,0,91,0,0,8,-1,0
6876,31,32,1,0,0,91,0,0,8,-1,0
6877,31,32,1,0,0,91,0,0,8,-1,0
6878,31,32,1,0,0,91,0,0,8,-1,0
6879,31,32,1,0,0,91,0,0,8,-1,0
6880,31,32,1,0,0,91,0,0,8,-1,0
6881,31,32,1,0,0,91,0,0,8,-1,0
6882,31,32,1,0,0,91,0,0,8,-1,0
6883,31,32,1,0,0,91,0,0,8,-1,0
6884,31,32,1,0,0,91,0,0,8,-1,0
6885,31,32,1,0,0,91,0,0,8,-1,0
6886,31,32,1,0,0,91,0,0,8,-1,0
6887,31,32,1,0,0,91,0,0,8,-1,0
6888,31,32,1,0,0,91,0,0,8,-1,0
6889,31,32,1,0,0,91,0,0,8,-1,0
6890,31,32,1,0,0,91,0,0,8,-1,0
6891,31,32,1,0,0,91,0,0,8,-1,0
6892,31,32,1,0,0,91,0,0,8,-1,0
6893,31,32,1,0,0,91,0,0,8,-1,0
6894,31,32,1,0,0,91,0,0,8,-1,0
6895,31,32,1,0,0,91,0,0,8,-1,0
6896,31,32,1,0,0,91,0,0,8,-1,0
6897,31,32,1,0,0,91,0,0,8,-1,0
6898,31,32,1,0,0,91,0,0,8,-1,0
6899,31,32,1,0,0,91,0,0,8,-1,0
6900,31,32,1,0,0,91,0,0,8,-1,0
6901,31,32,1,0,0,91,0,0,8,-1,0
6902,31,32,1,0,0,91,0,0,8,-1,0
6903,31,32,1,0,0,91,0,0,8,-1,0
6904,31,32,1,0,0,91,0,0,8,-1,0
6905,31,32,1,0,0,91,0,0,8,-1,0
6906,31,32,1,0,0,91,0,0,8,-1,0
6907,31,32,1,0,0,91,0,0,8,-1,0
6908,31,32,1,0,0,91,0,0,8,-1,0
6909,31,32,1,0,0,91,0,0,8,-1,0
6910,31,32,1,0,0,91,0,0,8,-1,0
6911,31,32,1,0,0,91,0,0,8,-1,0
6912,31,32,1,0,0,91,0,0,8,-1,0
6913,31,32,1,0,0,91,0,0,8,-1,0
6914,31,32,1,0,0,91,0,0,8,-1,0
6915,31,32,1,0,0,91,0,0,8,-1,0
6916,31,32,1,0,0,91,0,0,8,-1,0
6917,31,32,1,0,0,91,0,0,8,-1,0
6918,31,32,1,0,0,91,0,0,8,-1,0
6919,31,32,1,0,0,91,0,0,8,-1,0
6920,31,32,1,0,0,91,0,0,8,-1,0
6921,31,32,1,0,0,91,0,0,8,-1,0
6922,31,32,1,0,0,91,0,0,8,-1,0
6923,31,32,1,0,0,91,0,0,8,-1,0
6924,31,32,1,0,0,91,0,0,8,-1,0
6925,31,32,1,0,0,91,0,0,8,-1,0
6926,31,32,1,0,0,91,0,0,8,-1,0
6927,31,32,1,0,0,91,0,0,8,-1,0
6928,31,32,1,0,0,91,0,0,8,-1,0
6929,31,32,1,0,0,91,0,0,8,-1,0
6930,31,32,1,0,0,91,0,0,8,-1,0
6931,31,32,1,0,0,91,0,0,8,-1,0
6932,31,32,1,0,0,91,0,0,8,-1,0
6933,31,32,1,0,0,91,0,0,8,-1,0
6934,31,32,1,0,0,91,0,0,8,-1,0
6935,31,32,1,0,0,91,0,0,8,-1,0
6936,31,32,1,0,0,91,0,0,8,-1,0
6937,31,32,1,0,0,91,0,0,8,-1,0
6938,31,32,1,0,0,91,0,0,8,-1,0
6939,31,32,1,0,0,91,0,0,8,-1,0
6940,31,32,1,0,0,91,0,0,8,-1,0
6941,31,32,1,0,0,91,0,0,8,-1,0
6942,31,32,1,0,0,91,0,0,8,-1,0
6943,31,32,1,0,0,91,0,0,8,-1,0
6944,31,32,1,0,0,91,0,0,8,-1,0
6945,31,32,1,0,0,91,0,0,8,-1,0
6946,31,32,1,0,0,91,0,0,8,-1,0
6947,31,32,1,0,0,91,0,0,8,-1,0
6948,31,32,1,0,0,91,0,0,8,-1,0
6949,31,32,1,0,0,91,0,0,8,-1,0
6950,31,32,1,0,0,91,0,0,8,-1,0
6951,31,32,1,0,0,91,0,0,8,-1,0
6952,31,32,1,0,0,91,0,0,8,-1,0
6953,31,32,1,0,0,91,0,0,8,-1,0
6954,31,32,1,0,0,91,0,0,8,-1,0
6955,31,32,1,0,0,91,0,0,8,-1,0
6956,31,32,1,0,0,91,0,0,8,-1,0
6957,31,32,1,0,0,91,0,0,8,-1,0
6958,31,32,1,0,0,91,0,0,8,-1,0
6959,31,32,1,0,0,91,0,0,8,-1,0
6960,31,32,1,0,0,91,0,0,8,-1,0
6961,31,32,1,0,0,91,0,0,8,-1,0
6962,31,32,1,0,0,91,0,0,8,-1,0
6963,31,32,1,0,0,91,0,0,8,-1,0
6964,31,32,1,0,0,91,0,0,8,-1,0
6965,31,32,1,0,0,91,0,0,8,-1,0
6966,31,32,1,0,0,91,0,0,8,-1,0
6967,31,32,1,0,0,91,0,0,8,-1,0
6968,31,32,1,0,0,91,0,0,8,-1,0
6969,31,32,1,0,0,91,0,0,8,-1,0
6970,31,32,1,0,0,91,0,0,8,-1,0
6971,31,32,1,0,0,91,0,0,8,-1,0
6972,31,32,1,0,0,91,0,0,8,-1,0
6973,31,32,1,0,0,91,0,0,8,-1,0
6974,31,32,1,0,0,91,0,0,8,-1,0
6975,31,32,1,0,0,91,0,0,8,-1,0
6976,31,32,1,0,0,91,0,0,8,-1,0
6977,31,32,1,0,0,91,0,0,8,-1,0
6978,31,32,1,0,0,91,0,0,8,-1,0
6979,31,32,1,0,0,91,0,0,8,-1,0
6980,31,32,1,0,0,91,0,0,8,-1,0
6981,31,32,1,0,0,91,0,0,8,-1,0
6982,31,32,1,0,0,91,0,0,8,-1,0
6983,31,32,1,0,0,91,0,0,8,-1,0
6984,31,32,1,0,0,91,0,0,8,-1,0
6985,31,32,1,0,0,91,0,0,8,-1,0
6986,31,32,1,0,0,91,0,0,8,-1,0
6987,31,32,1,0,0,91,0,0,8,-1,0
6988,31,32,1,0,0,91,0,0,8,-1,0
6989,31,32,1,0,0,91,0,0,8,-1,0
6990,31,32,1,0,0,91,0,0,8,-1,0
6991,31,32,1,0,0,91,0,0,8,-1,0
6992,31,32,1,0,0,91,0,0,8,-1,0
6993,31,32,1,0,0,91,0,0,8,-1,0
6994,31,32,1,0,0,91,0,0,8,-1,0
6995,31,32,1,0,0,91,0,0,8,-1,0
6996,31,32,1,0,0,91,0,0,8,-1,0
6997,31,32,1,0,0,91,0,0,8,-1,0
6998,31,32,1,0,0,91,0,0,8,-1,0
6999,31,32,1,0,0,91,0,0,8,-1,0
7000,31,32,1,0,0,91,0,0,8,-1,0
7001,31,32,1,0,0,91,0,0,8,-1,0
7002,31,32,1,0,0,91,0,0,8,-1,0
7003,31,32,1,0,0,91,0,0,8,-1,0
7004,31,32,1,0,0,91,0,0,8,-1,0
7005,31,32,1,0,0,91,0,0,8,-1,0
7006,31,32,1,0,0,91,0,0,8,-1,0
7007,31,32,1,0,0,91,0,0,8,-1,0
7008,31,32,1,0,0,91,0,0,8,-1,0
7009,31,32,1,0,0,91,0,0,8,-1,0
7010,31,32,1,0,0,91,0,0,8,-1,0
7011,31,32,1,0,0,91,0,0,8,-1,0
7012,31,32,1,0,0,91,0,0,8,-1,0
7013,31,32,1,0,0,91,0,0,8,-1,0
7014,31,32,1,0,0,91,0,0,8,-1,0
7015,31,32,1,0,0,91,0,0,8,-1,0
7016,31,32,1,0,0,91,0,0,8,-1,0
7017,31,32,1,0,0,91,0,0,8,-1,0
7018,31,32,1,0,0,91,0,0,8,-1,0
7019,31,32,1,0,0,91,0,0,8,-1,0
7020,31,32,1,0,0,91,0,0,8,-1,0
7021,31,32,1,0,0,91,0,0,8,-1,0
7022,31,32,1,0,0,91,0,0,8,-1,0
7023,31,32,1,0,0,91,0,0,8,-1,0
7024,31,32,1,0,0,91,0,0,8,-1,0
7025,31,32,1,0,0,91,0,0,8,-1,0
7026,31,32,1,0,0,91,0,0,8,-1,0
7027,31,32,1,0,0,91,0,0,8,-1,0
7028,31,32,1,0,0,91,0,0,8,-1,0
7029,31,32,1,0,0,91,0,0,8,-1,0
7030,31,32,1,0,0,91,0,0,8,-1,0
7031,31,32,1,0,0,91,0,0,8,-1,0
7032,31,32,1,0,0,91,0,0,8,-1,0
7033,31,32,1,0,0,91,0,0,8,-1,0
7034,31,32,1,0,0,91,0,0,8,-1,0
7035,31,32,1,0,0,91,0,0,8,-1,0
7036,31,32,1,0,0,91,0,0,8,-1,0
7037,31,32,1,0,0,91,0,0,8,-1,0
7038,31,32,1,0,0,91,0,0,8,-1,0
7039,31,32,1,0,0,91,0,0,8,-1,0
7040,31,32,1,0,0,91,0,0,8,-1,0
7041,31,32,1,0,0,91,0,0,8,-1,0
7042,31,32,1,0,0,91,0,0,8,-1,0
7043,31,32,1,0,0,91,0,0,8,-1,0
7044,31,32,1,0,0,91,0,0,8,-1,0
7045,31,32,1,0,0,91,0,0,8,-1,0
7046,31,32,1,0,0,91,0,0,8,-1,0
7047,31,32,1,0,0,91,0,0,8,-1,0
7048,31,32,1,0,0,91,0,0,8,-1,0
7049,31,32,1,0,0,91,0,0,8,-1,0
7050,31,32,1,0,0,91,0,0,8,-1,0
7051,31,32,1,0,0,91,0,0,8,-1,0
7052,31,32,1,0,0,91,0,0,8,-1,0
7053,31,32,1,0,0,91,0,0,8,-1,0
7054,31,32,1,0,0,91,0,0,8,-1,0
7055,31,32,1,0,0,91,0,0,8,-1,0
7056,31,32,1,0,0,91,0,0,8,-1,0
7057,31,32,1,0,0,91,0,0,8,-1,0
7058,31,32,1,0,0,91,0,0,8,-1,0
7059,31,32,1,0,0,91,0,0,8,-1,0
7060,31,32,1,0,0,91,0,0,8,-1,0
7061,31,32,1,0,0,91,0,0,8,-1,0
7062,31,32,1,0,0,91,0,0,8,-1,0
7063,31,32,1,0,0,91,0,0,8,-1,0
7064,31,32,1,0,0,91,0,0,8,-1,0
7065,31,32,1,0,0,91,0,0,8,-1,0
7066,31,32,1,0,0,91,0,0,8,-1,0
7067,31,32,1,0,0,91,0,0,8,-1,0
7068,31,32,1,0,0,91,0,0,8,-1,0
7069,31,32,1,0,0,91,0,0,8,-1,0
7070,31,32,1,0,0,91,0,0,8,-1,0
7071,31,32,1,0,0,91,0,0,8,-1,0
7072,31,32,1,0,0,91,0,0,8,-1,0
7073,31,32,1,0,0,91,0,0,8,-1,0
7074,31,32,1,0,0,91,0,0,8,-1,0
7075,31,32,1,0,0,91,0,0,8,-1,0
7076,31,32,1,0,0,91,0,0,8,-1,0
7077,31,32,1,0,0,91,0,0,8,-1,0
7078,31,32,1,0,0,91,0,0,8,-1,0
7079,31,32,1,0,0,91,0,0,8,-1,0
7080,31,32,1,0,0,91,0,0,8,-1,0
7081,31,32,1,0,0,91,0,0,8,-1,0
7082,31,32,1,0,0,91,0,0,8,-1,0
7083,31,32,1,0,0,91,0,0,8,-1,0
7084,31,32,1,0,0,91,0,0,8,-1,0
7085,31,32,1,0,0,91,0,0,8,-1,0
7086,31,32,1,0,0,91,0,0,8,-1,0
7087,31,32,1,0,0,91,0,0,8,-1,0
7088,31,32,1,0,0,91,0,0,8,-1,0
7089,31,32,1,0,0,91,0,0,8,-1,0
7090,31,32,1,0,0,91,0,0,8,-1,0
7091,31,32,1,0,0,91,0,0,8,-1,0
7092,31,32,1,0,0,91,0,0,8,-1,0
7093,31,32,1,0,0,91,0,0,8,-1,0
7094,31,32,1,0,0,91,0,0,8,-1,0
7095,31,32,1,0,0,91,0,0,8,-1,0
7096,31,32,1,0,0,91,0,0,8,-1,0
7097,31,32,1,0,0,91,0,0,8,-1,0
7098,31,32,1,0,0,91,0,0,8,-1,0
7099,31,32,1,0,0,91,0,0,8,-1,0
7100,31,32,1,0,0,91,0,0,8,-1,0
7101,31,32,1,0,0,91,0,0,8,-1,0
7102,31,32,1,0,0,91,0,0,8,-1,0
7103,31,32,1,0,0,91,0,0,8,-1,0
7104,31,32,1,0,0,91,0,0,8,-1,0
7105,31,32,1,0,0,91,0,0,8,-1,0
7106,31,32,1,0,0,91,0,0,8,-1,0
7107,31,32,1,0,0,91,0,0,8,-1,0
7108,31,32,1,0,0,91,0,0,8,-1,0
7109,31,32,1,0,0,91,0,0,8,-1,0
7110,31,32,1,0,0,91,0,0,8,-1,0
7111,31,32,1,0,0,91,0,0,8,-1,0
7112,31,32,1,0,0,91,0,0,8,-1,0
7113,31,32,1,0,0,91,0,0,8,-1,0
7114,31,32,1,0,0,91,0,0,8,-1,0
7115,31,32,1,0,0,91,0,0,8,-1,0
7116,31,32,1,0,0,91,0,0,8,-1,0
7117,31,32,1,0,0,91,0,0,8,-1,0
7118,31,32,1,0,0,91,0,0,8,-1,0
7119,31,32,1,0,0,91,0,0,8,-1,0
7120,31,32,1,0,0,91,0,0,8,-1,0
7121,31,32,1,0,0,91,0,0,8,-1,0
7122,31,32,1,0,0,91,0,0,8,-1,0
7123,31,32,1,0,0,91,0,0,8,-1,0
7124,31,32,1,0,0,91,0,0,8,-1,0
7125,31,32,1,0,0,91,0,0,8,-1,0
7126,31,32,1,0,0,91,0,0,8,-1,0
7127,31,32,1,0,0,91,0,0,8,-1,0
7128,31,32,1,0,0,91,0,0,8,-1,0
7129,31,32,1,0,0,91,0,0,8,-1,0
7130,31,32,1,0,0,91,0,0,8,-1,0
7131,31,32,1,0,0,91,0,0,8,-1,0
7132,31,32,1,0,0,91,0,0,8,-1,0
7133,31,32,1,0,0,91,0,0,8,-1,0
7134,31,32,1,0,0,91,0,0,8,-1,0
7135,31,32,1,0,0,91,0,0,8,-1,0
7136,31,32,1,0,0,91,0,0,8,-1,0
7137,31,32,1,0,0,91,0,0,8,-1,0
7138,31,32,1,0,0,91,0,0,8,-1,0
7139,31,32,1,0,0,91,0,0,8,-1,0
7140,31,32,1,0,0,91,0,0,8,-1,0
7141,31,32,1,0,0,91,0,0,8,-1,0
7142,31,32,1,0,0,91,0,0,8,-1,0
7143,31,32,1,0,0,91,0,0,8,-1,0
7144,31,32,1,0,0,91,0,0,8,-1,0
7145,31,32,1,0,0,91,0,0,8,-1,0
7146,31,32,1,0,0,91,0,0,8,-1,0
7147,31,32,1,0,0,91,0,0,8,-1,0
7148,31,32,1,0,0,91,0,0,8,-1,0
7149,31,32,1,0,0,91,0,0,8,-1,0
7150,31,32,1,0,0,91,0,0,8,-1,0
7151,31,32,1,0,0,91,0,0,8,-1,0
7152,31,32,1,0,0,91,0,0,8,-1,0
7153,31,32,1,0,0,91,0,0,8,-1,0
7154,31,32,1,0,0,91,0,0,8,-1,0
7155,31,32,1,0,0,91,0,0,8,-1,0
7156,31,32,1,0,0,91,0,0,8,-1,0
7157,31,32,1,0,0,91,0,0,8,-1,0
7158,31,32,1,0,0,91,0,0,8,-1,0
7159,31,32,1,0,0,91,0,0,8,-1,0
7160,31,32,1,0,0,91,0,0,8,-1,0
7161,31,32,1,0,0,91,0,0,8,-1,0
7162,31,32,1,0,0,91,0,0,8,-1,0
7163,31,32,1,0,0,91,0,0,8,-1,0
7164,31,32,1,0,0,91,0,0,8,-1,0
7165,31,32,1,0,0,91,0,0,8,-1,0
7166,31,32,1,0,0,91,0,0,8,-1,0
7167,31,32,1,0,0,91,0,0,8,-1,0
7168,31,32,1,0,0,91,0,0,8,-1,0
7169,31,32,1,0,0,91,0,0,8,-1,0
7170,31,32,1,0,0,91,0,0,8,-1,0
7171,31,32,1,0,0,91,0,0,8,-1,0
7172,31,32,1,0,0,91,0,0,8,-1,0
7173,31,32,1,0,0,91,0,0,8,-1,0
7174,31,32,1,0,0,91,0,0,8,-1,0
7175,31,32,1,0,0,91,0,0,8,-1,0
7176,31,32,1,0,0,91,0,0,8,-1,0
7177,31,32,1,0,0,91,0,0,8,-1,0
7178,31,32,1,0,0,91,0,0,8,-1,0
7179,31,32,1,0,0,91,0,0,8,-1,0
7180,31,32,1,0,0,91,0,0,8,-1,0
7181,31,32,1,0,0,91,0,0,8,-1,0
7182,31,32,1,0,0,91,0,0,8,-1,0
7183,31,32,1,0,0,91,0,0,8,-1,0
7184,31,32,1,0,0,91,0,0,8,-1,0
7185,31,32,1,0,0,91,0,0,8,-1,0
7186,31,32,1,0,0,91,0,0,8,-1,0
7187,31,32,1,0,0,91,0,0,8,-1,0
7188,31,32,1,0,0,91,0,0,8,-1,0
7189,31,32,1,0,0,91,0,0,8,-1,0
7190,31,32,1,0,0,91,0,0,8,-1,0
7191,31,32,1,0,0,91,0,0,8,-1,0
7192,31,32,1,0,0,91,0,0,8,-1,0
7193,31,32,1,0,0,91,0,0,8,-1,0
7194,31,32,1,0,0,91,0,0,8,-1,0
7195,31,32,1,0,0,91,0,0,8,-1,0
7196,31,32,1,0,0,91,0,0,8,-1,0
7197,31,32,1,0,0,91,0,0,8,-1,0
7198,31,32,1,0,0,91,0,0,8,-1,0
7199,31,32,1,0,0,91,0,0,8,-1,0
7200,31,32,1,0,0,91,0,0,8,-1,0
7201,31,32,1,0,0,91,0,0,8,-1,0
7202,31,32,1,0,0,91,0,0,8,-1,0
7203,31,32,1,0,0,91,0,0,8,-1,0
7204,31,32,1,0,0,91,0,0,8,-1,0
7205,31,32,1,0,0,91,0,0,8,-1,0
7206,31,32,1,0,0,91,0,0,8,-1,0
7207,31,32,1,0,0,91,0,0,8,-1,0
7208,31,32,1,0,0,91,0,0,8,-1,0
7209,31,32,1,0,0,91,0,0,8,-1,0
7210,31,32,1,0,0,91,0,0,8,-1,0
7211,31,32,1,0,0,91,0,0,8,-1,0
7212,31,32,1,0,0,91,0,0,8,-1,0
7213,31,32,1,0,0,91,0,0,8,-1,0
7214,31,32,1,0,0,91,0,0,8,-1,0
7215,31,32,1,0,0,91,0,0,8,-1,0
7216,31,32,1,0,0,91,0,0,8,-1,0
7217,31,32,1,0,0,91,0,0,8,-1,0
7218,31,32,1,0,0,91,0,0,8,-1,0
7219,31,32,1,0,0,91,0,0,8,-1,0
7220,31,32,1,0,0,91,0,0,8,-1,0
7221,31,32,1,0,0,91,0,0,8,-1,0
7222,31,32,1,0,0,91,0,0,8,-1,0
7223,31,32,1,0,0,91,0,0,8,-1,0
7224,31,32,1,0,0,91,0,0,8,-1,0
7225,31,32,1,0,0,91,0,0,8,-1,0
7226,31,32,1,0,0,91,0,0,8,-1,0
7227,31,32,1,0,0,91,0,0,8,-1,0
7228,31,32,1,0,0,91,0,0,8,-1,0
7229,31,32,1,0,0,91,0,0,8,-1,0
7230,31,32,1,0,0,91,0,0,8,-1,0
7231,31,32,1,0,0,91,0,0,8,-1,0
7232,31,32,1,0,0,91,0,0,8,-1,0
7233,31,32,1,0,0,91,0,0,8,-1,0
7234,31,32,1,0,0,91,0,0,8,-1,0
7235,31,32,1,0,0,91,0,0,8,-1,0
7236,31,32,1,0,0,91,0,0,8,-1,0
7237,31,32,1,0,0,91,0,0,8,-1,0
7238,31,32,1,0,0,91,0,0,8,-1,0
7239,31,32,1,0,0,91,0,0,8,-1,0
7240,31,32,1,0,0,91,0,0,8,-1,0
7241,31,32,1,0,0,91,0,0,8,-1,0
7242,31,32,1,0,0,91,0,0,8,-1,0
7243,31,32,1,0,0,91,0,0,8,-1,0
7244,31,32,1,0,0,91,0,0,8,-1,0
7245,31,32,1,0,0,91,0,0,8,-1,0
7246,31,32,1,0,0,91,0,0,8,-1,0
7247,31,32,1,0,0,91,0,0,8,-1,0
7248,31,32,1,0,0,91,0,0,8,-1,0
7249,31,32,1,0,0,91,0,0,8,-1,0
7250,31,32,1,0,0,91,0,0,8,-1,0
7251,31,32,1,0,0,91,0,0,8,-1,0
7252,31,32,1,0,0,91,0,0,8,-1,0
7253,31,32,1,0,0,91,0,0,8,-1,0
7254,31,32,1,0,0,91,0,0,8,-1,0
7255,31,32,1,0,0,91,0,0,8,-1,0
7256,31,32,1,0,0,91,0,0,8,-1,0
7257,31,32,1,0,0,91,0,0,8,-1,0
7258,31,32,1,0,0,91,0,0,8,-1,0
7259,31,32,1,0,0,91,0,0,8,-1,0
7260,31,32,1,0,0,91,0,0,8,-1,0
7261,31,32,1,0,0,91,0,0,8,-1,0
7262,31,32,1,0,0,91,0,0,8,-1,0
7263,31,32,1,0,0,91,0,0,8,-1,0
7264,31,32,1,0,0,91,0,0,8,-1,0
7265,31,32,1,0,0,91,0,0,8,-1,0
7266,31,32,1,0,0,91,0,0,8,-1,0
7267,31,32,1,0,0,91,0,0,8,-1,0
7268,31,32,1,0,0,91,0,0,8,-1,0
7269,31,32,1,0,0,91,0,0,8,-1,0
7270,31,32,1,0,0,91,0,0,8,-1,0
7271,31,32,1,0,0,91,0,0,8,-1,0
7272,31,32,1,0,0,91,0,0,8,-1,0
7273,31,32,1,0,0,91,0,0,8,-1,0
7274,31,32,1,0,0,91,0,0,8,-1,0
7275,31,32,1,0,0,91,0,0,8,-1,0
7276,31,32,1,0,0,91,0,0,8,-1,0
7277,31,32,1,0,0,91,0,0,8,-1,0
7278,31,32,1,0,0,91,0,0,8,-1,0
7279,31,32,1,0,0,91,0,0,8,-1,0
7280,31,32,1,0,0,91,0,0,8,-1,0
7281,31,32,1,0,0,91,0,0,8,-1,0
7282,31,32,1,0,0,91,0,0,8,-1,0
7283,31,32,1,0,0,91,0,0,8,-1,0
7284,31,32,1,0,0,91,0,0,8,-1,0
7285,31,32,1,0,0,91,0,0,8,-1,0
7286,31,32,1,0,0,91,0,0,8,-1,0
7287,31,32,1,0,0,91,0,0,8,-1,0
7288,31,32,1,0,0,91,0,0,8,-1,0
7289,31,32,1,0,0,91,0,0,8,-1,0
7290,31,32,1,0,0,91,0,0,8,-1,0
7291,31,32,1,0,0,91,0,0,8,-1,0
7292,31,32,1,0,0,91,0,0,8,-1,0
7293,31,32,1,0,0,91,0,0,8,-1,0
7294,31,32,1,0,0,91,0,0,8,-1,0
7295,31,32,1,0,0,91,0,0,8,-1,0
7296,31,32,1,0,0,91,0,0,8,-1,0
7297,31,32,1,0,0,91,0,0,8,-1,0
7298,31,32,1,0,0,91,0,0,8,-1,0
7299,31,32,1,0,0,91,0,0,8,-1,0
7300,31,32,1,0,0,91,0,0,8,-1,0
7301,31,32,1,0,0,91,0,0,8,-1,0
7302,31,32,1,0,0,91,0,0,8,-1,0
7303,31,32,1,0,0,91,0,0,8,-1,0
7304,31,32,1,0,0,91,0,0,8,-1,0
7305,31,32,1,0,0,91,0,0,8,-1,0
7306,31,32,1,0,0,91,0,0,8,-1,0
7307,31,32,1,0,0,91,0,0,8,-1,0
7308,31,32,1,0,0,91,0,0,8,-1,0
7309,31,32,1,0,0,91,0,0,8,-1,0
7310,31,32,1,0,0,91,0,0,8,-1,0
7311,31,32,1,0,0,91,0,0,8,-1,0
7312,31,32,1,0,0,91,0,0,8,-1,0
7313,31,32,1,0,0,91,0,0,8,-1,0
7314,31,32,1,0,0,91,0,0,8,-1,0
7315,31,32,1,0,0,91,0,0,8,-1,0
7316,31,32,1,0,0,91,0,0,8,-1,0
7317,31,32,1,0,0,91,0,0,8,-1,0
7318,31,32,1,0,0,91,0,0,8,-1,0
7319,31,32,1,0,0,91,0,0,8,-1,0
7320,31,32,1,0,0,91,0,0,8,-1,0
7321,31,32,1,0,0,91,0,0,8,-1,0
7322,31,32,1,0,0,91,0,0,8,-1,0
7323,31,32,1,0,0,91,0,0,8,-1,0
7324,31,32,1,0,0,91,0,0,8,-1,0
7325,31,32,1,0,0,91,0,0,8,-1,0
7326,31,32,1,0,0,91,0,0,8,-1,0
7327,31,32,1,0,0,91,0,0,8,-1,0
7328,31,32,1,0,0,91,0,0,8,-1,0
7329,31,32,1,0,0,91,0,0,8,-1,0
7330,31,32,1,0,0,91,0,0,8,-1,0
7331,31,32,1,0,0,91,0,0,8,-1,0
7332,31,32,1,0,0,91,0,0,8,-1,0
7333,31,32,1,0,0,91,0,0,8,-1,0
7334,31,32,1,0,0,91,0,0,8,-1,0
7335,31,32,1,0,0,91,0,0,8,-1,0
7336,31,32,1,0,0,91,0,0,8,-1,0
7337,31,32,1,0,0,91,0,0,8,-1,0
7338,31,32,1,0,0,91,0,0,8,-1,0
7339,31,32,1,0,0,91,0,0,8,-1,0
7340,31,32,1,0,0,91,0,0,8,-1,0
7341,31,32,1,0,0,91,0,0,8,-1,0
7342,31,32,1,0,0,91,0,0,8,-1,0
7343,31,32,1,0,0,91,0,0,8,-1,0
7344,31,32,1,0,0,91,0,0,8,-1,0
7345,31,32,1,0,0,91,0,0,8,-1,0
7346,31,32,1,0,0,91,0,0,8,-1,0
7347,31,32,1,0,0,91,0,0,8,-1,0
7348,31,32,1,0,0,91,0,0,8,-1,0
7349,31,32,1,0,0,91,0,0,8,-1,0
7350,31,32,1,0,0,91,0,0,8,-1,0
7351,31,32,1,0,0,91,0,0,8,-1,0
7352,31,32,1,0,0,91,0,0,8,-1,0
7353,31,32,1,0,0,91,0,0,8,-1,0
7354,31,32,1,0,0,91,0,0,8,-1,0
7355,31,32,1,0,0,91,0,0,8,-1,0
7356,31,32,1,0,0,91,0,0,8,-1,0
7357,31,32,1,0,0,91,0,0,8,-1,0
7358,31,32,1,0,0,91,0,0,8,-1,0
7359,31,32,1,0,0,91,0,0,8,-1,0
7360,31,32,1,0,0,91,0,0,8,-1,0
7361,31,32,1,0,0,91,0,0,8,-1,0
7362,31,32,1,0,0,91,0,0,8,-1,0
7363,31,32,1,0,0,91,0,0,8,-1,0
7364,31,32,1,0,0,91,0,0,8,-1,0
7365,31,32,1,0,0,91,0,0,8,-1,0
7366,31,32,1,0,0,91,0,0,8,-1,0
7367,31,32,1,0,0,91,0,0,8,-1,0
7368,31,32,1,0,0,91,0,0,8,-1,0
7369,31,32,1,0,0,91,0,0,8,-1,0
7370,31,32,1,0,0,91,0,0,8,-1,0
7371,31,32,1,0,0,91,0,0,8,-1,0
7372,31,32,1,0,0,91,0,0,8,-1,0
7373,31,32,1,0,0,91,0,0,8,-1,0
7374,31,32,1,0,0,91,0,0,8,-1,0
7375,31,32,1,0,0,91,0,0,8,-1,0
7376,31,32,1,0,0,91,0,0,8,-1,0
7377,31,32,1,0,0,91,0,0,8,-1,0
7378,31,32,1,0,0,91,0,0,8,-1,0
7379,31,32,1,0,0,91,0,0,8,-1,0
7380,31,32,1,0,0,91,0,0,8,-1,0
7381,31,32,1,0,0,91,0,0,8,-1,0
7382,31,32,1,0,0,91,0,0,8,-1,0
7383,31,32,1,0,0,91,0,0,8,-1,0
7384,31,32,1,0,0,91,0,0,8,-1,0
7385,31,32,1,0,0,91,0,0,8,-1,0
7386,31,32,1,0,0,91,0,0,8,-1,0
7387,31,32,1,0,0,91,0,0,8,-1,0
7388,31,32,1,0,0,91,0,0,8,-1,0
7389,31,32,1,0,0,91,0,0,8,-1,0
7390,31,32,1,0,0,91,0,0,8,-1,0
7391,31,32,1,0,0,91,0,0,8,-1,0
7392,31,32,1,0,0,91,0,0,8,-1,0
7393,31,32,1,0,0,91,0,0,8,-1,0
7394,31,32,1,0,0,91,0,0,8,-1,0
7395,31,32,1,0,0,91,0,0,8,-1,0
7396,31,32,1,0,0,91,0,0,8,-1,0
7397,31,32,1,0,0,91,0,0,8,-1,0
7398,31,32,1,0,0,91,0,0,8,-1,0
7399,31,32,1,0,0,91,0,0,8,-1,0
7400,31,32,1,0,0,91,0,0,8,-1,0
7401,31,32,1,0,0,91,0,0,8,-1,0
7402,31,32,1,0,0,91,0,0,8,-1,0
7403,31,32,1,0,0,91,0,0,8,-1,0
7404,31,32,1,0,0,91,0,0,8,-1,0
7405,31,32,1,0,0,91,0,0,8,-1,0
7406,31,32,1,0,0,91,0,0,8,-1,0
7407,31,32,1,0,0,91,0,0,8,-1,0
7408,31,32,1,0,0,91,0,0,8,-1,0
7409,31,32,1,0,0,91,0,0,8,-1,0
7410,31,32,1,0,0,91,0,0,8,-1,0
7411,31,32,1,0,0,91,0,0,8,-1,0
7412,31,32,1,0,0,91,0,0,8,-1,0
7413,31,32,1,0,0,91,0,0,8,-1,0
7414,31,32,1,0,0,91,0,0,8,-1,0
7415,31,32,1,0,0,91,0,0,8,-1,0
7416,31,32,1,0,0,91,0,0,8,-1,0
7417,31,32,1,0,0,91,0,0,8,-1,0
7418,31,32,1,0,0,91,0,0,8,-1,0
7419,31,32,1,0,0,91,0,0,8,-1,0
7420,31,32,1,0,0,91,0,0,8,-1,0
7421,31,32,1,0,0,91,0,0,8,-1,0
7422,31,32,1,0,0,91,0,0,8,-1,0
7423,31,32,1,0,0,91,0,0,8,-1,0
7424,31,32,1,0,0,91,0,0,8,-1,0
7425,31,32,1,0,0,91,0,0,8,-1,0
7426,31,32,1,0,0,91,0,0,8,-1,0
7427,31,32,1,0,0,91,0,0,8,-1,0
7428,31,32,1,0,0,91,0,0,8,-1,0
7429,31,32,1,0,0,91,0,0,8,-1,0
7430,31,32,1,0,0,91,0,0,8,-1,0
7431,31,32,1,0,0,91,0,0,8,-1,0
7432,31,32,1,0,0,91,0,0,8,-1,0
7433,31,32,1,0,0,91,0,0,8,-1,0
7434,31,32,1,0,0,91,0,0,8,-1,0
7435,31,32,1,0,0,91,0,0,8,-1,0
7436,31,32,1,0,0,91,0,0,8,-1,0
7437,31,32,1,0,0,91,0,0,8,-1,0
7438,31,32,1,0,0,91,0,0,8,-1,0
7439,31,32,1,0,0,91,0,0,8,-1,0
7440,31,32,1,0,0,91,0,0,8,-1,0
7441,31,32,1,0,0,91,0,0,8,-1,0
7442,31,32,1,0,0,91,0,0,8,-1,0
7443,31,32,1,0,0,91,0,0,8,-1,0
7444,31,32,1,0,0,91,0,0,8,-1,0
7445,31,32,1,0,0,91,0,0,8,-1,0
7446,31,32,1,0,0,91,0,0,8,-1,0
7447,31,32,1,0,0,91,0,0,8,-1,0
7448,31,32,1,0,0,91,0,0,8,-1,0
7449,31,32,1,0,0,91,0,0,8,-1,0
7450,31,32,1,0,0,91,0,0,8,-1,0
7451,31,32,1,0,0,91,0,0,8,-1,0
7452,31,32,1,0,0,91,0,0,8,-1,0
7453,31,32,1,0,0,91,0,0,8,-1,0
7454,31,32,1,0,0,91,0,0,8,-1,0
7455,31,32,1,0,0,91,0,0,8,-1,0
7456,31,32,1,0,0,91,0,0,8,-1,0
7457,31,32,1,0,0,91,0,0,8,-1,0
7458,31,32,1,0,0,91,0,0,8,-1,0
7459,31,32,1,0,0,91,0,0,8,-1,0
7460,31,32,1,0,0,91,0,0,8,-1,0
7461,31,32,1,0,0,91,0,0,8,-1,0
7462,31,32,1,0,0,91,0,0,8,-1,0
7463,31,32,1,0,0,91,0,0,8,-1,0
7464,31,32,1,0,0,91,0,0,8,-1,0
7465,31,32,1,0,0,91,0,0,8,-1,0
7466,31,32,1,0,0,91,0,0,8,-1,0
7467,31,32,1,0,0,91,0,0,8,-1,0
7468,31,32,1,0,0,91,0,0,8,-1,0
7469,31,32,1,0,0,91,0,0,8,-1,0
7470,31,32,1,0,0,91,0,0,8,-1,0
7471,31,32,1,0,0,91,0,0,8,-1,0
7472,31,32,1,0,0,91,0,0,8,-1,0
7473,31,32,1,0,0,91,0,0,8,-1,0
7474,31,32,1,0,0,91,0,0,8,-1,0
7475,31,32,1,0,0,91,0,0,8,-1,0
7476,31,32,1,0,0,91,0,0,8,-1,0
7477,31,32,1,0,0,91,0,0,8,-1,0
7478,31,32,1,0,0,91,0,0,8,-1,0
7479,31,32,1,0,0,91,0,0,8,-1,0
7480,31,32,1,0,0,91,0,0,8,-1,0
7481,31,32,1,0,0,91,0,0,8,-1,0
7482,31,32,1,0,0,91,0,0,8,-1,0
7483,31,32,1,0,0,91,0,0,8,-1,0
7484,31,32,1,0,0,91,0,0,8,-1,0
7485,31,32,1,0,0,91,0,0,8,-1,0
7486,31,32,1,0,0,91,0,0,8,-1,0
7487,31,32,1,0,0,91,0,0,8,-1,0
7488,31,32,1,0,0,91,0,0,8,-1,0
7489,31,32,1,0,0,91,0,0,8,-1,0
7490,31,32,1,0,0,91,0,0,8,-1,0
7491,31,32,1,0,0,91,0,0,8,-1,0
7492,31,32,1,0,0,91,0,0,8,-1,0
7493,31,32,1,0,0,91,0,0,8,-1,0
7494,31,32,1,0,0,91,0,0,8,-1,0
7495,31,32,1,0,0,91,0,0,8,-1,0
7496,31,32,1,0,0,91,0,0,8,-1,0
7497,31,32,1,0,0,91,0,0,8,-1,0
7498,31,32,1,0,0,91,0,0,8,-1,0
7499,31,32,1,0,0,91,0,0,8,-1,0
7500,31,32,1,0,0,91,0,0,8,-1,0
7501,31,32,1,0,0,91,0,0,8,-1,0
7502,31,32,1,0,0,91,0,0,8,-1,0
7503,31,32,1,0,0,91,0,0,8,-1,0
7504,31,32,1,0,0,91,0,0,8,-1,0
7505,31,32,1,0,0,91,0,0,8,-1,0
7506,31,32,1,0,0,91,0,0,8,-1,0
7507,31,32,1,0,0,91,0,0,8,-1,0
7508,31,32,1,0,0,91,0,0,8,-1,0
7509,31,32,1,0,0,91,0,0,8,-1,0
7510,31,32,1,0,0,91,0,0,8,-1,0
7511,31,32,1,0,0,91,0,0,8,-1,0
7512,31,32,1,0,0,91,0,0,8,-1,0
7513,31,32,1,0,0,91,0,0,8,-1,0
7514,31,32,1,0,0,91,0,0,8,-1,0
7515,31,32,1,0,0,91,0,0,8,-1,0
7516,31,32,1,0,0,91,0,0,8,-1,0
7517,31,32,1,0,0,91,0,0,8,-1,0
7518,31,32,1,0,0,91,0,0,8,-1,0
7519,31,32,1,0,0,91,0,0,8,-1,0
7520,31,32,1,0,0,91,0,0,8,-1,0
7521,31,32,1,0,0,91,0,0,8,-1,0
7522,31,32,1,0,0,91,0,0,8,-1,0
7523,31,32,1,0,0,91,0,0,8,-1,0
7524,31,32,1,0,0,91,0,0,8,-1,0
7525,31,32,1,0,0,91,0,0,8,-1,0
7526,31,32,1,0,0,91,0,0,8,-1,0
7527,31,32,1,0,0,91,0,0,8,-1,0
7528,31,32,1,0,0,91,0,0,8,-1,0
7529,31,32,1,0,0,91,0,0,8,-1,0
7530,31,32,1,0,0,91,0,0,8,-1,0
7531,31,32,1,0,0,91,0,0,8,-1,0
7532,31,32,1,0,0,91,0,0,8,-1,0
7533,31,32,1,0,0,91,0,0,8,-1,0
7534,31,32,1,0,0,91,0,0,8,-1,0
7535,31,32,1,0,0,91,0,0,8,-1,0
7536,31,32,1,0,0,91,0,0,8,-1,0
7537,31,32,1,0,0,91,0,0,8,-1,0
7538,31,32,1,0,0,91,0,0,8,-1,0
7539,31,32,1,0,0,91,0,0,8,-1,0
7540,31,32,1,0,0,91,0,0,8,-1,0
7541,31,32,1,0,0,91,0,0,8,-1,0
7542,31,32,1,0,0,91,0,0,8,-1,0
7543,31,32,1,0,0,91,0,0,8,-1,0
7544,31,32,1,0,0,91,0,0,8,-1,0
7545,31,32,1,0,0,91,0,0,8,-1,0
7546,31,32,1,0,0,91,0,0,8,-1,0
7547,31,32,1,0,0,91,0,0,8,-1,0
7548,31,32,1,0,0,91,0,0,8,-1,0
7549,31,32,1,0,0,91,0,0,8,-1,0
7550,31,32,1,0,0,91,0,0,8,-1,0
7551,31,32,1,0,0,91,0,0,8,-1,0
7552,31,32,1,0,0,91,0,0,8,-1,0
7553,31,32,1,0,0,91,0,0,8,-1,0
7554,31,32,1,0,0,91,0,0,8,-1,0
7555,31,32,1,0,0,91,0,0,8,-1,0
7556,31,32,1,0,0,91,0,0,8,-1,0
7557,31,32,1,0,0,91,0,0,8,-1,0
7558,31,32,1,0,0,91,0,0,8,-1,0
7559,31,32,1,0,0,91,0,0,8,-1,0
7560,31,32,1,0,0,91,0,0,8,-1,0
7561,31,32,1,0,0,91,0,0,8,-1,0
7562,31,32,1,0,0,91,0,0,8,-1,0
7563,31,32,1,0,0,91,0,0,8,-1,0
7564,31,32,1,0,0,91,0,0,8,-1,0
7565,31,32,1,0,0,91,0,0,8,-1,0
7566,31,32,1,0,0,91,0,0,8,-1,0
7567,31,32,1,0,0,91,0,0,8,-1,0
7568,31,32,1,0,0,91,0,0,8,-1,0
7569,31,32,1,0,0,91,0,0,8,-1,0
7570,31,32,1,0,0,91,0,0,8,-1,0
7571,31,32,1,0,0,91,0,0,8,-1,0
7572,31,32,1,0,0,91,0,0,8,-1,0
7573,31,32,1,0,0,91,0,0,8,-1,0
7574,31,32,1,0,0,91,0,0,8,-1,0
7575,31,32,1,0,0,91,0,0,8,-1,0
7576,31,32,1,0,0,91,0,0,8,-1,0
7577,31,32,1,0,0,91,0,0,8,-1,0
7578,31,32,1,0,0,91,0,0,8,-1,0
7579,31,32,1,0,0,91,0,0,8,-1,0
7580,31,32,1,0,0,91,0,0,8,-1,0
7581,31,32,1,0,0,91,0,0,8,-1,0
7582,31,32,1,0,0,91,0,0,8,-1,0
7583,31,32,1,0,0,91,0,0,8,-1,0
7584,31,32,1,0,0,91,0,0,8,-1,0
7585,31,32,1,0,0,91,0,0,8,-1,0
7586,31,32,1,0,0,91,0,0,8,-1,0
7587,31,32,1,0,0,91,0,0,8,-1,0
7588,31,32,1,0,0,91,0,0,8,-1,0
7589,31,32,1,0,0,91,0,0,8,-1,0
7590,31,32,1,0,0,91,0,0,8,-1,0
7591,31,32,1,0,0,91,0,0,8,-1,0
7592,31,32,1,0,0,91,0,0,8,-1,0
7593,31,32,1,0,0,91,0,0,8,-1,0
7594,31,32,1,0,0,91,0,0,8,-1,0
7595,31,32,1,0,0,91,0,0,8,-1,0
7596,31,32,1,0,0,91,0,0,8,-1,0
7597,31,32,1,0,0,91,0,0,8,-1,0
7598,31,32,1,0,0,91,0,0,8,-1,0
7599,31,32,1,0,0,91,0,0,8,-1,0
7600,31,32,1,0,0,91,0,0,8,-1,0
7601,31,32,1,0,0,91,0,0,8,-1,0
7602,31,32,1,0,0,91,0,0,8,-1,0
7603,31,32,1,0,0,91,0,0,8,-1,0
7604,31,32,1,0,0,91,0,0,8,-1,0
7605,31,32,1,0,0,91,0,0,8,-1,0
7606,31,32,1,0,0,91,0,0,8,-1,0
7607,31,32,1,0,0,91,0,0,8,-1,0
7608,31,32,1,0,0,91,0,0,8,-1,0
7609,31,32,1,0,0,91,0,0,8,-1,0
7610,31,32,1,0,0,91,0,0,8,-1,0
7611,31,32,1,0,0,91,0,0,8,-1,0
7612,31,32,1,0,0,91,0,0,8,-1,0
7613,31,32,1,0,0,91,0,0,8,-1,0
7614,31,32,1,0,0,91,0,0,8,-1,0
7615,31,32,1,0,0,91,0,0,8,-1,0
7616,31,32,1,0,0,91,0,0,8,-1,0
7617,31,32,1,0,0,91,0,0,8,-1,0
7618,31,32,1,0,0,91,0,0,8,-1,0
7619,31,32,1,0,0,91,0,0,8,-1,0
7620,31,32,1,0,0,91,0,0,8,-1,0
7621,31,32,1,0,0,91,0,0,8,-1,0
7622,31,32,1,0,0,91,0,0,8,-1,0
7623,31,32,1,0,0,91,0,0,8,-1,0
7624,31,32,1,0,0,91,0,0,8,-1,0
7625,31,32,1,0,0,91,0,0,8,-1,0
7626,31,32,1,0,0,91,0,0,8,-1,0
7627,31,32,1,0,0,91,0,0,8,-1,0
7628,31,32,1,0,0,91,0,0,8,-1,0
7629,31,32,1,0,0,91,0,0,8,-1,0
7630,31,32,1,0,0,91,0,0,8,-1,0
7631,31,32,1,0,0,91,0,0,8,-1,0
7632,31,32,1,0,0,91,0,0,8,-1,0
7633,31,32,1,0,0,91,0,0,8,-1,0
7634,31,32,1,0,0,91,0,0,8,-1,0
7635,31,32,1,0,0,91,0,0,8,-1,0
7636,31,32,1,0,0,91,0,0,8,-1,0
7637,31,32,1,0,0,91,0,0,8,-1,0
7638,31,32,1,0,0,91,0,0,8,-1,0
7639,31,32,1,0,0,91,0,0,8,-1,0
7640,31,32,1,0,0,91,0,0,8,-1,0
7641,31,32,1,0,0,91,0,0,8,-1,0
7642,31,32,1,0,0,91,0,0,8,-1,0
7643,31,32,1,0,0,91,0,0,8,-1,0
7644,31,32,1,0,0,91,0,0,8,-1,0
7645,31,32,1,0,0,91,0,0,8,-1,0
7646,31,32,1,0,0,91,0,0,8,-1,0
7647,31,32,1,0,0,91,0,0,8,-1,0
7648,31,32,1,0,0,91,0,0,8,-1,0
7649,31,32,1,0,0,91,0,0,8,-1,0
7650,31,32,1,0,0,91,0,0,8,-1,0
7651,31,32,1,0,0,91,0,0,8,-1,0
7652,32,32,1,0,0,100,0,0,8,-1,0
7653,32,32,1,0,0,100,0,0,8,-1,0
7654,32,32,1,0,0,100,0,0,8,-1,0
7655,32,32,1,0,0,100,0,0,8,-1,0
7656,32,32,1,0,0,100,0,0,8,-1,0
7657,32,32,1,0,0,100,0,0,8,-1,0
7658,32,32,1,0,0,100,0,0,8,-1,0
7659,32,32,1,0,0,100,0,0,8,-1,0
7660,32,32,1,0,0,100,0,0,8,-1,0
7661,32,32,1,0,0,100,0,0,8,-1,0
7662,32,32,1,0,0,100,0,0,8,-1,0
7663,32,32,1,0,0,100,0,0,8,-1,0
7664,32,32,1,0,0,100,0,0,8,-1,0
7665,32,32,1,0,0,100,0,0,8,-1,0
7666,32,32,1,0,0,100,0,0,8,-1,0
7667,32,32,1,0,0,100,0,0,8,-1,0
7668,32,32,1,0,0,100,0,0,8,-1,0
7669,32,32,1,0,0,100,0,0,8,-1,0
7670,32,32,1,0,0,100,0,0,8,-1,0
7671,32,32,1,0,0,100,0,0,8,-1,0
7672,32,32,1,0,0,100,0,0,8,-1,0
7673,32,32,1,0,0,100,0,0,8,-1,0
7674,32,32,1,0,0,100,0,0,8,-1,0
7675,32,32,1,0,0,100,0,0,8,-1,0
7676,32,32,1,0,0,100,0,0,8,-1,0
7677,32,32,1,0,0,100,0,0,8,-1,0
7678,32,32,1,0,0,100,0,0,8,-1,0
7679,32,32,1,0,0,100,0,0,8,-1,0
7680,32,32,1,0,0,100,0,0,8,-1,0
7681,32,32,1,0,0,100,0,0,8,-1,0
7682,32,32,1,0,0,100,0,0,8,-1,0
7683,32,32,1,0,0,100,0,0,8,-1,0
7684,32,32,1,0,0,100,0,0,8,-1,0
7685,32,32,1,0,0,100,0,0,8,-1,0
7686,32,32,1,0,0,100,0,0,8,-1,0
7687,32,32,1,0,0,100,0,0,8,-1,0
7688,32,32,1,0,0,100,0,0,8,-1,0
7689,32,32,1,0,0,100,0,0,8,-1,0
7690,32,32,1,0,0,100,0,0,8,-1,0
7691,32,32,1,0,0,100,0,0,8,-1,0
7692,32,32,1,0,0,100,0,0,8,-1,0
7693,32,32,1,0,0,100,0,0,8,-1,0
7694,32,32,1,0,0,100,0,0,8,-1,0
7695,32,32,1,0,0,100,0,0,8,-1,0
7696,32,32,1,0,0,100,0,0,8,-1,0
7697,32,32,1,0,0,100,0,0,8,-1,0
7698,32,32,1,0,0,100,0,0,8,-1,0
7699,32,32,1,0,0,100,0,0,8,-1,0
7700,32,32,1,0,0,100,0,0,8,-1,0
7701,32,32,1,0,0,100,0,0,8,-1,0
7702,32,32,1,0,0,100,0,0,8,-1,0
7703,32,32,1,0,0,100,0,0,8,-1,0
7704,32,32,1,0,0,100,0,0,8,-1,0
7705,32,32,1,0,0,100,0,0,8,-1,0
7706,32,32,1,0,0,100,0,0,8,-1,0
7707,32,32,1,0,0,100,0,0,8,-1,0
7708,32,32,1,0,0,100,0,0,8,-1,0
7709,32,32,1,0,0,100,0,0,8,-1,0
7710,32,32,1,0,0,100,0,0,8,-1,0
7711,32,32,1,0,0,100,0,0,8,-1,0
7712,32,32,1,0,0,100,0,0,8,-1,0
7713,32,32,1,0,0,100,0,0,8,-1,0
7714,32,32,1,0,0,100,0,0,8,-1,0
7715,32,32,1,0,0,100,0,0,8,-1,0
7716,32,32,1,0,0,100,0,0,8,-1,0
7717,32,32,1,0,0,100,0,0,8,-1,0
7718,32,32,1,0,0,100,0,0,8,-1,0
7719,32,32,1,0,0,100,0,0,8,-1,0
7720,32,32,1,0,0,100,0,0,8,-1,0
7721,32,32,1,0,0,100,0,0,8,-1,0
7722,32,32,1,0,0,100,0,0,8,-1,0
7723,32,32,1,0,0,100,0,0,8,-1,0
7724,32,32,1,0,0,100,0,0,8,-1,0
7725,32,32,1,0,0,100,0,0,8,-1,0
7726,32,32,1,0,0,100,0,0,8,-1,0
7727,32,32,1,0,0,100,0,0,8,-1,0
7728,32,32,1,0,0,100,0,0,8,-1,0
7729,32,32,1,0,0,100,0,0,8,-1,0
7730,32,32,1,0,0,100,0,0,8,-1,0
7731,32,32,1,0,0,100,0,0,8,-1,0
7732,32,32,1,0,0,100,0,0,8,-1,0
7733,32,32,1,0,0,100,0,0,8,-1,0
7734,32,32,1,0,0,100,0,0,8,-1,0
7735,32,32,1,0,0,100,0,0,8,-1,0
7736,32,32,1,0,0,100,0,0,8,-1,0
7737,32,32,1,0,0,100,0,0,8,-1,0
7738,32,32,1,0,0,100,0,0,8,-1,0
7739,32,32,1,0,0,100,0,0,8,-1,0
7740,32,32,1,0,0,100,0,0,8,-1,0
7741,32,32,1,0,0,100,0,0,8,-1,0
7742,32,32,1,0,0,100,0,0,8,-1,0
7743,32,32,1,0,0,100,0,0,8,-1,0
7744,32,32,1,0,0,100,0,0,8,-1,0
7745,32,32,1,0,0,100,0,0,8,-1,0
7746,32,32,1,0,0,100,0,0,8,-1,0
7747,32,32,1,0,0,100,0,0,8,-1,0
7748,32,32,1,0,0,100,0,0,8,-1,0
7749,32,32,1,0,0,100,0,0,8,-1,0
7750,32,32,1,0,0,100,0,0,8,-1,0
7751,32,32,1,0,0,100,0,0,8,-1,0
7752,32,32,1,0,0,100,0,0,8,-1,0
7753,32,32,1,0,0,100,0,0,8,-1,0
7754,32,32,1,0,0,100,0,0,8,-1,0
7755,32,32,1,0,0,100,0,0,8,-1,0
7756,32,32,1,0,0,100,0,0,8,-1,0
7757,32,32,1,0,0,100,0,0,8,-1,0
7758,32,32,1,0,0,100,0,0,8,-1,0
7759,32,32,1,0,0,100,0,0,8,-1,0
7760,32,32,1,0,0,100,0,0,8,-1,0
7761,32,32,1,0,0,100,0,0,8,-1,0
7762,32,32,1,0,0,100,0,0,8,-1,0
7763,32,32,1,0,0,100,0,0,8,-1,0
7764,32,32,1,0,0,100,0,0,8,-1,0
7765,32,32,1,0,0,100,0,0,8,-1,0
7766,32,32,1,0,0,100,0,0,8,-1,0
7767,32,32,1,0,0,100,0,0,8,-1,0
7768,32,32,1,0,0,100,0,0,8,-1,0
7769,32,32,1,0,0,100,0,0,8,-1,0
7770,32,32,1,0,0,100,0,0,8,-1,0
7771,32,32,1,0,0,100,0,0,8,-1,0
7772,32,32,1,0,0,100,0,0,8,-1,0
7773,32,32,1,0,0,100,0,0,8,-1,0
7774,32,32,1,0,0,100,0,0,8,-1,0
7775,32,32,1,0,0,100,0,0,8,-1,0
7776,32,32,1,0,0,100,0,0,8,-1,0
7777,32,32,1,0,0,100,0,0,8,-1,0
7778,32,32,1,0,0,100,0,0,8,-1,0
7779,32,32,1,0,0,100,0,0,8,-1,0
7780,32,32,1,0,0,100,0,0,8,-1,0
7781,32,32,1,0,0,100,0,0,8,-1,0
7782,32,32,1,0,0,100,0,0,8,-1,0
7783,32,32,1,0,0,100,0,0,8,-1,0
7784,32,32,1,0,0,100,0,0,8,-1,0
7785,32,32,1,0,0,100,0,0,8,-1,0
7786,32,32,1,0,0,100,0,0,8,-1,0
7787,32,32,1,0,0,100,0,0,8,-1,0
7788,32,32,1,0,0,100,0,0,8,-1,0
7789,32,32,1,0,0,100,0,0,8,-1,0
7790,32,32,1,0,0,100,0,0,8,-1,0
7791,32,32,1,0,0,100,0,0,8,-1,0
7792,32,32,1,0,0,100,0,0,8,-1,0
7793,32,32,1,0,0,100,0,0,8,-1,0
7794,32,32,1,0,0,100,0,0,8,-1,0
7795,32,32,1,0,0,100,0,0,8,-1,0
7796,32,32,1,0,0,100,0,0,8,-1,0
7797,32,32,1,0,0,100,0,0,8,-1,0
7798,32,32,1,0,0,100,0,0,8,-1,0
7799,32,32,1,0,0,100,0,0,8,-1,0
7800,32,32,1,0,0,100,0,0,8,-1,0
7801,32,32,1,0,0,100,0,0,8,-1,0
7802,32,32,1,0,0,100,0,0,8,-1,0
7803,32,32,1,0,0,100,0,0,8,-1,0
7804,32,32,1,0,0,100,0,0,8,-1,0
7805,32,32,1,0,0,100,0,0,8,-1,0
7806,32,32,1,0,0,100,0,0,8,-1,0
7807,32,32,1,0,0,100,0,0,8,-1,0
7808,32,32,1,0,0,100,0,0,8,-1,0
7809,32,32,1,0,0,100,0,0,8,-1,0
7810,32,32,1,0,0,100,0,0,8,-1,0
7811,32,32,1,0,0,100,0,0,8,-1,0
7812,32,32,1,0,0,100,0,0,8,-1,0
7813,32,32,1,0,0,100,0,0,8,-1,0
7814,32,32,1,0,0,100,0,0,8,-1,0
7815,32,32,1,0,0,100,0,0,8,-1,0
7816,32,32,1,0,0,100,0,0,8,-1,0
7817,32,32,1,0,0,100,0,0,8,-1,0
7818,32,32,1,0,0,100,0,0,8,-1,0
7819,32,32,1,0,0,100,0,0,8,-1,0
7820,32,32,1,0,0,100,0,0,8,-1,0
7821,32,32,1,0,0,100,0,0,8,-1,0
7822,32,32,1,0,0,100,0,0,8,-1,0
7823,32,32,1,0,0,100,0,0,8,-1,0
7824,32,32,1,0,0,100,0,0,8,-1,0
7825,32,32,1,0,0,100,0,0,8,-1,0
7826,32,32,1,0,0,100,0,0,8,-1,0
7827,32,32,1,0,0,100,0,0,8,-1,0
7828,32,32,1,0,0,100,0,0,8,-1,0
7829,32,32,1,0,0,100,0,0,8,-1,0
7830,32,32,1,0,0,100,0,0,8,-1,0
7831,32,32,1,0,0,100,0,0,8,-1,0
7832,32,32,1,0,0,100,0,0,8,-1,0
7833,32,32,1,0,0,100,0,0,8,-1,0
7834,32,32,1,0,0,100,0,0,8,-1,0
7835,32,32,1,0,0,100,0,0,8,-1,0
7836,32,32,1,0,0,100,0,0,8,-1,0
7837,32,32,1,0,0,100,0,0,8,-1,0
7838,32,32,1,0,0,100,0,0,8,-1,0
7839,32,32,1,0,0,100,0,0,8,-1,0
7840,32,32,1,0,0,100,0,0,8,-1,0
7841,32,32,1,0,0,100,0,0,8,-1,0
7842,32,32,1,0,0,100,0,0,8,-1,0
7843,32,32,1,0,0,100,0,0,8,-1,0
7844,32,32,1,0,0,100,0,0,8,-1,0
7845,32,32,1,0,0,100,0,0,8,-1,0
7846,32,32,1,0,0,100,0,0,8,-1,0
7847,32,32,1,0,0,100,0,0,8,-1,0
7848,32,32,1,0,0,100,0,0,8,-1,0
7849,32,32,1,0,0,100,0,0,8,-1,0
7850,32,32,1,0,0,100,0,0,8,-1,0
7851,32,32,1,0,0,100,0,0,8,-1,0
7852,32,32,1,0,0,100,0,0,8,-1,0
7853,32,32,1,0,0,100,0,0,8,-1,0
7854,32,32,1,0,0,100,0,0,8,-1,0
7855,32,32,1,0,0,100,0,0,8,-1,0
7856,32,32,1,0,0,100,0,0,8,-1,0
7857,32,32,1,0,0,100,0,0,8,-1,0
7858,32,32,1,0,0,100,0,0,8,-1,0
7859,32,32,1,0,0,100,0,0,8,-1,0
7860,32,32,1,0,0,100,0,0,8,-1,0
7861,32,32,1,0,0,100,0,0,8,-1,0
7862,32,32,1,0,0,100,0,0,8,-1,0
7863,32,32,1,0,0,100,0,0,8,-1,0
7864,32,32,1,0,0,100,0,0,8,-1,0
7865,32,32,1,0,0,100,0,0,8,-1,0
7866,32,32,1,0,0,100,0,0,8,-1,0
7867,32,32,1,0,0,100,0,0,8,-1,0
7868,32,32,1,0,0,100,0,0,8,-1,0
7869,32,32,1,0,0,100,0,0,8,-1,0
7870,32,32,1,0,0,100,0,0,8,-1,0
7871,32,32,1,0,0,100,0,0,8,-1,0
7872,32,32,1,0,0,100,0,0,8,-1,0
7873,32,32,1,0,0,100,0,0,8,-1,0
7874,32,32,1,0,0,100,0,0,8,-1,0
7875,32,32,1,0,0,100,0,0,8,-1,0
7876,32,32,1,0,0,100,0,0,8,-1,0
7877,32,32,1,0,0,100,0,0,8,-1,0
7878,32,32,1,0,0,100,0,0,8,-1,0
7879,32,32,1,0,0,100,0,0,8,-1,0
7880,32,32,1,0,0,100,0,0,8,-1,0
7881,32,32,1,0,0,100,0,0,8,-1,0
7882,32,32,1,0,0,100,0,0,8,-1,0
7883,32,32,1,0,0,100,0,0,8,-1,0
7884,32,32,1,0,0,100,0,0,8,-1,0
7885,32,32,1,0,0,100,0,0,8,-1,0
7886,32,32,1,0,0,100,0,0,8,-1,0
7887,32,32,1,0,0,100,0,0,8,-1,0
7888,32,32,1,0,0,100,0,0,8,-1,0
7889,32,32,1,0,0,100,0,0,8,-1,0
7890,32,32,1,0,0,100,0,0,8,-1,0
7891,32,32,1,0,0,100,0,0,8,-1,0
7892,32,32,1,0,0,100,0,0,8,-1,0
7893,32,32,1,0,0,100,0,0,8,-1,0
7894,32,32,1,0,0,100,0,0,8,-1,0
7895,32,32,1,0,0,100,0,0,8,-1,0
7896,32,32,1,0,0,100,0,0,8,-1,0
7897,32,32,1,0,0,100,0,0,8,-1,0
7898,32,32,1,0,0,100,0,0,8,-1,0
7899,32,32,1,0,0,100,0,0,8,-1,0
7900,32,32,1,0,0,100,0,0,8,-1,0
7901,32,32,1,0,0,100,0,0,8,-1,0
7902,32,32,1,0,0,100,0,0,8,-1,0
7903,32,32,1,0,0,100,0,0,8,-1,0
7904,32,32,1,0,0,100,0,0,8,-1,0
7905,32,32,1,0,0,100,0,0,8,-1,0
7906,32,32,1,0,0,100,0,0,8,-1,0
7907,32,32,1,0,0,100,0,0,8,-1,0
7908,32,32,1,0,0,100,0,0,8,-1,0
7909,32,32,1,0,0,100,0,0,8,-1,0
7910,32,32,1,0,0,100,0,0,8,-1,0
7911,32,32,1,0,0,100,0,0,8,-1,0
7912,32,32,1,0,0,100,0,0,8,-1,0
7913,32,32,1,0,0,100,0,0,8,-1,0
7914,32,32,1,0,0,100,0,0,8,-1,0
7915,32,32,1,0,0,100,0,0,8,-1,0
7916,32,32,1,0,0,100,0,0,8,-1,0
7917,32,32,1,0,0,100,0,0,8,-1,0
7918,32,32,1,0,0,100,0,0,8,-1,0
7919,32,32,1,0,0,100,0,0,8,-1,0
7920,32,32,1,0,0,100,0,0,8,-1,0
7921,32,32,1,0,0,100,0,0,8,-1,0
7922,32,32,1,0,0,100,0,0,8,-1,0
7923,32,32,1,0,0,100,0,0,8,-1,0
7924,32,32,1,0,0,100,0,0,8,-1,0
7925,32,32,1,0,0,100,0,0,8,-1,0
7926,32,32,1,0,0,100,0,0,8,-1,0
7927,32,32,1,0,0,100,0,0,8,-1,0
7928,32,32,1,0,0,100,0,0,8,-1,0
7929,32,32,1,0,0,100,0,0,8,-1,0
7930,32,32,1,0,0,100,0,0,8,-1,0
7931,32,32,1,0,0,100,0,0,8,-1,0
7932,32,32,1,0,0,100,0,0,8,-1,0
7933,32,32,1,0,0,100,0,0,8,-1,0
7934,32,32,1,0,0,100,0,0,8,-1,0
7935,32,32,1,0,0,100,0,0,8,-1,0
7936,32,32,1,0,0,100,0,0,8,-1,0
7937,32,32,1,0,0,100,0,0,8,-1,0
7938,32,32,1,0,0,100,0,0,8,-1,0
7939,32,32,1,0,0,100,0,0,8,-1,0
7940,32,32,1,0,0,100,0,0,8,-1,0
7941,32,32,1,0,0,100,0,0,8,-1,0
7942,32,32,1,0,0,100,0,0,8,-1,0
7943,32,32,1,0,0,100,0,0,8,-1,0
7944,32,32,1,0,0,100,0,0,8,-1,0
7945,32,32,1,0,0,100,0,0,8,-1,0
7946,32,32,1,0,0,100,0,0,8,-1,0
7947,32,32,1,0,0,100,0,0,8,-1,0
7948,32,32,1,0,0,100,0,0,8,-1,0
7949,32,32,1,0,0,100,0,0,8,-1,0
7950,32,32,1,0,0,100,0,0,8,-1,0
7951,32,32,1,0,0,100,0,0,8,-1,0
7952,32,32,1,0,0,100,0,0,8,-1,0
7953,32,32,1,0,0,100,0,0,8,-1,0
7954,32,32,1,0,0,100,0,0,8,-1,0
7955,32,32,1,0,0,100,0,0,8,-1,0
7956,32,32,1,0,0,100,0,0,8,-1,0
7957,32,32,1,0,0,100,0,0,8,-1,0
7958,32,32,1,0,0,100,0,0,8,-1,0
7959,32,32,1,0,0,100,0,0,8,-1,0
7960,32,32,1,0,0,100,0,0,8,-1,0
7961,32,32,1,0,0,100,0,0,8,-1,0
7962,32,32,1,0,0,100,0,0,8,-1,0
7963,32,32,1,0,0,100,0,0,8,-1,0
7964,32,32,1,0,0,100,0,0,8,-1,0
7965,32,32,1,0,0,100,0,0,8,-1,0
7966,32,32,1,0,0,100,0,0,8,-1,0
7967,32,32,1,0,0,100,0,0,8,-1,0
7968,32,32,1,0,0,100,0,0,8,-1,0
7969,32,32,1,0,0,100,0,0,8,-1,0
7970,32,32,1,0,0,100,0,0,8,-1,0
7971,32,32,1,0,0,100,0,0,8,-1,0
7972,32,32,1,0,0,100,0,0,8,-1,0
7973,32,32,1,0,0,100,0,0,8,-1,0
7974,32,32,1,0,0,100,0,0,8,-1,0
7975,32,32,1,0,0,100,0,0,8,-1,0
7976,32,32,1,0,0,100,0,0,8,-1,0
7977,32,32,1,0,0,100,0,0,8,-1,0
7978,32,32,1,0,0,100,0,0,8,-1,0
7979,32,32,1,0,0,100,0,0,8,-1,0
7980,32,32,1,0,0,100,0,0,8,-1,0
7981,32,32,1,0,0,100,0,0,8,-1,0
7982,32,32,1,0,0,100,0,0,8,-1,0
7983,32,32,1,0,0,100,0,0,8,-1,0
7984,32,32,1,0,0,100,0,0,8,-1,0
7985,32,32,1,0,0,100,0,0,8,-1,0
7986,32,32,1,0,0,100,0,0,8,-1,0
7987,32,32,1,0,0,100,0,0,8,-1,0
7988,32,32,1,0,0,100,0,0,8,-1,0
7989,32,32,1,0,0,100,0,0,8,-1,0
7990,32,32,1,0,0,100,0,0,8,-1,0
7991,32,32,1,0,0,100,0,0,8,-1,0
7992,32,32,1,0,0,100,0,0,8,-1,0
7993,32,32,1,0,0,100,0,0,8,-1,0
7994,32,32,1,0,0,100,0,0,8,-1,0
7995,32,32,1,0,0,100,0,0,8,-1,0
7996,32,32,1,0,0,100,0,0,8,-1,0
7997,32,32,1,0,0,100,0,0,8,-1,0
7998,32,32,1,0,0,100,0,0,8,-1,0
7999,32,32,1,0,0,100,0,0,8,-1,0
8000,32,32,1,0,0,100,0,0,8,-1,0
8001,32,32,1,0,0,100,0,0,8,-1,0
8002,32,32,1,0,0,100,0,0,8,-1,0
8003,32,32,1,0,0,100,0,0,8,-1,0
8004,32,32,1,0,0,100,0,0,8,-1,0
8005,32,32,1,0,0,100,0,0,8,-1,0
8006,32,32,1,0,0,100,0,0,8,-1,0
8007,32,32,1,0,0,100,0,0,8,-1,0
8008,32,32,1,0,0,100,0,0,8,-1,0
8009,32,32,1,0,0,100,0,0,8,-1,0
8010,32,32,1,0,0,100,0,0,8,-1,0
8011,32,32,1,0,0,100,0,0,8,-1,0
8012,32,32,1,0,0,100,0,0,8,-1,0
8013,32,32,1,0,0,100,0,0,8,-1,0
8014,32,32,1,0,0,100,0,0,8,-1,0
8015,32,32,1,0,0,100,0,0,8,-1,0
8016,32,32,1,0,0,100,0,0,8,-1,0
8017,32,32,1,0,0,100,0,0,8,-1,0
8018,32,32,1,0,0,100,0,0,8,-1,0
8019,32,32,1,0,0,100,0,0,8,-1,0
8020,32,32,1,0,0,100,0,0,8,-1,0
8021,32,32,1,0,0,100,0,0,8,-1,0
8022,32,32,1,0,0,100,0,0,8,-1,0
8023,32,32,1,0,0,100,0,0,8,-1,0
8024,32,32,1,0,0,100,0,0,8,-1,0
8025,32,32,1,0,0,100,0,0,8,-1,0
8026,32,32,1,0,0,100,0,0,8,-1,0
8027,32,32,1,0,0,100,0,0,8,-1,0
8028,32,32,1,0,0,100,0,0,8,-1,0
8029,32,32,1,0,0,100,0,0,8,-1,0
8030,32,32,1,0,0,100,0,0,8,-1,0
8031,32,32,1,0,0,100,0,0,8,-1,0
8032,32,32,1,0,0,100,0,0,8,-1,0
8033,32,32,1,0,0,100,0,0,8,-1,0
8034,32,32,1,0,0,100,0,0,8,-1,0
8035,32,32,1,0,0,100,0,0,8,-1,0
8036,32,32,1,0,0,100,0,0,8,-1,0
8037,32,32,1,0,0,100,0,0,8,-1,0
8038,32,32,1,0,0,100,0,0,8,-1,0
8039,32,32,1,0,0,100,0,0,8,-1,0
8040,32,32,1,0,0,100,0,0,8,-1,0
8041,32,32,1,0,0,100,0,0,8,-1,0
8042,32,32,1,0,0,100,0,0,8,-1,0
8043,32,32,1,0,0,100,0,0,8,-1,0
8044,32,32,1,0,0,100,0,0,8,-1,0
8045,32,32,1,0,0,100,0,0,8,-1,0
8046,32,32,1,0,0,100,0,0,8,-1,0
8047,32,32,1,0,0,100,0,0,8,-1,0
8048,32,32,1,0,0,100,0,0,8,-1,0
8049,32,32,1,0,0,100,0,0,8,-1,0
8050,32,32,1,0,0,100,0,0,8,-1,0
8051,32,32,1,0,0,100,0,0,8,-1,0
8052,32,32,1,0,0,100,0,0,8,-1,0
8053,32,32,1,0,0,100,0,0,8,-1,0
8054,32,32,1,0,0,100,0,0,8,-1,0
8055,32,32,1,0,0,100,0,0,8,-1,0
8056,32,32,1,0,0,100,0,0,8,-1,0
8057,32,32,1,0,0,100,0,0,8,-1,0
8058,32,32,1,0,0,100,0,0,8,-1,0
8059,32,32,1,0,0,100,0,0,8,-1,0
8060,32,32,1,0,0,100,0,0,8,-1,0
8061,32,32,1,0,0,100,0,0,8,-1,0
8062,32,32,1,0,0,100,0,0,8,-1,0
8063,32,32,1,0,0,100,0,0,8,-1,0
8064,32,32,1,0,0,100,0,0,8,-1,0
8065,32,32,1,0,0,100,0,0,8,-1,0
8066,32,32,1,0,0,100,0,0,8,-1,0
8067,32,32,1,0,0,100,0,0,8,-1,0
8068,32,32,1,0,0,100,0,0,8,-1,0
8069,32,32,1,0,0,100,0,0,8,-1,0
8070,32,32,1,0,0,100,0,0,8,-1,0
8071,32,32,1,0,0,100,0,0,8,-1,0
8072,32,32,1,0,0,100,0,0,8,-1,0
8073,32,32,1,0,0,100,0,0,8,-1,0
8074,32,32,1,0,0,100,0,0,8,-1,0
8075,32,32,1,0,0,100,0,0,8,-1,0
8076,32,32,1,0,0,100,0,0,8,-1,0
8077,32,32,1,0,0,100,0,0,8,-1,0
8078,32,32,1,0,0,100,0,0,8,-1,0
8079,32,32,1,0,0,100,0,0,8,-1,0
8080,32,32,1,0,0,100,0,0,8,-1,0
8081,32,32,1,0,0,100,0,0,8,-1,0
8082,32,32,1,0,0,100,0,0,8,-1,0
8083,32,32,1,0,0,100,0,0,8,-1,0
8084,32,32,1,0,0,100,0,0,8,-1,0
8085,32,32,1,0,0,100,0,0,8,-1,0
8086,32,32,1,0,0,100,0,0,8,-1,0
8087,32,32,1,0,0,100,0,0,8,-1,0
8088,32,32,1,0,0,100,0,0,8,-1,0
8089,32,32,1,0,0,100,0,0,8,-1,0
8090,32,32,1,0,0,100,0,0,8,-1,0
8091,32,32,1,0,0,100,0,0,8,-1,0
8092,32,32,1,0,0,100,0,0,8,-1,0
8093,32,32,1,0,0,100,0,0,8,-1,0
8094,32,32,1,0,0,100,0,0,8,-1,0
8095,32,32,1,0,0,100,0,0,8,-1,0
8096,32,32,1,0,0,100,0,0,8,-1,0
8097,32,32,1,0,0,100,0,0,8,-1,0
8098,32,32,1,0,0,100,0,0,8,-1,0
8099,32,32,1,0,0,100,0,0,8,-1,0
8100,32,32,1,0,0,100,0,0,8,-1,0
8101,32,32,1,0,0,100,0,0,8,-1,0
8102,32,32,1,0,0,100,0,0,8,-1,0
8103,32,32,1,0,0,100,0,0,8,-1,0
8104,32,32,1,0,0,100,0,0,8,-1,0
8105,32,32,1,0,0,100,0,0,8,-1,0
8106,32,32,1,0,0,100,0,0,8,-1,0
8107,32,32,1,0,0,100,0,0,8,-1,0
8108,32,32,1,0,0,100,0,0,8,-1,0
8109,32,32,1,0,0,100,0,0,8,-1,0
8110,32,32,1,0,0,100,0,0,8,-1,0
8111,32,32,1,0,0,100,0,0,8,-1,0
8112,32,32,1,0,0,100,0,0,8,-1,0
8113,32,32,1,0,0,100,0,0,8,-1,0
8114,32,32,1,0,0,100,0,0,8,-1,0
8115,32,32,1,0,0,100,0,0,8,-1,0
8116,32,32,1,0,0,100,0,0,8,-1,0
8117,32,32,1,0,0,100,0,0,8,-1,0
8118,32,32,1,0,0,100,0,0,8,-1,0
8119,32,32,1,0,0,100,0,0,8,-1,0
8120,32,32,1,0,0,100,0,0,8,-1,0
8121,32,32,1,0,0,100,0,0,8,-1,0
8122,32,32,1,0,0,100,0,0,8,-1,0
8123,32,32,1,0,0,100,0,0,8,-1,0
8124,32,32,1,0,0,100,0,0,8,-1,0
8125,32,32,1,0,0,100,0,0,8,-1,0
8126,32,32,1,0,0,100,0,0,8,-1,0
8127,32,32,1,0,0,100,0,0,8,-1,0
8128,32,32,1,0,0,100,0,0,8,-1,0
8129,32,32,1,0,0,100,0,0,8,-1,0
8130,32,32,1,0,0,100,0,0,8,-1,0
8131,32,32,1,0,0,100,0,0,8,-1,0
8132,32,32,1,0,0,100,0,0,8,-1,0
8133,32,32,1,0,0,100,0,0,8,-1,0
8134,32,32,1,0,0,100,0,0,8,-1,0
8135,32,32,1,0,0,100,0,0,8,-1,0
8136,32,32,1,0,0,100,0,0,8,-1,0
8137,32,32,1,0,0,100,0,0,8,-1,0
8138,32,32,1,0,0,100,0,0,8,-1,0
8139,32,32,1,0,0,100,0,0,8,-1,0
8140,32,32,1,0,0,100,0,0,8,-1,0
8141,32,32,1,0,0,100,0,0,8,-1,0
8142,32,32,1,0,0,100,0,0,8,-1,0
8143,32,32,1,0,0,100,0,0,8,-1,0
8144,32,32,1,0,0,100,0,0,8,-1,0
8145,32,32,1,0,0,100,0,0,8,-1,0
8146,32,32,1,0,0,100,0,0,8,-1,0
8147,32,32,1,0,0,100,0,0,8,-1,0
8148,32,32,1,0,0,100,0,0,8,-1,0
8149,32,32,1,0,0,100,0,0,8,-1,0
8150,32,32,1,0,0,100,0,0,8,-1,0
8151,32,32,1,0,0,100,0,0,8,-1,0
8152,32,32,1,0,0,100,0,0,8,-1,0
8153,32,32,1,0,0,100,0,0,8,-1,0
8154,32,32,1,0,0,100,0,0,8,-1,0
8155,32,32,1,0,0,100,0,0,8,-1,0
8156,32,32,1,0,0,100,0,0,8,-1,0
8157,32,32,1,0,0,100,0,0,8,-1,0
8158,32,32,1,0,0,100,0,0,8,-1,0
8159,32,32,1,0,0,100,0,0,8,-1,0
8160,32,32,1,0,0,100,0,0,8,-1,0
8161,32,32,1,0,0,100,0,0,8,-1,0
8162,32,32,1,0,0,100,0,0,8,-1,0
8163,32,32,1,0,0,100,0,0,8,-1,0
8164,32,32,1,0,0,100,0,0,8,-1,0
8165,32,32,1,0,0,100,0,0,8,-1,0
8166,32,32,1,0,0,100,0,0,8,-1,0
8167,32,32,1,0,0,100,0,0,8,-1,0
8168,32,32,1,0,0,100,0,0,8,-1,0
8169,32,32,1,0,0,100,0,0,8,-1,0
8170,32,32,1,0,0,100,0,0,8,-1,0
8171,32,32,1,0,0,100,0,0,8,-1,0
8172,32,32,1,0,0,100,0,0,8,-1,0
8173,32,32,1,0,0,100,0,0,8,-1,0
8174,32,32,1,0,0,100,0,0,8,-1,0
8175,32,32,1,0,0,100,0,0,8,-1,0
8176,32,32,1,0,0,100,0,0,8,-1,0
8177,32,32,1,0,0,100,0,0,8,-1,0
8178,32,32,1,0,0,100,0,0,8,-1,0
8179,32,32,1,0,0,100,0,0,8,-1,0
8180,32,32,1,0,0,100,0,0,8,-1,0
8181,32,32,1,0,0,100,0,0,8,-1,0
8182,32,32,1,0,0,100,0,0,8,-1,0
8183,32,32,1,0,0,100,0,0,8,-1,0
8184,32,32,1,0,0,100,0,0,8,-1,0
8185,32,32,1,0,0,100,0,0,8,-1,0
8186,32,32,1,0,0,100,0,0,8,-1,0
8187,32,32,1,0,0,100,0,0,8,-1,0
8188,32,32,1,0,0,100,0,0,8,-1,0
8189,32,32,1,0,0,100,0,0,8,-1,0
8190,32,32,1,0,0,100,0,0,8,-1,0
8191,32,32,1,0,0,100,0,0,8,-1,0
8192,32,32,1,0,0,100,0,0,8,-1,0
8193,32,32,1,0,0,100,0,0,8,-1,0
8194,32,32,1,0,0,100,0,0,8,-1,0
8195,32,32,1,0,0,100,0,0,8,-1,0
8196,32,32,1,0,0,100,0,0,8,-1,0
8197,32,32,1,0,0,100,0,0,8,-1,0
8198,32,32,1,0,0,100,0,0,8,-1,0
8199,32,32,1,0,0,100,0,0,8,-1,0
8200,32,32,1,0,0,100,0,0,8,-1,0
8201,32,32,1,0,0,100,0,0,8,-1,0
8202,32,32,1,0,0,100,0,0,8,-1,0
8203,32,32,1,0,0,100,0,0,8,-1,0
8204,32,32,1,0,0,100,0,0,8,-1,0
8205,32,32,1,0,0,100,0,0,8,-1,0
8206,32,32,1,0,0,100,0,0,8,-1,0
8207,32,32,1,0,0,100,0,0,8,-1,0
8208,32,32,1,0,0,100,0,0,8,-1,0
8209,32,32,1,0,0,100,0,0,8,-1,0
8210,32,32,1,0,0,100,0,0,8,-1,0
8211,32,32,1,0,0,100,0,0,8,-1,0
8212,32,32,1,0,0,100,0,0,8,-1,0
8213,32,32,1,0,0,100,0,0,8,-1,0
8214,32,32,1,0,0,100,0,0,8,-1,0
8215,32,32,1,0,0,100,0,0,8,-1,0
8216,32,32,1,0,0,100,0,0,8,-1,0
8217,32,32,1,0,0,100,0,0,8,-1,0
8218,32,32,1,0,0,100,0,0,8,-1,0
8219,32,32,1,0,0,100,0,0,8,-1,0
8220,32,32,1,0,0,100,0,0,8,-1,0
8221,32,32,1,0,0,100,0,0,8,-1,0
8222,32,32,1,0,0,100,0,0,8,-1,0
8223,32,32,1,0,0,100,0,0,8,-1,0
8224,32,32,1,0,0,100,0,0,8,-1,0
8225,32,32,1,0,0,100,0,0,8,-1,0
8226,32,32,1,0,0,100,0,0,8,-1,0
8227,32,32,1,0,0,100,0,0,8,-1,0
8228,32,32,1,0,0,100,0,0,8,-1,0
8229,32,32,1,0,0,100,0,0,8,-1,0
8230,32,32,1,0,0,100,0,0,8,-1,0
8231,32,32,1,0,0,100,0,0,8,-1,0
8232,32,32,1,0,0,100,0,0,8,-1,0
8233,32,32,1,0,0,100,0,0,8,-1,0
8234,32,32,1,0,0,100,0,0,8,-1,0
8235,32,32,1,0,0,100,0,0,8,-1,0
8236,32,32,1,0,0,100,0,0,8,-1,0
8237,32,32,1,0,0,100,0,0,8,-1,0
8238,32,32,1,0,0,100,0,0,8,-1,0
8239,32,32,1,0,0,100,0,0,8,-1,0
8240,32,32,1,0,0,100,0,0,8,-1,0
8241,32,32,1,0,0,100,0,0,8,-1,0
8242,32,32,1,0,0,100,0,0,8,-1,0
8243,32,32,1,0,0,100,0,0,8,-1,0
8244,32,32,1,0,0,100,0,0,8,-1,0
8245,32,32,1,0,0,100,0,0,8,-1,0
8246,32,32,1,0,0,100,0,0,8,-1,0
8247,32,32,1,0,0,100,0,0,8,-1,0
8248,32,32,1,0,0,100,0,0,8,-1,0
8249,32,32,1,0,0,100,0,0,8,-1,0
8250,32,32,1,0,0,100,0,0,8,-1,0
8251,32,32,1,0,0,100,0,0,8,-1,0
8252,32,32,1,0,0,100,0,0,8,-1,0
8253,32,32,1,0,0,100,0,0,8,-1,0
8254,32,32,1,0,0,100,0,0,8,-1,0
8255,32,32,1,0,0,100,0,0,8,-1,0
8256,32,32,1,0,0,100,0,0,8,-1,0
8257,32,32,1,0,0,100,0,0,8,-1,0
8258,32,32,1,0,0,100,0,0,8,-1,0
8259,32,32,1,0,0,100,0,0,8,-1,0
8260,32,32,1,0,0,100,0,0,8,-1,0
8261,32,32,1,0,0,100,0,0,8,-1,0
8262,32,32,1,0,0,100,0,0,8,-1,0
8263,32,32,1,0,0,100,0,0,8,-1,0
8264,32,32,1,0,0,100,0,0,8,-1,0
8265,32,32,1,0,0,100,0,0,8,-1,0
8266,32,32,1,0,0,100,0,0,8,-1,0
8267,32,32,1,0,0,100,0,0,8,-1,0
8268,32,32,1,0,0,100,0,0,8,-1,0
8269,32,32,1,0,0,100,0,0,8,-1,0
8270,32,32,1,0,0,100,0,0,8,-1,0
8271,32,32,1,0,0,100,0,0,8,-1,0
8272,32,32,1,0,0,100,0,0,8,-1,0
8273,32,32,1,0,0,100,0,0,8,-1,0
8274,32,32,1,0,0,100,0,0,8,-1,0
8275,32,32,1,0,0,100,0,0,8,-1,0
8276,32,32,1,0,0,100,0,0,8,-1,0
8277,32,32,1,0,0,100,0,0,8,-1,0
8278,32,32,1,0,0,100,0,0,8,-1,0
8279,32,32,1,0,0,100,0,0,8,-1,0
8280,32,32,1,0,0,100,0,0,8,-1,0
8281,32,32,1,0,0,100,0,0,8,-1,0
8282,32,32,1,0,0,100,0,0,8,-1,0
8283,32,32,1,0,0,100,0,0,8,-1,0
8284,32,32,1,0,0,100,0,0,8,-1,0
8285,32,32,1,0,0,100,0,0,8,-1,0
8286,32,32,1,0,0,100,0,0,8,-1,0
8287,32,32,1,0,0,100,0,0,8,-1,0
8288,32,32,1,0,0,100,0,0,8,-1,0
8289,32,32,1,0,0,100,0,0,8,-1,0
8290,32,32,1,0,0,100,0,0,8,-1,0
8291,32,32,1,0,0,100,0,0,8,-1,0
8292,32,32,1,0,0,100,0,0,8,-1,0
8293,32,32,1,0,0,100,0,0,8,-1,0
8294,32,32,1,0,0,100,0,0,8,-1,0
8295,32,32,1,0,0,100,0,0,8,-1,0
8296,32,32,1,0,0,100,0,0,8,-1,0
8297,32,32,1,0,0,100,0,0,8,-1,0
8298,32,32,1,0,0,100,0,0,8,-1,0
8299,32,32,1,0,0,100,0,0,8,-1,0
8300,32,32,1,0,0,100,0,0,8,-1,0
8301,32,32,1,0,0,100,0,0,8,-1,0
8302,32,32,1,0,0,100,0,0,8,-1,0
8303,32,32,1,0,0,100,0,0,8,-1,0
8304,32,32,1,0,0,100,0,0,8,-1,0
8305,32,32,1,0,0,100,0,0,8,-1,0
8306,32,32,1,0,0,100,0,0,8,-1,0
8307,32,32,1,0,0,100,0,0,8,-1,0
8308,32,32,1,0,0,100,0,0,8,-1,0
8309,32,32,1,0,0,100,0,0,8,-1,0
8310,32,32,1,0,0,100,0,0,8,-1,0
8311,32,32,1,0,0,100,0,0,8,-1,0
8312,32,32,1,0,0,100,0,0,8,-1,0
8313,32,32,1,0,0,100,0,0,8,-1,0
8314,32,32,1,0,0,100,0,0,8,-1,0
8315,32,32,1,0,0,100,0,0,8,-1,0
8316,32,32,1,0,0,100,0,0,8,-1,0
8317,32,32,1,0,0,100,0,0,8,-1,0
8318,32,32,1,0,0,100,0,0,8,-1,0
8319,32,32,1,0,0,100,0,0,8,-1,0
8320,32,32,1,0,0,100,0,0,8,-1,0
8321,32,32,1,0,0,100,0,0,8,-1,0
8322,32,32,1,0,0,100,0,0,8,-1,0
8323,32,32,1,0,0,100,0,0,8,-1,0
8324,32,32,1,0,0,100,0,0,8,-1,0
8325,32,32,1,0,0,100,0,0,8,-1,0
8326,32,32,1,0,0,100,0,0,8,-1,0
8327,32,32,1,0,0,100,0,0,8,-1,0
8328,32,32,1,0,0,100,0,0,8,-1,0
8329,32,32,1,0,0,100,0,0,8,-1,0
8330,32,32,1,0,0,100,0,0,8,-1,0
8331,32,32,1,0,0,100,0,0,8,-1,0
8332,32,32,1,0,0,100,0,0,8,-1,0
8333,32,32,1,0,0,100,0,0,8,-1,0
8334,32,32,1,0,0,100,0,0,8,-1,0
8335,32,32,1,0,0,100,0,0,8,-1,0
8336,32,32,1,0,0,100,0,0,8,-1,0
8337,32,32,1,0,0,100,0,0,8,-1,0
8338,32,32,1,0,0,100,0,0,8,-1,0
8339,32,32,1,0,0,100,0,0,8,-1,0
8340,32,32,1,0,0,100,0,0,8,-1,0
8341,32,32,1,0,0,100,0,0,8,-1,0
8342,32,32,1,0,0,100,0,0,8,-1,0
8343,32,32,1,0,0,100,0,0,8,-1,0
8344,32,32,1,0,0,100,0,0,8,-1,0
8345,32,32,1,0,0,100,0,0,8,-1,0
8346,32,32,1,0,0,100,0,0,8,-1,0
8347,32,32,1,0,0,100,0,0,8,-1,0
8348,32,32,1,0,0,100,0,0,8,-1,0
8349,32,32,1,0,0,100,0,0,8,-1,0
8350,32,32,1,0,0,100,0,0,8,-1,0
8351,32,32,1,0,0,100,0,0,8,-1,0
8352,32,32,1,0,0,100,0,0,8,-1,0
8353,32,32,1,0,0,100,0,0,8,-1,0
8354,32,32,1,0,0,100,0,0,8,-1,0
8355,32,32,1,0,0,100,0,0,8,-1,0
8356,32,32,1,0,0,100,0,0,8,-1,0
8357,32,32,1,0,0,100,0,0,8,-1,0
8358,32,32,1,0,0,100,0,0,8,-1,0
8359,32,32,1,0,0,100,0,0,8,-1,0
8360,32,32,1,0,0,100,0,0,8,-1,0
8361,32,32,1,0,0,100,0,0,8,-1,0
8362,32,32,1,0,0,100,0,0,8,-1,0
8363,32,32,1,0,0,100,0,0,8,-1,0
8364,32,32,1,0,0,100,0,0,8,-1,0
8365,32,32,1,0,0,100,0,0,8,-1,0
8366,32,32,1,0,0,100,0,0,8,-1,0
8367,32,32,1,0,0,100,0,0,8,-1,0
8368,32,32,1,0,0,100,0,0,8,-1,0
8369,32,32,1,0,0,100,0,0,8,-1,0
8370,32,32,1,0,0,100,0,0,8,-1,0
8371,32,32,1,0,0,100,0,0,8,-1,0
8372,32,32,1,0,0,100,0,0,8,-1,0
8373,32,32,1,0,0,100,0,0,8,-1,0
8374,32,32,1,0,0,100,0,0,8,-1,0
8375,32,32,1,0,0,100,0,0,8,-1,0
8376,32,32,1,0,0,100,0,0,8,-1,0
8377,32,32,1,0,0,100,0,0,8,-1,0
8378,32,32,1,0,0,100,0,0,8,-1,0
8379,32,32,1,0,0,100,0,0,8,-1,0
8380,32,32,1,0,0,100,0,0,8,-1,0
8381,32,32,1,0,0,100,0,0,8,-1,0
8382,32,32,1,0,0,100,0,0,8,-1,0
8383,32,32,1,0,0,100,0,0,8,-1,0
8384,32,32,1,0,0,100,0,0,8,-1,0
8385,32,32,1,0,0,100,0,0,8,-1,0
8386,32,32,1,0,0,100,0,0,8,-1,0
8387,32,32,1,0,0,100,0,0,8,-1,0
8388,32,32,1,0,0,100,0,0,8,-1,0
8389,32,32,1,0,0,100,0,0,8,-1,0
8390,32,32,1,0,0,100,0,0,8,-1,0
8391,32,32,1,0,0,100,0,0,8,-1,0
8392,32,32,1,0,0,100,0,0,8,-1,0
8393,32,32,1,0,0,100,0,0,8,-1,0
8394,32,32,1,0,0,100,0,0,8,-1,0
8395,32,32,1,0,0,100,0,0,8,-1,0
8396,32,32,1,0,0,100,0,0,8,-1,0
8397,32,32,1,0,0,100,0,0,8,-1,0
8398,32,32,1,0,0,100,0,0,8,-1,0
8399,32,32,1,0,0,100,0,0,8,-1,0
8400,32,32,1,0,0,100,0,0,8,-1,0
8401,32,32,1,0,0,100,0,0,8,-1,0
8402,32,32,1,0,0,100,0,0,8,-1,0
8403,32,32,1,0,0,100,0,0,8,-1,0
8404,32,32,1,0,0,100,0,0,8,-1,0
8405,32,32,1,0,0,100,0,0,8,-1,0
8406,32,32,1,0,0,100,0,0,8,-1,0
8407,32,32,1,0,0,100,0,0,8,-1,0
8408,32,32,1,0,0,100,0,0,8,-1,0
8409,32,32,1,0,0,100,0,0,8,-1,0
8410,32,32,1,0,0,100,0,0,8,-1,0
8411,32,32,1,0,0,100,0,0,8,-1,0
8412,32,32,1,0,0,100,0,0,8,-1,0
8413,32,32,1,0,0,100,0,0,8,-1,0
8414,32,32,1,0,0,100,0,0,8,-1,0
8415,32,32,1,0,0,100,0,0,8,-1,0
8416,32,32,1,0,0,100,0,0,8,-1,0
8417,32,32,1,0,0,100,0,0,8,-1,0
8418,32,32,1,0,0,100,0,0,8,-1,0
8419,32,32,1,0,0,100,0,0,8,-1,0
8420,32,32,1,0,0,100,0,0,8,-1,0
8421,32,32,1,0,0,100,0,0,8,-1,0
8422,32,32,1,0,0,100,0,0,8,-1,0
8423,32,32,1,0,0,100,0,0,8,-1,0
8424,32,32,1,0,0,100,0,0,8,-1,0
8425,32,32,1,0,0,100,0,0,8,-1,0
8426,32,32,1,0,0,100,0,0,8,-1,0
8427,32,32,1,0,0,100,0,0,8,-1,0
8428,32,32,1,0,0,100,0,0,8,-1,0
8429,32,32,1,0,0,100,0,0,8,-1,0
8430,32,32,1,0,0,100,0,0,8,-1,0
8431,32,32,1,0,0,100,0,0,8,-1,0
8432,32,32,1,0,0,100,0,0,8,-1,0
8433,32,32,1,0,0,100,0,0,8,-1,0
8434,32,32,1,0,0,100,0,0,8,-1,0
8435,32,32,1,0,0,100,0,0,8,-1,0
8436,32,32,1,0,0,100,0,0,8,-1,0
8437,32,32,1,0,0,100,0,0,8,-1,0
8438,32,32,1,0,0,100,0,0,8,-1,0
8439,32,32,1,0,0,100,0,0,8,-1,0
8440,32,32,1,0,0,100,0,0,8,-1,0
8441,32,32,1,0,0,100,0,0,8,-1,0
8442,32,32,1,0,0,100,0,0,8,-1,0
8443,32,32,1,0,0,100,0,0,8,-1,0
8444,32,32,1,0,0,100,0,0,8,-1,0
8445,32,32,1,0,0,100,0,0,8,-1,0
8446,32,32,1,0,0,100,0,0,8,-1,0
8447,32,32,1,0,0,100,0,0,8,-1,0
8448,32,32,1,0,0,100,0,0,8,-1,0
8449,32,32,1,0,0,100,0,0,8,-1,0
8450,32,32,1,0,0,100,0,0,8,-1,0
8451,32,32,1,0,0,100,0,0,8,-1,0
8452,32,32,1,0,0,100,0,0,8,-1,0
8453,32,32,1,0,0,100,0,0,8,-1,0
8454,32,32,1,0,0,100,0,0,8,-1,0
8455,32,32,1,0,0,100,0,0,8,-1,0
8456,32,32,1,0,0,100,0,0,8,-1,0
8457,32,32,1,0,0,100,0,0,8,-1,0
8458,32,32,1,0,0,100,0,0,8,-1,0
8459,32,32,1,0,0,100,0,0,8,-1,0
8460,32,32,1,0,0,100,0,0,8,-1,0
8461,32,32,1,0,0,100,0,0,8,-1,0
8462,32,32,1,0,0,100,0,0,8,-1,0
8463,32,32,1,0,0,100,0,0,8,-1,0
8464,32,32,1,0,0,100,0,0,8,-1,0
8465,32,32,1,0,0,100,0,0,8,-1,0
8466,32,32,1,0,0,100,0,0,8,-1,0
8467,32,32,1,0,0,100,0,0,8,-1,0
8468,32,32,1,0,0,100,0,0,8,-1,0
8469,32,32,1,0,0,100,0,0,8,-1,0
8470,32,32,1,0,0,100,0,0,8,-1,0
8471,32,32,1,0,0,100,0,0,8,-1,0
8472,32,32,1,0,0,100,0,0,8,-1,0
8473,32,32,1,0,0,100,0,0,8,-1,0
8474,32,32,1,0,0,100,0,0,8,-1,0
8475,32,32,1,0,0,100,0,0,8,-1,0
8476,32,32,1,0,0,100,0,0,8,-1,0
8477,32,32,1,0,0,100,0,0,8,-1,0
8478,32,32,1,0,0,100,0,0,8,-1,0
8479,32,32,1,0,0,100,0,0,8,-1,0
8480,32,32,1,0,0,100,0,0,8,-1,0
8481,32,32,1,0,0,100,0,0,8,-1,0
8482,32,32,1,0,0,100,0,0,8,-1,0
8483,32,32,1,0,0,100,0,0,8,-1,0
8484,32,32,1,0,0,100,0,0,8,-1,0
8485,32,32,1,0,0,100,0,0,8,-1,0
8486,32,32,1,0,0,100,0,0,8,-1,0
8487,32,32,1,0,0,100,0,0,8,-1,0
8488,32,32,1,0,0,100,0,0,8,-1,0
8489,32,32,1,0,0,100,0,0,8,-1,0
8490,32,32,1,0,0,100,0,0,8,-1,0
8491,32,32,1,0,0,100,0,0,8,-1,0
8492,32,32,1,0,0,100,0,0,8,-1,0
8493,32,32,1,0,0,100,0,0,8,-1,0
8494,32,32,1,0,0,100,0,0,8,-1,0
8495,32,32,1,0,0,100,0,0,8,-1,0
8496,32,32,1,0,0,100,0,0,8,-1,0
8497,32,32,1,0,0,100,0,0,8,-1,0
8498,32,32,1,0,0,100,0,0,8,-1,0
8499,32,32,1,0,0,100,0,0,8,-1,0
8500,32,32,1,0,0,100,0,0,8,-1,0
8501,32,32,1,0,0,100,0,0,8,-1,0
8502,32,32,1,0,0,100,0,0,8,-1,0
8503,32,32,1,0,0,100,0,0,8,-1,0
8504,32,32,1,0,0,100,0,0,8,-1,0
8505,32,32,1,0,0,100,0,0,8,-1,0
8506,32,32,1,0,0,100,0,0,8,-1,0
8507,32,32,1,0,0,100,0,0,8,-1,0
8508,32,32,1,0,0,100,0,0,8,-1,0
8509,32,32,1,0,0,100,0,0,8,-1,0
8510,32,32,1,0,0,100,0,0,8,-1,0
8511,32,32,1,0,0,100,0,0,8,-1,0
8512,32,32,1,0,0,100,0,0,8,-1,0
8513,32,32,1,0,0,100,0,0,8,-1,0
8514,32,32,1,0,0,100,0,0,8,-1,0
8515,32,32,1,0,0,100,0,0,8,-1,0
8516,32,32,1,0,0,100,0,0,8,-1,0
8517,32,32,1,0,0,100,0,0,8,-1,0
8518,32,32,1,0,0,100,0,0,8,-1,0
8519,32,32,1,0,0,100,0,0,8,-1,0
8520,32,32,1,0,0,100,0,0,8,-1,0
8521,32,32,1,0,0,100,0,0,8,-1,0
8522,32,32,1,0,0,100,0,0,8,-1,0
8523,32,32,1,0,0,100,0,0,8,-1,0
8524,32,32,1,0,0,100,0,0,8,-1,0
8525,32,32,1,0,0,100,0,0,8,-1,0
8526,32,32,1,0,0,100,0,0,8,-1,0
8527,32,32,1,0,0,100,0,0,8,-1,0
8528,32,32,1,0,0,100,0,0,8,-1,0
8529,32,32,1,0,0,100,0,0,8,-1,0
8530,32,32,1,0,0,100,0,0,8,-1,0
8531,32,32,1,0,0,100,0,0,8,-1,0
8532,32,32,1,0,0,100,0,0,8,-1,0
8533,32,32,1,0,0,100,0,0,8,-1,0
8534,32,32,1,0,0,100,0,0,8,-1,0
8535,32,32,1,0,0,100,0,0,8,-1,0
8536,32,32,1,0,0,100,0,0,8,-1,0
8537,32,32,1,0,0,100,0,0,8,-1,0
8538,32,32,1,0,0,100,0,0,8,-1,0
8539,32,32,1,0,0,100,0,0,8,-1,0
8540,32,32,1,0,0,100,0,0,8,-1,0
8541,32,32,1,0,0,100,0,0,8,-1,0
8542,32,32,1,0,0,100,0,0,8,-1,0
8543,32,32,1,0,0,100,0,0,8,-1,0
8544,32,32,1,0,0,100,0,0,8,-1,0
8545,32,32,1,0,0,100,0,0,8,-1,0
8546,32,32,1,0,0,100,0,0,8,-1,0
8547,32,32,1,0,0,100,0,0,8,-1,0
8548,33,32,1,0,0,100,0,0,9,-1,0
8549,33,32,1,0,0,100,0,0,9,-1,0
8550,33,32,1,0,0,100,0,0,9,-1,0
8551,33,32,1,0,0,100,0,0,9,-1,0
8552,33,32,1,0,0,100,0,0,9,-1,0
8553,33,32,1,0,0,100,0,0,9,-1,0
8554,33,32,1,0,0,100,0,0,9,-1,0
8555,33,32,1,0,0,100,0,0,9,-1,0
8556,33,32,1,0,0,100,0,0,9,-1,0
8557,33,32,1,0,0,100,0,0,9,-1,0
8558,33,32,1,0,0,100,0,0,9,-1,0
8559,33,32,1,0,0,100,0,0,9,-1,0
8560,33,32,1,0,0,100,0,0,9,-1,0
8561,33,32,1,0,0,100,0,0,9,-1,0
8562,33,32,1,0,0,100,0,0,9,-1,0
8563,33,32,1,0,0,100,0,0,9,-1,0
8564,33,32,1,0,0,100,0,0,9,-1,0
8565,33,32,1,0,0,100,0,0,9,-1,0
8566,33,32,1,0,0,100,0,0,9,-1,0
8567,33,32,1,0,0,100,0,0,9,-1,0
8568,33,32,1,0,0,100,0,0,9,-1,0
8569,33,32,1,0,0,100,0,0,9,-1,0
8570,33,32,1,0,0,100,0,0,9,-1,0
8571,33,32,1,0,0,100,0,0,9,-1,0
8572,33,32,1,0,0,100,0,0,9,-1,0
8573,33,32,1,0,0,100,0,0,9,-1,0
8574,33,32,1,0,0,100,0,0,9,-1,0
8575,33,32,1,0,0,100,0,0,9,-1,0
8576,33,32,1,0,0,100,0,0,9,-1,0
8577,33,32,1,0,0,100,0,0,9,-1,0
8578,33,32,1,0,0,100,0,0,9,-1,0
8579,33,32,1,0,0,100,0,0,9,-1,0
8580,33,32,1,0,0,100,0,0,9,-1,0
8581,33,32,1,0,0,100,0,0,9,-1,0
8582,33,32,1,0,0,100,0,0,9,-1,0
8583,33,32,1,0,0,100,0,0,9,-1,0
8584,33,32,1,0,0,100,0,0,9,-1,0
8585,33,32,1,0,0,100,0,0,9,-1,0
8586,33,32,1,0,0,100,0,0,9,-1,0
8587,33,32,1,0,0,100,0,0,9,-1,0
8588,33,32,1,0,0,100,0,0,9,-1,0
8589,33,32,1,0,0,100,0,0,9,-1,0
8590,33,32,1,0,0,100,0,0,9,-1,0
8591,33,32,1,0,0,100,0,0,9,-1,0
8592,33,32,1,0,0,100,0,0,9,-1,0
8593,33,32,1,0,0,100,0,0,9,-1,0
8594,33,32,1,0,0,100,0,0,9,-1,0
8595,33,32,1,0,0,100,0,0,9,-1,0
8596,33,32,1,0,0,100,0,0,9,-1,0
8597,33,32,1,0,0,100,0,0,9,-1,0
8598,33,32,1,0,0,100,0,0,9,-1,0
8599,33,32,1,0,0,100,0,0,9,-1,0
8600,33,32,1,0,0,100,0,0,9,-1,0
8601,33,32,1,0,0,100,0,0,9,-1,0
8602,33,32,1,0,0,100,0,0,9,-1,0
8603,33,32,1,0,0,100,0,0,9,-1,0
8604,33,32,1,0,0,100,0,0,9,-1,0
8605,33,32,1,0,0,100,0,0,9,-1,0
8606,33,32,1,0,0,100,0,0,9,-1,0
8607,33,32,1,0,0,100,0,0,9,-1,0
8608,33,32,1,0,0,100,0,0,9,-1,0
8609,33,32,1,0,0,100,0,0,9,-1,0
8610,33,32,1,0,0,100,0,0,9,-1,0
8611,33,32,1,0,0,100,0,0,9,-1,0
8612,33,32,1,0,0,100,0,0,9,-1,0
8613,33,32,1,0,0,100,0,0,9,-1,0
8614,33,32,1,0,0,100,0,0,9,-1,0
8615,33,32,1,0,0,100,0,0,9,-1,0
8616,33,32,1,0,0,100,0,0,9,-1,0
8617,33,32,1,0,0,100,0,0,9,-1,0
8618,33,32,1,0,0,100,0,0,9,-1,0
8619,33,32,1,0,0,100,0,0,9,-1,0
8620,33,32,1,0,0,100,0,0,9,-1,0
8621,33,32,1,0,0,100,0,0,9,-1,0
8622,33,32,1,0,0,100,0,0,9,-1,0
8623,33,32,1,0,0,100,0,0,9,-1,0
8624,33,32,1,0,0,100,0,0,9,-1,0
8625,33,32,1,0,0,100,0,0,9,-1,0
8626,33,32,1,0,0,100,0,0,9,-1,0
8627,33,32,1,0,0,100,0,0,9,-1,0
8628,33,32,1,0,0,100,0,0,9,-1,0
8629,33,32,1,0,0,100,0,0,9,-1,0
8630,33,32,1,0,0,100,0,0,9,-1,0
8631,33,32,1,0,0,100,0,0,9,-1,0
8632,33,32,1,0,0,100,0,0,9,-1,0
8633,33,32,1,0,0,100,0,0,9,-1,0
8634,33,32,1,0,0,100,0,0,9,-1,0
8635,33,32,1,0,0,100,0,0,9,-1,0
8636,33,32,1,0,0,100,0,0,9,-1,0
8637,33,32,1,0,0,100,0,0,9,-1,0
8638,33,32,1,0,0,100,0,0,9,-1,0
8639,33,32,1,0,0,100,0,0,9,-1,0
8640,33,32,1,0,0,100,0,0,9,-1,0
8641,33,32,1,0,0,100,0,0,9,-1,0
8642,33,32,1,0,0,100,0,0,9,-1,0
8643,33,32,1,0,0,100,0,0,9,-1,0
8644,33,32,1,0,0,100,0,0,9,-1,0
8645,33,32,1,0,0,100,0,0,9,-1,0
8646,33,32,1,0,0,100,0,0,9,-1,0
8647,33,32,1,0,0,100,0,0,9,-1,0
8648,33,32,1,0,0,100,0,0,9,-1,0
8649,33,32,1,0,0,100,0,0,9,-1,0
8650,33,32,1,0,0,100,0,0,9,-1,0
8651,33,32,1,0,0,100,0,0,9,-1,0
8652,33,32,1,0,0,100,0,0,9,-1,0
8653,33,32,1,0,0,100,0,0,9,-1,0
8654,33,32,1,0,0,100,0,0,9,-1,0
8655,33,32,1,0,0,100,0,0,9,-1,0
8656,33,32,1,0,0,100,0,0,9,-1,0
8657,33,32,1,0,0,100,0,0,9,-1,0
8658,33,32,1,0,0,100,0,0,9,-1,0
8659,33,32,1,0,0,100,0,0,9,-1,0
8660,33,32,1,0,0,100,0,0,9,-1,0
8661,33,32,1,0,0,100,0,0,9,-1,0
8662,33,32,1,0,0,100,0,0,9,-1,0
8663,33,32,1,0,0,100,0,0,9,-1,0
8664,33,32,1,0,0,100,0,0,9,-1,0
8665,33,32,1,0,0,100,0,0,9,-1,0
8666,33,32,1,0,0,100,0,0,9,-1,0
8667,33,32,1,0,0,100,0,0,9,-1,0
8668,33,32,1,0,0,100,0,0,9,-1,0
8669,33,32,1,0,0,100,0,0,9,-1,0
8670,33,32,1,0,0,100,0,0,9,-1,0
8671,33,32,1,0,0,100,0,0,9,-1,0
8672,33,32,1,0,0,100,0,0,9,-1,0
8673,33,32,1,0,0,100,0,0,9,-1,0
8674,33,32,1,0,0,100,0,0,9,-1,0
8675,33,32,1,0,0,100,0,0,9,-1,0
8676,33,32,1,0,0,100,0,0,9,-1,0
8677,33,32,1,0,0,100,0,0,9,-1,0
8678,33,32,1,0,0,100,0,0,9,-1,0
8679,33,32,1,0,0,100,0,0,9,-1,0
8680,33,32,1,0,0,100,0,0,9,-1,0
8681,33,32,1,0,0,100,0,0,9,-1,0
8682,33,32,1,0,0,100,0,0,9,-1,0
8683,33,32,1,0,0,100,0,0,9,-1,0
8684,33,32,1,0,0,100,0,0,9,-1,0
8685,33,32,1,0,0,100,0,0,9,-1,0
8686,33,32,1,0,0,100,0,0,9,-1,0
8687,33,32,1,0,0,100,0,0,9,-1,0
8688,33,32,1,0,0,100,0,0,9,-1,0
8689,33,32,1,0,0,100,0,0,9,-1,0
8690,33,32,1,0,0,100,0,0,9,-1,0
8691,33,32,1,0,0,100,0,0,9,-1,0
8692,33,32,1,0,0,100,0,0,9,-1,0
8693,33,32,1,0,0,100,0,0,9,-1,0
8694,33,32,1,0,0,100,0,0,9,-1,0
8695,33,32,1,0,0,100,0,0,9,-1,0
8696,33,32,1,0,0,100,0,0,9,-1,0
8697,33,32,1,0,0,100,0,0,9,-1,0
8698,33,32,1,0,0,100,0,0,9,-1,0
8699,33,32,1,0,0,100,0,0,9,-1,0
8700,33,32,1,0,0,100,0,0,9,-1,0
8701,33,32,1,0,0,100,0,0,9,-1,0
8702,33,32,1,0,0,100,0,0,9,-1,0
8703,33,32,1,0,0,100,0,0,9,-1,0
8704,33,32,1,0,0,100,0,0,9,-1,0
8705,33,32,1,0,0,100,0,0,9,-1,0
8706,33,32,1,0,0,100,0,0,9,-1,0
8707,33,32,1,0,0,100,0,0,9,-1,0
8708,33,32,1,0,0,100,0,0,9,-1,0
8709,33,32,1,0,0,100,0,0,9,-1,0
8710,33,32,1,0,0,100,0,0,9,-1,0
8711,33,32,1,0,0,100,0,0,9,-1,0
8712,33,32,1,0,0,100,0,0,9,-1,0
8713,33,32,1,0,0,100,0,0,9,-1,0
8714,33,32,1,0,0,100,0,0,9,-1,0
8715,33,32,1,0,0,100,0,0,9,-1,0
8716,33,32,1,0,0,100,0,0,9,-1,0
8717,33,32,1,0,0,100,0,0,9,-1,0
8718,33,32,1,0,0,100,0,0,9,-1,0
8719,33,32,1,0,0,100,0,0,9,-1,0
8720,33,32,1,0,0,100,0,0,9,-1,0
8721,33,32,1,0,0,100,0,0,9,-1,0
8722,33,32,1,0,0,100,0,0,9,-1,0
8723,33,32,1,0,0,100,0,0,9,-1,0
8724,33,32,1,0,0,100,0,0,9,-1,0
8725,33,32,1,0,0,100,0,0,9,-1,0
8726,33,32,1,0,0,100,0,0,9,-1,0
8727,33,32,1,0,0,100,0,0,9,-1,0
8728,33,32,1,0,0,100,0,0,9,-1,0
8729,33,32,1,0,0,100,0,0,9,-1,0
8730,33,32,1,0,0,100,0,0,9,-1,0
8731,33,32,1,0,0,100,0,0,9,-1,0
8732,33,32,1,0,0,100,0,0,9,-1,0
8733,33,32,1,0,0,100,0,0,9,-1,0
8734,33,32,1,0,0,100,0,0,9,-1,0
8735,33,32,1,0,0,100,0,0,9,-1,0
8736,33,32,1,0,0,100,0,0,9,-1,0
8737,33,32,1,0,0,100,0,0,9,-1,0
8738,33,32,1,0,0,100,0,0,9,-1,0
8739,33,32,1,0,0,100,0,0,9,-1,0
8740,33,32,1,0,0,100,0,0,9,-1,0
8741,33,32,1,0,0,100,0,0,9,-1,0
8742,33,32,1,0,0,100,0,0,9,-1,0
8743,33,32,1,0,0,100,0,0,9,-1,0
8744,33,32,1,0,0,100,0,0,9,-1,0
8745,33,32,1,0,0,100,0,0,9,-1,0
8746,33,32,1,0,0,100,0,0,9,-1,0
8747,33,32,1,0,0,100,0,0,9,-1,0
8748,33,32,1,0,0,100,0,0,9,-1,0
8749,33,32,1,0,0,100,0,0,9,-1,0
8750,33,32,1,0,0,100,0,0,9,-1,0
8751,33,32,1,0,0,100,0,0,9,-1,0
8752,33,32,1,0,0,100,0,0,9,-1,0
8753,33,32,1,0,0,100,0,0,9,-1,0
8754,33,32,1,0,0,100,0,0,9,-1,0
8755,33,32,1,0,0,100,0,0,9,-1,0
8756,33,32,1,0,0,100,0,0,9,-1,0
8757,33,32,1,0,0,100,0,0,9,-1,0
8758,33,32,1,0,0,100,0,0,9,-1,0
8759,33,32,1,0,0,100,0,0,9,-1,0
8760,33,32,1,0,0,100,0,0,9,-1,0
8761,33,32,1,0,0,100,0,0,9,-1,0
8762,33,32,1,0,0,100,0,0,9,-1,0
8763,33,32,1,0,0,100,0,0,9,-1,0
8764,33,32,1,0,0,100,0,0,9,-1,0
8765,33,32,1,0,0,100,0,0,9,-1,0
8766,33,32,1,0,0,100,0,0,9,-1,0
8767,33,32,1,0,0,100,0,0,9,-1,0
8768,33,32,1,0,0,100,0,0,9,-1,0
8769,33,32,1,0,0,100,0,0,9,-1,0
8770,33,32,1,0,0,100,0,0,9,-1,0
8771,33,32,1,0,0,100,0,0,9,-1,0
8772,33,32,1,0,0,100,0,0,9,-1,0
8773,33,32,1,0,0,100,0,0,9,-1,0
8774,33,32,1,0,0,100,0,0,9,-1,0
8775,33,32,1,0,0,100,0,0,9,-1,0
8776,33,32,1,0,0,100,0,0,9,-1,0
8777,33,32,1,0,0,100,0,0,9,-1,0
8778,33,32,1,0,0,100,0,0,9,-1,0
8779,33,32,1,0,0,100,0,0,9,-1,0
8780,33,32,1,0,0,100,0,0,9,-1,0
8781,33,32,1,0,0,100,0,0,9,-1,0
8782,33,32,1,0,0,100,0,0,9,-1,0
8783,33,32,1,0,0,100,0,0,9,-1,0
8784,33,32,1,0,0,100,0,0,9,-1,0
8785,33,32,1,0,0,100,0,0,9,-1,0
8786,33,32,1,0,0,100,0,0,9,-1,0
8787,33,32,1,0,0,100,0,0,9,-1,0
8788,33,32,1,0,0,100,0,0,9,-1,0
8789,33,32,1,0,0,100,0,0,9,-1,0
8790,33,32,1,0,0,100,0,0,9,-1,0
8791,33,32,1,0,0,100,0,0,9,-1,0
8792,33,32,1,0,0,100,0,0,9,-1,0
8793,33,32,1,0,0,100,0,0,9,-1,0
8794,33,32,1,0,0,100,0,0,9,-1,0
8795,33,32,1,0,0,100,0,0,9,-1,0
8796,33,32,1,0,0,100,0,0,9,-1,0
8797,33,32,1,0,0,100,0,0,9,-1,0
8798,33,32,1,0,0,100,0,0,9,-1,0
8799,33,32,1,0,0,100,0,0,9,-1,0
8800,33,32,1,0,0,100,0,0,9,-1,0
8801,33,32,1,0,0,100,0,0,9,-1,0
8802,33,32,1,0,0,100,0,0,9,-1,0
8803,33,32,1,0,0,100,0,0,9,-1,0
8804,33,32,1,0,0,100,0,0,9,-1,0
8805,33,32,1,0,0,100,0,0,9,-1,0
8806,33,32,1,0,0,100,0,0,9,-1,0
8807,33,32,1,0,0,100,0,0,9,-1,0
8808,33,32,1,0,0,100,0,0,9,-1,0
8809,33,32,1,0,0,100,0,0,9,-1,0
8810,33,32,1,0,0,100,0,0,9,-1,0
8811,33,32,1,0,0,100,0,0,9,-1,0
8812,33,32,1,0,0,100,0,0,9,-1,0
8813,33,32,1,0,0,100,0,0,9,-1,0
8814,33,32,1,0,0,100,0,0,9,-1,0
8815,33,32,1,0,0,100,0,0,9,-1,0
8816,33,32,1,0,0,100,0,0,9,-1,0
8817,33,32,1,0,0,100,0,0,9,-1,0
8818,33,32,1,0,0,100,0,0,9,-1,0
8819,33,32,1,0,0,100,0,0,9,-1,0
8820,33,32,1,0,0,100,0,0,9,-1,0
8821,33,32,1,0,0,100,0,0,9,-1,0
8822,33,32,1,0,0,100,0,0,9,-1,0
8823,33,32,1,0,0,100,0,0,9,-1,0
8824,33,32,1,0,0,100,0,0,9,-1,0
8825,33,32,1,0,0,100,0,0,9,-1,0
8826,33,32,1,0,0,100,0,0,9,-1,0
8827,33,32,1,0,0,100,0,0,9,-1,0
8828,33,32,1,0,0,100,0,0,9,-1,0
8829,33,32,1,0,0,100,0,0,9,-1,0
8830,33,32,1,0,0,100,0,0,9,-1,0
8831,33,32,1,0,0,100,0,0,9,-1,0
8832,33,32,1,0,0,100,0,0,9,-1,0
8833,33,32,1,0,0,100,0,0,9,-1,0
8834,33,32,1,0,0,100,0,0,9,-1,0
8835,33,32,1,0,0,100,0,0,9,-1,0
8836,33,32,1,0,0,100,0,0,9,-1,0
8837,33,32,1,0,0,100,0,0,9,-1,0
8838,33,32,1,0,0,100,0,0,9,-1,0
8839,33,32,1,0,0,100,0,0,9,-1,0
8840,33,32,1,0,0,100,0,0,9,-1,0
8841,33,32,1,0,0,100,0,0,9,-1,0
8842,33,32,1,0,0,100,0,0,9,-1,0
8843,33,32,1,0,0,100,0,0,9,-1,0
8844,33,32,1,0,0,100,0,0,9,-1,0
8845,33,32,1,0,0,100,0,0,9,-1,0
8846,33,32,1,0,0,100,0,0,9,-1,0
8847,33,32,1,0,0,100,0,0,9,-1,0
8848,33,32,1,0,0,100,0,0,9,-1,0
8849,33,32,1,0,0,100,0,0,9,-1,0
8850,33,32,1,0,0,100,0,0,9,-1,0
8851,33,32,1,0,0,100,0,0,9,-1,0
8852,33,32,1,0,0,100,0,0,9,-1,0
8853,33,32,1,0,0,100,0,0,9,-1,0
8854,33,32,1,0,0,100,0,0,9,-1,0
8855,33,32,1,0,0,100,0,0,9,-1,0
8856,33,32,1,0,0,100,0,0,9,-1,0
8857,33,32,1,0,0,100,0,0,9,-1,0
8858,33,32,1,0,0,100,0,0,9,-1,0
8859,33,32,1,0,0,100,0,0,9,-1,0
8860,33,32,1,0,0,100,0,0,9,-1,0
8861,33,32,1,0,0,100,0,0,9,-1,0
8862,33,32,1,0,0,100,0,0,9,-1,0
8863,33,32,1,0,0,100,0,0,9,-1,0
8864,33,32,1,0,0,100,0,0,9,-1,0
8865,33,32,1,0,0,100,0,0,9,-1,0
8866,33,32,1,0,0,100,0,0,9,-1,0
8867,33,32,1,0,0,100,0,0,9,-1,0
8868,33,32,1,0,0,100,0,0,9,-1,0
8869,33,32,1,0,0,100,0,0,9,-1,0
8870,33,32,1,0,0,100,0,0,9,-1,0
8871,33,32,1,0,0,100,0,0,9,-1,0
8872,33,32,1,0,0,100,0,0,9,-1,0
8873,33,32,1,0,0,100,0,0,9,-1,0
8874,33,32,1,0,0,100,0,0,9,-1,0
8875,33,32,1,0,0,100,0,0,9,-1,0
8876,33,32,1,0,0,100,0,0,9,-1,0
8877,33,32,1,0,0,100,0,0,9,-1,0
8878,33,32,1,0,0,100,0,0,9,-1,0
8879,33,32,1,0,0,100,0,0,9,-1,0
8880,33,32,1,0,0,100,0,0,9,-1,0
8881,33,32,1,0,0,100,0,0,9,-1,0
8882,33,32,1,0,0,100,0,0,9,-1,0
8883,33,32,1,0,0,100,0,0,9,-1,0
8884,33,32,1,0,0,100,0,0,9,-1,0
8885,33,32,1,0,0,100,0,0,9,-1,0
8886,33,32,1,0,0,100,0,0,9,-1,0
8887,33,32,1,0,0,100,0,0,9,-1,0
8888,33,32,1,0,0,100,0,0,9,-1,0
8889,33,32,1,0,0,100,0,0,9,-1,0
8890,33,32,1,0,0,100,0,0,9,-1,0
8891,33,32,1,0,0,100,0,0,9,-1,0
8892,33,32,1,0,0,100,0,0,9,-1,0
8893,33,32,1,0,0,100,0,0,9,-1,0
8894,33,32,1,0,0,100,0,0,9,-1,0
8895,33,32,1,0,0,100,0,0,9,-1,0
8896,33,32,1,0,0,100,0,0,9,-1,0
8897,33,32,1,0,0,100,0,0,9,-1,0
8898,33,32,1,0,0,100,0,0,9,-1,0
8899,33,32,1,0,0,100,0,0,9,-1,0
8900,33,32,1,0,0,100,0,0,9,-1,0
8901,33,32,1,0,0,100,0,0,9,-1,0
8902,33,32,1,0,0,100,0,0,9,-1,0
8903,33,32,1,0,0,100,0,0,9,-1,0
8904,33,32,1,0,0,100,0,0,9,-1,0
8905,33,32,1,0,0,100,0,0,9,-1,0
8906,33,32,1,0,0,100,0,0,9,-1,0
8907,33,32,1,0,0,100,0,0,9,-1,0
8908,33,32,1,0,0,100,0,0,9,-1,0
8909,33,32,1,0,0,100,0,0,9,-1,0
8910,33,32,1,0,0,100,0,0,9,-1,0
8911,33,32,1,0,0,100,0,0,9,-1,0
8912,33,32,1,0,0,100,0,0,9,-1,0
8913,33,32,1,0,0,100,0,0,9,-1,0
8914,33,32,1,0,0,100,0,0,9,-1,0
8915,33,32,1,0,0,100,0,0,9,-1,0
8916,33,32,1,0,0,100,0,0,9,-1,0
8917,33,32,1,0,0,100,0,0,9,-1,0
8918,33,32,1,0,0,100,0,0,9,-1,0
8919,33,32,1,0,0,100,0,0,9,-1,0
8920,33,32,1,0,0,100,0,0,9,-1,0
8921,33,32,1,0,0,100,0,0,9,-1,0
8922,33,32,1,0,0,100,0,0,9,-1,0
8923,33,32,1,0,0,100,0,0,9,-1,0
8924,33,32,1,0,0,100,0,0,9,-1,0
8925,33,32,1,0,0,100,0,0,9,-1,0
8926,33,32,1,0,0,100,0,0,9,-1,0
8927,33,32,1,0,0,100,0,0,9,-1,0
8928,33,32,1,0,0,100,0,0,9,-1,0
8929,33,32,1,0,0,100,0,0,9,-1,0
8930,33,32,1,0,0,100,0,0,9,-1,0
8931,33,32,1,0,0,100,0,0,9,-1,0
8932,33,32,1,0,0,100,0,0,9,-1,0
8933,33,32,1,0,0,100,0,0,9,-1,0
8934,33,32,1,0,0,100,0,0,9,-1,0
8935,33,32,1,0,0,100,0,0,9,-1,0
8936,33,32,1,0,0,100,0,0,9,-1,0
8937,33,32,1,0,0,100,0,0,9,-1,0
8938,33,32,1,0,0,100,0,0,9,-1,0
8939,33,32,1,0,0,100,0,0,9,-1,0
8940,33,32,1,0,0,100,0,0,9,-1,0
8941,33,32,1,0,0,100,0,0,9,-1,0
8942,33,32,1,0,0,100,0,0,9,-1,0
8943,33,32,1,0,0,100,0,0,9,-1,0
8944,33,32,1,0,0,100,0,0,9,-1,0
8945,33,32,1,0,0,100,0,0,9,-1,0
8946,33,32,1,0,0,100,0,0,9,-1,0
8947,33,32,1,0,0,100,0,0,9,-1,0
8948,33,32,1,0,0,100,0,0,9,-1,0
8949,33,32,1,0,0,100,0,0,9,-1,0
8950,33,32,1,0,0,100,0,0,9,-1,0
8951,33,32,1,0,0,100,0,0,9,-1,0
8952,33,32,1,0,0,100,0,0,9,-1,0
8953,33,32,1,0,0,100,0,0,9,-1,0
8954,33,32,1,0,0,100,0,0,9,-1,0
8955,33,32,1,0,0,100,0,0,9,-1,0
8956,33,32,1,0,0,100,0,0,9,-1,0
8957,33,32,1,0,0,100,0,0,9,-1,0
8958,33,32,1,0,0,100,0,0,9,-1,0
8959,33,32,1,0,0,100,0,0,9,-1,0
8960,33,32,1,0,0,100,0,0,9,-1,0
8961,33,32,1,0,0,100,0,0,9,-1,0
8962,33,32,1,0,0,100,0,0,9,-1,0
8963,33,32,1,0,0,100,0,0,9,-1,0
8964,33,32,1,0,0,100,0,0,9,-1,0
8965,33,32,1,0,0,100,0,0,9,-1,0
8966,33,32,1,0,0,100,0,0,9,-1,0
8967,33,32,1,0,0,100,0,0,9,-1,0
8968,33,32,1,0,0,100,0,0,9,-1,0
8969,33,32,1,0,0,100,0,0,9,-1,0
8970,33,32,1,0,0,100,0,0,9,-1,0
8971,33,32,1,0,0,100,0,0,9,-1,0
8972,33,32,1,0,0,100,0,0,9,-1,0
8973,33,32,1,0,0,100,0,0,9,-1,0
8974,33,32,1,0,0,100,0,0,9,-1,0
8975,33,32,1,0,0,100,0,0,9,-1,0
8976,33,32,1,0,0,100,0,0,9,-1,0
8977,33,32,1,0,0,100,0,0,9,-1,0
8978,33,32,1,0,0,100,0,0,9,-1,0
8979,33,32,1,0,0,100,0,0,9,-1,0
8980,33,32,1,0,0,100,0,0,9,-1,0
8981,33,32,1,0,0,100,0,0,9,-1,0
8982,33,32,1,0,0,100,0,0,9,-1,0
8983,33,32,1,0,0,100,0,0,9,-1,0
8984,33,32,1,0,0,100,0,0,9,-1,0
8985,33,32,1,0,0,100,0,0,9,-1,0
8986,33,32,1,0,0,100,0,0,9,-1,0
8987,33,32,1,0,0,100,0,0,9,-1,0
8988,33,32,1,0,0,100,0,0,9,-1,0
8989,33,32,1,0,0,100,0,0,9,-1,0
8990,33,32,1,0,0,100,0,0,9,-1,0
8991,33,32,1,0,0,100,0,0,9,-1,0
8992,33,32,1,0,0,100,0,0,9,-1,0
8993,33,32,1,0,0,100,0,0,9,-1,0
8994,33,32,1,0,0,100,0,0,9,-1,0
8995,33,32,1,0,0,100,0,0,9,-1,0
8996,33,32,1,0,0,100,0,0,9,-1,0
8997,33,32,1,0,0,100,0,0,9,-1,0
8998,33,32,1,0,0,100,0,0,9,-1,0
8999,33,32,1,0,0,100,0,0,9,-1,0
9000,33,32,1,0,0,100,0,0,9,-1,0
9001,33,32,1,0,0,100,0,0,9,-1,0
9002,33,32,1,0,0,100,0,0,9,-1,0
9003,33,32,1,0,0,100,0,0,9,-1,0
9004,33,32,1,0,0,100,0,0,9,-1,0
9005,33,32,1,0,0,100,0,0,9,-1,0
9006,33,32,1,0,0,100,0,0,9,-1,0
9007,33,32,1,0,0,100,0,0,9,-1,0
9008,33,32,1,0,0,100,0,0,9,-1,0
9009,33,32,1,0,0,100,0,0,9,-1,0
9010,33,32,1,0,0,100,0,0,9,-1,0
9011,33,32,1,0,0,100,0,0,9,-1,0
9012,33,32,1,0,0,100,0,0,9,-1,0
9013,33,32,1,0,0,100,0,0,9,-1,0
9014,33,32,1,0,0,100,0,0,9,-1,0
9015,33,32,1,0,0,100,0,0,9,-1,0
9016,33,32,1,0,0,100,0,0,9,-1,0
9017,33,32,1,0,0,100,0,0,9,-1,0
9018,33,32,1,0,0,100,0,0,9,-1,0
9019,33,32,1,0,0,100,0,0,9,-1,0
9020,33,32,1,0,0,100,0,0,9,-1,0
9021,33,32,1,0,0,100,0,0,9,-1,0
9022,33,32,1,0,0,100,0,0,9,-1,0
9023,33,32,1,0,0,100,0,0,9,-1,0
9024,33,32,1,0,0,100,0,0,9,-1,0
9025,33,32,1,0,0,100,0,0,9,-1,0
9026,33,32,1,0,0,100,0,0,9,-1,0
9027,33,32,1,0,0,100,0,0,9,-1,0
9028,33,32,1,0,0,100,0,0,9,-1,0
9029,33,32,1,0,0,100,0,0,9,-1,0
9030,33,32,1,0,0,100,0,0,9,-1,0
9031,33,32,1,0,0,100,0,0,9,-1,0
9032,33,32,1,0,0,100,0,0,9,-1,0
9033,33,32,1,0,0,100,0,0,9,-1,0
9034,33,32,1,0,0,100,0,0,9,-1,0
9035,33,32,1,0,0,100,0,0,9,-1,0
9036,33,32,1,0,0,100,0,0,9,-1,0
9037,33,32,1,0,0,100,0,0,9,-1,0
9038,33,32,1,0,0,100,0,0,9,-1,0
9039,33,32,1,0,0,100,0,0,9,-1,0
9040,33,32,1,0,0,100,0,0,9,-1,0
9041,33,32,1,0,0,100,0,0,9,-1,0
9042,33,32,1,0,0,100,0,0,9,-1,0
9043,33,32,1,0,0,100,0,0,9,-1,0
9044,33,32,1,0,0,100,0,0,9,-1,0
9045,33,32,1,0,0,100,0,0,9,-1,0
9046,33,32,1,0,0,100,0,0,9,-1,0
9047,33,32,1,0,0,100,0,0,9,-1,0
9048,33,32,1,0,0,100,0,0,9,-1,0
9049,33,32,1,0,0,100,0,0,9,-1,0
9050,33,32,1,0,0,100,0,0,9,-1,0
9051,33,32,1,0,0,100,0,0,9,-1,0
9052,33,32,1,0,0,100,0,0,9,-1,0
9053,33,32,1,0,0,100,0,0,9,-1,0
9054,33,32,1,0,0,100,0,0,9,-1,0
9055,33,32,1,0,0,100,0,0,9,-1,0
9056,33,32,1,0,0,100,0,0,9,-1,0
9057,33,32,1,0,0,100,0,0,9,-1,0
9058,33,32,1,0,0,100,0,0,9,-1,0
9059,33,32,1,0,0,100,0,0,9,-1,0
9060,33,32,1,0,0,100,0,0,9,-1,0
9061,33,32,1,0,0,100,0,0,9,-1,0
9062,33,32,1,0,0,100,0,0,9,-1,0
9063,33,32,1,0,0,100,0,0,9,-1,0
9064,33,32,1,0,0,100,0,0,9,-1,0
9065,33,32,1,0,0,100,0,0,9,-1,0
9066,33,32,1,0,0,100,0,0,9,-1,0
9067,33,32,1,0,0,100,0,0,9,-1,0
9068,33,32,1,0,0,100,0,0,9,-1,0
9069,33,32,1,0,0,100,0,0,9,-1,0
9070,33,32,1,0,0,100,0,0,9,-1,0
9071,33,32,1,0,0,100,0,0,9,-1,0
9072,33,32,1,0,0,100,0,0,9,-1,0
9073,33,32,1,0,0,100,0,0,9,-1,0
9074,33,32,1,0,0,100,0,0,9,-1,0
9075,33,32,1,0,0,100,0,0,9,-1,0
9076,33,32,1,0,0,100,0,0,9,-1,0
9077,33,32,1,0,0,100,0,0,9,-1,0
9078,33,32,1,0,0,100,0,0,9,-1,0
9079,33,32,1,0,0,100,0,0,9,-1,0
9080,33,32,1,0,0,100,0,0,9,-1,0
9081,33,32,1,0,0,100,0,0,9,-1,0
9082,33,32,1,0,0,100,0,0,9,-1,0
9083,33,32,1,0,0,100,0,0,9,-1,0
9084,33,32,1,0,0,100,0,0,9,-1,0
9085,33,32,1,0,0,100,0,0,9,-1,0
9086,33,32,1,0,0,100,0,0,9,-1,0
9087,33,32,1,0,0,100,0,0,9,-1,0
9088,33,32,1,0,0,100,0,0,9,-1,0
9089,33,32,1,0,0,100,0,0,9,-1,0
9090,33,32,1,0,0,100,0,0,9,-1,0
9091,33,32,1,0,0,100,0,0,9,-1,0
9092,33,32,1,0,0,100,0,0,9,-1,0
9093,33,32,1,0,0,100,0,0,9,-1,0
9094,33,32,1,0,0,100,0,0,9,-1,0
9095,33,32,1,0,0,100,0,0,9,-1,0
9096,33,32,1,0,0,100,0,0,9,-1,0
9097,33,32,1,0,0,100,0,0,9,-1,0
9098,33,32,1,0,0,100,0,0,9,-1,0
9099,33,32,1,0,0,100,0,0,9,-1,0
9100,33,32,1,0,0,100,0,0,9,-1,0
9101,33,32,1,0,0,100,0,0,9,-1,0
9102,33,32,1,0,0,100,0,0,9,-1,0
9103,33,32,1,0,0,100,0,0,9,-1,0
9104,33,32,1,0,0,100,0,0,9,-1,0
9105,33,32,1,0,0,100,0,0,9,-1,0
9106,33,32,1,0,0,100,0,0,9,-1,0
9107,33,32,1,0,0,100,0,0,9,-1,0
9108,33,32,1,0,0,100,0,0,9,-1,0
9109,33,32,1,0,0,100,0,0,9,-1,0
9110,33,32,1,0,0,100,0,0,9,-1,0
9111,33,32,1,0,0,100,0,0,9,-1,0
9112,33,32,1,0,0,100,0,0,9,-1,0
9113,33,32,1,0,0,100,0,0,9,-1,0
9114,33,32,1,0,0,100,0,0,9,-1,0
9115,33,32,1,0,0,100,0,0,9,-1,0
9116,33,32,1,0,0,100,0,0,9,-1,0
9117,33,32,1,0,0,100,0,0,9,-1,0
9118,33,32,1,0,0,100,0,0,9,-1,0
9119,33,32,1,0,0,100,0,0,9,-1,0
9120,33,32,1,0,0,100,0,0,9,-1,0
9121,33,32,1,0,0,100,0,0,9,-1,0
9122,33,32,1,0,0,100,0,0,9,-1,0
9123,33,32,1,0,0,100,0,0,9,-1,0
9124,33,32,1,0,0,100,0,0,9,-1,0
9125,33,32,1,0,0,100,0,0,9,-1,0
9126,33,32,1,0,0,100,0,0,9,-1,0
9127,33,32,1,0,0,100,0,0,9,-1,0
9128,33,32,1,0,0,100,0,0,9,-1,0
9129,33,32,1,0,0,100,0,0,9,-1,0
9130,33,32,1,0,0,100,0,0,9,-1,0
9131,33,32,1,0,0,100,0,0,9,-1,0
9132,33,32,1,0,0,100,0,0,9,-1,0
9133,33,32,1,0,0,100,0,0,9,-1,0
9134,33,32,1,0,0,100,0,0,9,-1,0
9135,33,32,1,0,0,100,0,0,9,-1,0
9136,33,32,1,0,0,100,0,0,9,-1,0
9137,33,32,1,0,0,100,0,0,9,-1,0
9138,33,32,1,0,0,100,0,0,9,-1,0
9139,33,32,1,0,0,100,0,0,9,-1,0
9140,33,32,1,0,0,100,0,0,9,-1,0
9141,33,32,1,0,0,100,0,0,9,-1,0
9142,33,32,1,0,0,100,0,0,9,-1,0
9143,33,32,1,0,0,100,0,0,9,-1,0
9144,33,32,1,0,0,100,0,0,9,-1,0
9145,33,32,1,0,0,100,0,0,9,-1,0
9146,33,32,1,0,0,100,0,0,9,-1,0
9147,33,32,1,0,0,100,0,0,9,-1,0
9148,33,32,1,0,0,100,0,0,9,-1,0
9149,33,32,1,0,0,100,0,0,9,-1,0
9150,33,32,1,0,0,100,0,0,9,-1,0
9151,33,32,1,0,0,100,0,0,9,-1,0
9152,33,32,1,0,0,100,0,0,9,-1,0
9153,33,32,1,0,0,100,0,0,9,-1,0
9154,33,32,1,0,0,100,0,0,9,-1,0
9155,33,32,1,0,0,100,0,0,9,-1,0
9156,33,32,1,0,0,100,0,0,9,-1,0
9157,33,32,1,0,0,100,0,0,9,-1,0
9158,33,32,1,0,0,100,0,0,9,-1,0
9159,33,32,1,0,0,100,0,0,9,-1,0
9160,33,32,1,0,0,100,0,0,9,-1,0
9161,33,32,1,0,0,100,0,0,9,-1,0
9162,33,32,1,0,0,100,0,0,9,-1,0
9163,33,32,1,0,0,100,0,0,9,-1,0
9164,33,32,1,0,0,100,0,0,9,-1,0
9165,33,32,1,0,0,100,0,0,9,-1,0
9166,33,32,1,0,0,100,0,0,9,-1,0
9167,33,32,1,0,0,100,0,0,9,-1,0
9168,33,32,1,0,0,100,0,0,9,-1,0
9169,33,32,1,0,0,100,0,0,9,-1,0
9170,33,32,1,0,0,100,0,0,9,-1,0
9171,33,32,1,0,0,100,0,0,9,-1,0
9172,33,32,1,0,0,100,0,0,9,-1,0
9173,33,32,1,0,0,100,0,0,9,-1,0
9174,33,32,1,0,0,100,0,0,9,-1,0
9175,33,32,1,0,0,100,0,0,9,-1,0
9176,33,32,1,0,0,100,0,0,9,-1,0
9177,33,32,1,0,0,100,0,0,9,-1,0
9178,33,32,1,0,0,100,0,0,9,-1,0
9179,33,32,1,0,0,100,0,0,9,-1,0
9180,33,32,1,0,0,100,0,0,9,-1,0
9181,33,32,1,0,0,100,0,0,9,-1,0
9182,33,32,1,0,0,100,0,0,9,-1,0
9183,33,32,1,0,0,100,0,0,9,-1,0
9184,33,32,1,0,0,100,0,0,9,-1,0
9185,33,32,1,0,0,100,0,0,9,-1,0
9186,33,32,1,0,0,100,0,0,9,-1,0
9187,33,32,1,0,0,100,0,0,9,-1,0
9188,33,32,1,0,0,100,0,0,9,-1,0
9189,33,32,1,0,0,100,0,0,9,-1,0
9190,33,32,1,0,0,100,0,0,9,-1,0
9191,33,32,1,0,0,100,0,0,9,-1,0
9192,33,32,1,0,0,100,0,0,9,-1,0
9193,33,32,1,0,0,100,0,0,9,-1,0
9194,33,32,1,0,0,100,0,0,9,-1,0
9195,33,32,1,0,0,100,0,0,9,-1,0
9196,33,32,1,0,0,100,0,0,9,-1,0
9197,33,32,1,0,0,100,0,0,9,-1,0
9198,33,32,1,0,0,100,0,0,9,-1,0
9199,33,32,1,0,0,100,0,0,9,-1,0
9200,33,32,1,0,0,100,0,0,9,-1,0
9201,33,32,1,0,0,100,0,0,9,-1,0
9202,33,32,1,0,0,100,0,0,9,-1,0
9203,33,32,1,0,0,100,0,0,9,-1,0
9204,33,32,1,0,0,100,0,0,9,-1,0
9205,33,32,1,0,0,100,0,0,9,-1,0
9206,33,32,1,0,0,100,0,0,9,-1,0
9207,33,32,1,0,0,100,0,0,9,-1,0
9208,33,32,1,0,0,100,0,0,9,-1,0
9209,33,32,1,0,0,100,0,0,9,-1,0
9210,33,32,1,0,0,100,0,0,9,-1,0
9211,33,32,1,0,0,100,0,0,9,-1,0
9212,33,32,1,0,0,100,0,0,9,-1,0
9213,33,32,1,0,0,100,0,0,9,-1,0
9214,33,32,1,0,0,100,0,0,9,-1,0
9215,33,32,1,0,0,100,0,0,9,-1,0
9216,33,32,1,0,0,100,0,0,9,-1,0
9217,33,32,1,0,0,100,0,0,9,-1,0
9218,33,32,1,0,0,100,0,0,9,-1,0
9219,33,32,1,0,0,100,0,0,9,-1,0
9220,33,32,1,0,0,100,0,0,9,-1,0
9221,33,32,1,0,0,100,0,0,9,-1,0
9222,33,32,1,0,0,100,0,0,9,-1,0
9223,33,32,1,0,0,100,0,0,9,-1,0
9224,33,32,1,0,0,100,0,0,9,-1,0
9225,33,32,1,0,0,100,0,0,9,-1,0
9226,33,32,1,0,0,100,0,0,9,-1,0
9227,33,32,1,0,0,100,0,0,9,-1,0
9228,33,32,1,0,0,100,0,0,9,-1,0
9229,33,32,1,0,0,100,0,0,9,-1,0
9230,33,32,1,0,0,100,0,0,9,-1,0
9231,33,32,1,0,0,100,0,0,9,-1,0
9232,33,32,1,0,0,100,0,0,9,-1,0
9233,33,32,1,0,0,100,0,0,9,-1,0
9234,33,32,1,0,0,100,0,0,9,-1,0
9235,33,32,1,0,0,100,0,0,9,-1,0
9236,33,32,1,0,0,100,0,0,9,-1,0
9237,33,32,1,0,0,100,0,0,9,-1,0
9238,33,32,1,0,0,100,0,0,9,-1,0
9239,33,32,1,0,0,100,0,0,9,-1,0
9240,33,32,1,0,0,100,0,0,9,-1,0
9241,33,32,1,0,0,100,0,0,9,-1,0
9242,33,32,1,0,0,100,0,0,9,-1,0
9243,33,32,1,0,0,100,0,0,9,-1,0
9244,33,32,1,0,0,100,0,0,9,-1,0
9245,33,32,1,0,0,100,0,0,9,-1,0
9246,33,32,1,0,0,100,0,0,9,-1,0
9247,33,32,1,0,0,100,0,0,9,-1,0
9248,33,32,1,0,0,100,0,0,9,-1,0
9249,33,32,1,0,0,100,0,0,9,-1,0
9250,33,32,1,0,0,100,0,0,9,-1,0
9251,33,32,1,0,0,100,0,0,9,-1,0
9252,33,32,1,0,0,100,0,0,9,-1,0
9253,33,32,1,0,0,100,0,0,9,-1,0
9254,33,32,1,0,0,100,0,0,9,-1,0
9255,33,32,1,0,0,100,0,0,9,-1,0
9256,33,32,1,0,0,100,0,0,9,-1,0
9257,33,32,1,0,0,100,0,0,9,-1,0
9258,33,32,1,0,0,100,0,0,9,-1,0
9259,33,32,1,0,0,100,0,0,9,-1,0
9260,33,32,1,0,0,100,0,0,9,-1,0
9261,33,32,1,0,0,100,0,0,9,-1,0
9262,33,32,1,0,0,100,0,0,9,-1,0
9263,33,32,1,0,0,100,0,0,9,-1,0
9264,33,32,1,0,0,100,0,0,9,-1,0
9265,33,32,1,0,0,100,0,0,9,-1,0
9266,33,32,1,0,0,100,0,0,9,-1,0
9267,33,32,1,0,0,100,0,0,9,-1,0
9268,33,32,1,0,0,100,0,0,9,-1,0
9269,33,32,1,0,0,100,0,0,9,-1,0
9270,33,32,1,0,0,100,0,0,9,-1,0
9271,33,32,1,0,0,100,0,0,9,-1,0
9272,33,32,1,0,0,100,0,0,9,-1,0
9273,33,32,1,0,0,100,0,0,9,-1,0
9274,33,32,1,0,0,100,0,0,9,-1,0
9275,33,32,1,0,0,100,0,0,9,-1,0
9276,33,32,1,0,0,100,0,0,9,-1,0
9277,33,32,1,0,0,100,0,0,9,-1,0
9278,33,32,1,0,0,100,0,0,9,-1,0
9279,33,32,1,0,0,100,0,0,9,-1,0
9280,33,32,1,0,0,100,0,0,9,-1,0
9281,33,32,1,0,0,100,0,0,9,-1,0
9282,33,32,1,0,0,100,0,0,9,-1,0
9283,33,32,1,0,0,100,0,0,9,-1,0
9284,33,32,1,0,0,100,0,0,9,-1,0
9285,33,32,1,0,0,100,0,0,9,-1,0
9286,33,32,1,0,0,100,0,0,9,-1,0
9287,33,32,1,0,0,100,0,0,9,-1,0
9288,33,32,1,0,0,100,0,0,9,-1,0
9289,33,32,1,0,0,100,0,0,9,-1,0
9290,33,32,1,0,0,100,0,0,9,-1,0
9291,33,32,1,0,0,100,0,0,9,-1,0
9292,33,32,1,0,0,100,0,0,9,-1,0
9293,33,32,1,0,0,100,0,0,9,-1,0
9294,33,32,1,0,0,100,0,0,9,-1,0
9295,33,32,1,0,0,100,0,0,9,-1,0
9296,33,32,1,0,0,100,0,0,9,-1,0
9297,33,32,1,0,0,100,0,0,9,-1,0
9298,33,32,1,0,0,100,0,0,9,-1,0
9299,33,32,1,0,0,100,0,0,9,-1,0
9300,33,32,1,0,0,100,0,0,9,-1,0
9301,33,32,1,0,0,100,0,0,9,-1,0
9302,33,32,1,0,0,100,0,0,9,-1,0
9303,33,32,1,0,0,100,0,0,9,-1,0
9304,33,32,1,0,0,100,0,0,9,-1,0
9305,33,32,1,0,0,100,0,0,9,-1,0
9306,33,32,1,0,0,100,0,0,9,-1,0
9307,33,32,1,0,0,100,0,0,9,-1,0
9308,33,32,1,0,0,100,0,0,9,-1,0
9309,33,32,1,0,0,100,0,0,9,-1,0
9310,33,32,1,0,0,100,0,0,9,-1,0
9311,33,32,1,0,0,100,0,0,9,-1,0
9312,33,32,1,0,0,100,0,0,9,-1,0
9313,33,32,1,0,0,100,0,0,9,-1,0
9314,33,32,1,0,0,100,0,0,9,-1,0
9315,33,32,1,0,0,100,0,0,9,-1,0
9316,33,32,1,0,0,100,0,0,9,-1,0
9317,33,32,1,0,0,100,0,0,9,-1,0
9318,33,32,1,0,0,100,0,0,9,-1,0
9319,33,32,1,0,0,100,0,0,9,-1,0
9320,33,32,1,0,0,100,0,0,9,-1,0
9321,33,32,1,0,0,100,0,0,9,-1,0
9322,33,32,1,0,0,100,0,0,9,-1,0
9323,33,32,1,0,0,100,0,0,9,-1,0
9324,33,32,1,0,0,100,0,0,9,-1,0
9325,33,32,1,0,0,100,0,0,9,-1,0
9326,33,32,1,0,0,100,0,0,9,-1,0
9327,33,32,1,0,0,100,0,0,9,-1,0
9328,33,32,1,0,0,100,0,0,9,-1,0
9329,33,32,1,0,0,100,0,0,9,-1,0
9330,33,32,1,0,0,100,0,0,9,-1,0
9331,33,32,1,0,0,100,0,0,9,-1,0
9332,33,32,1,0,0,100,0,0,9,-1,0
9333,33,32,1,0,0,100,0,0,9,-1,0
9334,33,32,1,0,0,100,0,0,9,-1,0
9335,33,32,1,0,0,100,0,0,9,-1,0
9336,33,32,1,0,0,100,0,0,9,-1,0
9337,33,32,1,0,0,100,0,0,9,-1,0
9338,33,32,1,0,0,100,0,0,9,-1,0
9339,33,32,1,0,0,100,0,0,9,-1,0
9340,33,32,1,0,0,100,0,0,9,-1,0
9341,33,32,1,0,0,100,0,0,9,-1,0
9342,33,32,1,0,0,100,0,0,9,-1,0
9343,33,32,1,0,0,100,0,0,9,-1,0
9344,33,32,1,0,0,100,0,0,9,-1,0
9345,33,32,1,0,0,100,0,0,9,-1,0
9346,33,32,1,0,0,100,0,0,9,-1,0
9347,33,32,1,0,0,100,0,0,9,-1,0
9348,33,32,1,0,0,100,0,0,9,-1,0
9349,33,32,1,0,0,100,0,0,9,-1,0
9350,33,32,1,0,0,100,0,0,9,-1,0
9351,33,32,1,0,0,100,0,0,9,-1,0
9352,33,32,1,0,0,100,0,0,9,-1,0
9353,33,32,1,0,0,100,0,0,9,-1,0
9354,33,32,1,0,0,100,0,0,9,-1,0
9355,33,32,1,0,0,100,0,0,9,-1,0
9356,33,32,1,0,0,100,0,0,9,-1,0
9357,33,32,1,0,0,100,0,0,9,-1,0
9358,33,32,1,0,0,100,0,0,9,-1,0
9359,33,32,1,0,0,100,0,0,9,-1,0
9360,33,32,1,0,0,100,0,0,9,-1,0
9361,33,32,1,0,0,100,0,0,9,-1,0
9362,33,32,1,0,0,100,0,0,9,-1,0
9363,33,32,1,0,0,100,0,0,9,-1,0
9364,33,32,1,0,0,100,0,0,9,-1,0
9365,33,32,1,0,0,100,0,0,9,-1,0
9366,33,32,1,0,0,100,0,0,9,-1,0
9367,33,32,1,0,0,100,0,0,9,-1,0
9368,33,32,1,0,0,100,0,0,9,-1,0
9369,33,32,1,0,0,100,0,0,9,-1,0
9370,33,32,1,0,0,100,0,0,9,-1,0
9371,33,32,1,0,0,100,0,0,9,-1,0
9372,33,32,1,0,0,100,0,0,9,-1,0
9373,33,32,1,0,0,100,0,0,9,-1,0
9374,33,32,1,0,0,100,0,0,9,-1,0
9375,33,32,1,0,0,100,0,0,9,-1,0
9376,33,32,1,0,0,100,0,0,9,-1,0
9377,33,32,1,0,0,100,0,0,9,-1,0
9378,33,32,1,0,0,100,0,0,9,-1,0
9379,33,32,1,0,0,100,0,0,9,-1,0
9380,33,32,1,0,0,100,0,0,9,-1,0
9381,33,32,1,0,0,100,0,0,9,-1,0
9382,33,32,1,0,0,100,0,0,9,-1,0
9383,33,32,1,0,0,100,0,0,9,-1,0
9384,33,32,1,0,0,100,0,0,9,-1,0
9385,33,32,1,0,0,100,0,0,9,-1,0
9386,33,32,1,0,0,100,0,0,9,-1,0
9387,33,32,1,0,0,100,0,0,9,-1,0
9388,33,32,1,0,0,100,0,0,9,-1,0
9389,33,32,1,0,0,100,0,0,9,-1,0
9390,33,32,1,0,0,100,0,0,9,-1,0
9391,33,32,1,0,0,100,0,0,9,-1,0
9392,33,32,1,0,0,100,0,0,9,-1,0
9393,33,32,1,0,0,100,0,0,9,-1,0
9394,33,32,1,0,0,100,0,0,9,-1,0
9395,33,32,1,0,0,100,0,0,9,-1,0
9396,33,32,1,0,0,100,0,0,9,-1,0
9397,33,32,1,0,0,100,0,0,9,-1,0
9398,33,32,1,0,0,100,0,0,9,-1,0
9399,33,32,1,0,0,100,0,0,9,-1,0
9400,33,32,1,0,0,100,0,0,9,-1,0
9401,33,32,1,0,0,100,0,0,9,-1,0
9402,33,32,1,0,0,100,0,0,9,-1,0
9403,33,32,1,0,0,100,0,0,9,-1,0
9404,33,32,1,0,0,100,0,0,9,-1,0
9405,33,32,1,0,0,100,0,0,9,-1,0
9406,33,32,1,0,0,100,0,0,9,-1,0
9407,33,32,1,0,0,100,0,0,9,-1,0
9408,33,32,1,0,0,100,0,0,9,-1,0
9409,33,32,1,0,0,100,0,0,9,-1,0
9410,33,32,1,0,0,100,0,0,9,-1,0
9411,33,32,1,0,0,100,0,0,9,-1,0
9412,33,32,1,0,0,100,0,0,9,-1,0
9413,33,32,1,0,0,100,0,0,9,-1,0
9414,33,32,1,0,0,100,0,0,9,-1,0
9415,33,32,1,0,0,100,0,0,9,-1,0
9416,33,32,1,0,0,100,0,0,9,-1,0
9417,33,32,1,0,0,100,0,0,9,-1,0
9418,33,32,1,0,0,100,0,0,9,-1,0
9419,33,32,1,0,0,100,0,0,9,-1,0
9420,33,32,1,0,0,100,0,0,9,-1,0
9421,33,32,1,0,0,100,0,0,9,-1,0
9422,33,32,1,0,0,100,0,0,9,-1,0
9423,33,32,1,0,0,100,0,0,9,-1,0
9424,33,32,1,0,0,100,0,0,9,-1,0
9425,33,32,1,0,0,100,0,0,9,-1,0
9426,33,32,1,0,0,100,0,0,9,-1,0
9427,33,32,1,0,0,100,0,0,9,-1,0
9428,33,32,1,0,0,100,0,0,9,-1,0
9429,33,32,1,0,0,100,0,0,9,-1,0
9430,33,32,1,0,0,100,0,0,9,-1,0
9431,33,32,1,0,0,100,0,0,9,-1,0
9432,33,32,1,0,0,100,0,0,9,-1,0
9433,33,32,1,0,0,100,0,0,9,-1,0
9434,33,32,1,0,0,100,0,0,9,-1,0
9435,33,32,1,0,0,100,0,0,9,-1,0
9436,33,32,1,0,0,100,0,0,9,-1,0
9437,33,32,1,0,0,100,0,0,9,-1,0
9438,33,32,1,0,0,100,0,0,9,-1,0
9439,33,32,1,0,0,100,0,0,9,-1,0
9440,33,32,1,0,0,100,0,0,9,-1,0
9441,33,32,1,0,0,100,0,0,9,-1,0
9442,33,32,1,0,0,100,0,0,9,-1,0
9443,33,32,1,0,0,100,0,0,9,-1,0
9444,33,32,1,0,0,100,0,0,9,-1,0
9445,33,32,1,0,0,100,0,0,9,-1,0
9446,33,32,1,0,0,100,0,0,9,-1,0
9447,33,32,1,0,0,100,0,0,9,-1,0
9448,33,32,1,0,0,100,0,0,9,-1,0
9449,33,32,1,0,0,100,0,0,9,-1,0
9450,33,32,1,0,0,100,0,0,9,-1,0
9451,33,32,1,0,0,100,0,0,9,-1,0
9452,63,32,1,0,0,115,0,0,16,-1,0
9453,63,32,1,0,0,115,0,0,16,-1,0
9454,63,32,1,0,0,115,0,0,16,-1,0
9455,63,32,1,0,0,115,0,0,16,-1,0
9456,63,32,1,0,0,115,0,0,16,-1,0
9457,63,32,1,0,0,115,0,0,16,-1,0
9458,63,32,1,0,0,115,0,0,16,-1,0
9459,63,32,1,0,0,115,0,0,16,-1,0
9460,63,32,1,0,0,115,0,0,16,-1,0
9461,63,32,1,0,0,115,0,0,16,-1,0
9462,63,32,1,0,0,115,0,0,16,-1,0
9463,63,32,1,0,0,115,0,0,16,-1,0
9464,63,32,1,0,0,115,0,0,16,-1,0
9465,63,32,1,0,0,115,0,0,16,-1,0
9466,63,32,1,0,0,115,0,0,16,-1,0
9467,63,32,1,0,0,115,0,0,16,-1,0
9468,63,32,1,0,0,115,0,0,16,-1,0
9469,63,32,1,0,0,115,0,0,16,-1,0
9470,63,32,1,0,0,115,0,0,16,-1,0
9471,63,32,1,0,0,115,0,0,16,-1,0
9472,63,32,1,0,0,115,0,0,16,-1,0
9473,63,32,1,0,0,115,0,0,16,-1,0
9474,63,32,1,0,0,115,0,0,16,-1,0
9475,63,32,1,0,0,115,0,0,16,-1,0
9476,63,32,1,0,0,115,0,0,16,-1,0
9477,63,32,1,0,0,115,0,0,16,-1,0
9478,63,32,1,0,0,115,0,0,16,-1,0
9479,63,32,1,0,0,115,0,0,16,-1,0
9480,63,32,1,0,0,115,0,0,16,-1,0
9481,63,32,1,0,0,115,0,0,16,-1,0
9482,63,32,1,0,0,115,0,0,16,-1,0
9483,63,32,1,0,0,115,0,0,16,-1,0
9484,63,32,1,0,0,115,0,0,16,-1,0
9485,63,32,1,0,0,115,0,0,16,-1,0
9486,63,32,1,0,0,115,0,0,16,-1,0
9487,63,32,1,0,0,115,0,0,16,-1,0
9488,63,32,1,0,0,115,0,0,16,-1,0
9489,63,32,1,0,0,115,0,0,16,-1,0
9490,63,32,1,0,0,115,0,0,16,-1,0
9491,63,32,1,0,0,115,0,0,16,-1,0
9492,63,32,1,0,0,115,0,0,16,-1,0
9493,63,32,1,0,0,115,0,0,16,-1,0
9494,63,32,1,0,0,115,0,0,16,-1,0
9495,63,32,1,0,0,115,0,0,16,-1,0
9496,63,32,1,0,0,115,0,0,16,-1,0
9497,63,32,1,0,0,115,0,0,16,-1,0
9498,63,32,1,0,0,115,0,0,16,-1,0
9499,63,32,1,0,0,115,0,0,16,-1,0
9500,63,32,1,0,0,115,0,0,16,-1,0
9501,63,32,1,0,0,115,0,0,16,-1,0
9502,63,32,1,0,0,115,0,0,16,-1,0
9503,63,32,1,0,0,115,0,0,16,-1,0
9504,63,32,1,0,0,115,0,0,16,-1,0
9505,63,32,1,0,0,115,0,0,16,-1,0
9506,63,32,1,0,0,115,0,0,16,-1,0
9507,63,32,1,0,0,115,0,0,16,-1,0
9508,63,32,1,0,0,115,0,0,16,-1,0
9509,63,32,1,0,0,115,0,0,16,-1,0
9510,63,32,1,0,0,115,0,0,16,-1,0
9511,63,32,1,0,0,115,0,0,16,-1,0
9512,63,32,1,0,0,115,0,0,16,-1,0
9513,63,32,1,0,0,115,0,0,16,-1,0
9514,63,32,1,0,0,115,0,0,16,-1,0
9515,63,32,1,0,0,115,0,0,16,-1,0
9516,63,32,1,0,0,115,0,0,16,-1,0
9517,63,32,1,0,0,115,0,0,16,-1,0
9518,63,32,1,0,0,115,0,0,16,-1,0
9519,63,32,1,0,0,115,0,0,16,-1,0
9520,63,32,1,0,0,115,0,0,16,-1,0
9521,63,32,1,0,0,115,0,0,16,-1,0
9522,63,32,1,0,0,115,0,0,16,-1,0
9523,63,32,1,0,0,115,0,0,16,-1,0
9524,63,32,1,0,0,115,0,0,16,-1,0
9525,63,32,1,0,0,115,0,0,16,-1,0
9526,63,32,1,0,0,115,0,0,16,-1,0
9527,63,32,1,0,0,115,0,0,16,-1,0
9528,63,32,1,0,0,115,0,0,16,-1,0
9529,63,32,1,0,0,115,0,0,16,-1,0
9530,63,32,1,0,0,115,0,0,16,-1,0
9531,63,32,1,0,0,115,0,0,16,-1,0
9532,63,32,1,0,0,115,0,0,16,-1,0
9533,63,32,1,0,0,115,0,0,16,-1,0
9534,63,32,1,0,0,115,0,0,16,-1,0
9535,63,32,1,0,0,115,0,0,16,-1,0
9536,63,32,1,0,0,115,0,0,16,-1,0
9537,63,32,1,0,0,115,0,0,16,-1,0
9538,63,32,1,0,0,115,0,0,16,-1,0
9539,63,32,1,0,0,115,0,0,16,-1,0
9540,63,32,1,0,0,115,0,0,16,-1,0
9541,63,32,1,0,0,115,0,0,16,-1,0
9542,63,32,1,0,0,115,0,0,16,-1,0
9543,63,32,1,0,0,115,0,0,16,-1,0
9544,63,32,1,0,0,115,0,0,16,-1,0
9545,63,32,1,0,0,115,0,0,16,-1,0
9546,63,32,1,0,0,115,0,0,16,-1,0
9547,63,32,1,0,0,115,0,0,16,-1,0
9548,63,32,1,0,0,115,0,0,16,-1,0
9549,63,32,1,0,0,115,0,0,16,-1,0
9550,63,32,1,0,0,115,0,0,16,-1,0
9551,63,32,1,0,0,115,0,0,16,-1,0
9552,63,32,1,0,0,115,0,0,16,-1,0
9553,63,32,1,0,0,115,0,0,16,-1,0
9554,63,32,1,0,0,115,0,0,16,-1,0
9555,63,32,1,0,0,115,0,0,16,-1,0
9556,63,32,1,0,0,115,0,0,16,-1,0
9557,63,32,1,0,0,115,0,0,16,-1,0
9558,63,32,1,0,0,115,0,0,16,-1,0
9559,63,32,1,0,0,115,0,0,16,-1,0
9560,63,32,1,0,0,115,0,0,16,-1,0
9561,63,32,1,0,0,115,0,0,16,-1,0
9562,63,32,1,0,0,115,0,0,16,-1,0
9563,63,32,1,0,0,115,0,0,16,-1,0
9564,63,32,1,0,0,115,0,0,16,-1,0
9565,63,32,1,0,0,115,0,0,16,-1,0
9566,63,32,1,0,0,115,0,0,16,-1,0
9567,63,32,1,0,0,115,0,0,16,-1,0
9568,63,32,1,0,0,115,0,0,16,-1,0
9569,63,32,1,0,0,115,0,0,16,-1,0
9570,63,32,1,0,0,115,0,0,16,-1,0
9571,63,32,1,0,0,115,0,0,16,-1,0
9572,63,32,1,0,0,115,0,0,16,-1,0
9573,63,32,1,0,0,115,0,0,16,-1,0
9574,63,32,1,0,0,115,0,0,16,-1,0
9575,63,32,1,0,0,115,0,0,16,-1,0
9576,63,32,1,0,0,115,0,0,16,-1,0
9577,63,32,1,0,0,115,0,0,16,-1,0
9578,63,32,1,0,0,115,0,0,16,-1,0
9579,63,32,1,0,0,115,0,0,16,-1,0
9580,63,32,1,0,0,115,0,0,16,-1,0
9581,63,32,1,0,0,115,0,0,16,-1,0
9582,63,32,1,0,0,115,0,0,16,-1,0
9583,63,32,1,0,0,115,0,0,16,-1,0
9584,63,32,1,0,0,115,0,0,16,-1,0
9585,63,32,1,0,0,115,0,0,16,-1,0
9586,63,32,1,0,0,115,0,0,16,-1,0
9587,63,32,1,0,0,115,0,0,16,-1,0
9588,63,32,1,0,0,115,0,0,16,-1,0
9589,63,32,1,0,0,115,0,0,16,-1,0
9590,63,32,1,0,0,115,0,0,16,-1,0
9591,63,32,1,0,0,115,0,0,16,-1,0
9592,63,32,1,0,0,115,0,0,16,-1,0
9593,63,32,1,0,0,115,0,0,16,-1,0
9594,63,32,1,0,0,115,0,0,16,-1,0
9595,63,32,1,0,0,115,0,0,16,-1,0
9596,63,32,1,0,0,115,0,0,16,-1,0
9597,63,32,1,0,0,115,0,0,16,-1,0
9598,63,32,1,0,0,115,0,0,16,-1,0
9599,63,32,1,0,0,115,0,0,16,-1,0
9600,63,32,1,0,0,115,0,0,16,-1,0
9601,63,32,1,0,0,115,0,0,16,-1,0
9602,63,32,1,0,0,115,0,0,16,-1,0
9603,63,32,1,0,0,115,0,0,16,-1,0
9604,63,32,1,0,0,115,0,0,16,-1,0
9605,63,32,1,0,0,115,0,0,16,-1,0
9606,63,32,1,0,0,115,0,0,16,-1,0
9607,63,32,1,0,0,115,0,0,16,-1,0
9608,63,32,1,0,0,115,0,0,16,-1,0
9609,63,32,1,0,0,115,0,0,16,-1,0
9610,63,32,1,0,0,115,0,0,16,-1,0
9611,63,32,1,0,0,115,0,0,16,-1,0
9612,63,32,1,0,0,115,0,0,16,-1,0
9613,63,32,1,0,0,115,0,0,16,-1,0
9614,63,32,1,0,0,115,0,0,16,-1,0
9615,63,32,1,0,0,115,0,0,16,-1,0
9616,63,32,1,0,0,115,0,0,16,-1,0
9617,63,32,1,0,0,115,0,0,16,-1,0
9618,63,32,1,0,0,115,0,0,16,-1,0
9619,63,32,1,0,0,115,0,0,16,-1,0
9620,63,32,1,0,0,115,0,0,16,-1,0
9621,63,32,1,0,0,115,0,0,16,-1,0
9622,63,32,1,0,0,115,0,0,16,-1,0
9623,63,32,1,0,0,115,0,0,16,-1,0
9624,63,32,1,0,0,115,0,0,16,-1,0
9625,63,32,1,0,0,115,0,0,16,-1,0
9626,63,32,1,0,0,115,0,0,16,-1,0
9627,63,32,1,0,0,115,0,0,16,-1,0
9628,63,32,1,0,0,115,0,0,16,-1,0
9629,63,32,1,0,0,115,0,0,16,-1,0
9630,63,32,1,0,0,115,0,0,16,-1,0
9631,63,32,1,0,0,115,0,0,16,-1,0
9632,63,32,1,0,0,115,0,0,16,-1,0
9633,63,32,1,0,0,115,0,0,16,-1,0
9634,63,32,1,0,0,115,0,0,16,-1,0
9635,63,32,1,0,0,115,0,0,16,-1,0
9636,63,32,1,0,0,115,0,0,16,-1,0
9637,63,32,1,0,0,115,0,0,16,-1,0
9638,63,32,1,0,0,115,0,0,16,-1,0
9639,63,32,1,0,0,115,0,0,16,-1,0
9640,63,32,1,0,0,115,0,0,16,-1,0
9641,63,32,1,0,0,115,0,0,16,-1,0
9642,63,32,1,0,0,115,0,0,16,-1,0
9643,63,32,1,0,0,115,0,0,16,-1,0
9644,63,32,1,0,0,115,0,0,16,-1,0
9645,63,32,1,0,0,115,0,0,16,-1,0
9646,63,32,1,0,0,115,0,0,16,-1,0
9647,63,32,1,0,0,115,0,0,16,-1,0
9648,63,32,1,0,0,115,0,0,16,-1,0
9649,63,32,1,0,0,115,0,0,16,-1,0
9650,63,32,1,0,0,115,0,0,16,-1,0
9651,63,32,1,0,0,115,0,0,16,-1,0
9652,63,32,1,0,0,115,0,0,16,-1,0
9653,63,32,1,0,0,115,0,0,16,-1,0
9654,63,32,1,0,0,115,0,0,16,-1,0
9655,63,32,1,0,0,115,0,0,16,-1,0
9656,63,32,1,0,0,115,0,0,16,-1,0
9657,63,32,1,0,0,115,0,0,16,-1,0
9658,63,32,1,0,0,115,0,0,16,-1,0
9659,63,32,1,0,0,115,0,0,16,-1,0
9660,63,32,1,0,0,115,0,0,16,-1,0
9661,63,32,1,0,0,115,0,0,16,-1,0
9662,63,32,1,0,0,115,0,0,16,-1,0
9663,63,32,1,0,0,115,0,0,16,-1,0
9664,63,32,1,0,0,115,0,0,16,-1,0
9665,63,32,1,0,0,115,0,0,16,-1,0
9666,63,32,1,0,0,115,0,0,16,-1,0
9667,63,32,1,0,0,115,0,0,16,-1,0
9668,63,32,1,0,0,115,0,0,16,-1,0
9669,63,32,1,0,0,115,0,0,16,-1,0
9670,63,32,1,0,0,115,0,0,16,-1,0
9671,63,32,1,0,0,115,0,0,16,-1,0
9672,63,32,1,0,0,115,0,0,16,-1,0
9673,63,32,1,0,0,115,0,0,16,-1,0
9674,63,32,1,0,0,115,0,0,16,-1,0
9675,63,32,1,0,0,115,0,0,16,-1,0
9676,63,32,1,0,0,115,0,0,16,-1,0
9677,63,32,1,0,0,115,0,0,16,-1,0
9678,63,32,1,0,0,115,0,0,16,-1,0
9679,63,32,1,0,0,115,0,0,16,-1,0
9680,63,32,1,0,0,115,0,0,16,-1,0
9681,63,32,1,0,0,115,0,0,16,-1,0
9682,63,32,1,0,0,115,0,0,16,-1,0
9683,63,32,1,0,0,115,0,0,16,-1,0
9684,63,32,1,0,0,115,0,0,16,-1,0
9685,63,32,1,0,0,115,0,0,16,-1,0
9686,63,32,1,0,0,115,0,0,16,-1,0
9687,63,32,1,0,0,115,0,0,16,-1,0
9688,63,32,1,0,0,115,0,0,16,-1,0
9689,63,32,1,0,0,115,0,0,16,-1,0
9690,63,32,1,0,0,115,0,0,16,-1,0
9691,63,32,1,0,0,115,0,0,16,-1,0
9692,63,32,1,0,0,115,0,0,16,-1,0
9693,63,32,1,0,0,115,0,0,16,-1,0
9694,63,32,1,0,0,115,0,0,16,-1,0
9695,63,32,1,0,0,115,0,0,16,-1,0
9696,63,32,1,0,0,115,0,0,16,-1,0
9697,63,32,1,0,0,115,0,0,16,-1,0
9698,63,32,1,0,0,115,0,0,16,-1,0
9699,63,32,1,0,0,115,0,0,16,-1,0
9700,63,32,1,0,0,115,0,0,16,-1,0
9701,63,32,1,0,0,115,0,0,16,-1,0
9702,63,32,1,0,0,115,0,0,16,-1,0
9703,63,32,1,0,0,115,0,0,16,-1,0
9704,63,32,1,0,0,115,0,0,16,-1,0
9705,63,32,1,0,0,115,0,0,16,-1,0
9706,63,32,1,0,0,115,0,0,16,-1,0
9707,63,32,1,0,0,115,0,0,16,-1,0
9708,63,32,1,0,0,115,0,0,16,-1,0
9709,63,32,1,0,0,115,0,0,16,-1,0
9710,63,32,1,0,0,115,0,0,16,-1,0
9711,63,32,1,0,0,115,0,0,16,-1,0
9712,63,32,1,0,0,115,0,0,16,-1,0
9713,63,32,1,0,0,115,0,0,16,-1,0
9714,63,32,1,0,0,115,0,0,16,-1,0
9715,63,32,1,0,0,115,0,0,16,-1,0
9716,63,32,1,0,0,115,0,0,16,-1,0
9717,63,32,1,0,0,115,0,0,16,-1,0
9718,63,32,1,0,0,115,0,0,16,-1,0
9719,63,32,1,0,0,115,0,0,16,-1,0
9720,63,32,1,0,0,115,0,0,16,-1,0
9721,63,32,1,0,0,115,0,0,16,-1,0
9722,63,32,1,0,0,115,0,0,16,-1,0
9723,63,32,1,0,0,115,0,0,16,-1,0
9724,63,32,1,0,0,115,0,0,16,-1,0
9725,63,32,1,0,0,115,0,0,16,-1,0
9726,63,32,1,0,0,115,0,0,16,-1,0
9727,63,32,1,0,0,115,0,0,16,-1,0
9728,63,32,1,0,0,115,0,0,16,-1,0
9729,63,32,1,0,0,115,0,0,16,-1,0
9730,63,32,1,0,0,115,0,0,16,-1,0
9731,63,32,1,0,0,115,0,0,16,-1,0
9732,63,32,1,0,0,115,0,0,16,-1,0
9733,63,32,1,0,0,115,0,0,16,-1,0
9734,63,32,1,0,0,115,0,0,16,-1,0
9735,63,32,1,0,0,115,0,0,16,-1,0
9736,63,32,1,0,0,115,0,0,16,-1,0
9737,63,32,1,0,0,115,0,0,16,-1,0
9738,63,32,1,0,0,115,0,0,16,-1,0
9739,63,32,1,0,0,115,0,0,16,-1,0
9740,63,32,1,0,0,115,0,0,16,-1,0
9741,63,32,1,0,0,115,0,0,16,-1,0
9742,63,32,1,0,0,115,0,0,16,-1,0
9743,63,32,1,0,0,115,0,0,16,-1,0
9744,63,32,1,0,0,115,0,0,16,-1,0
9745,63,32,1,0,0,115,0,0,16,-1,0
9746,63,32,1,0,0,115,0,0,16,-1,0
9747,63,32,1,0,0,115,0,0,16,-1,0
9748,63,32,1,0,0,115,0,0,16,-1,0
9749,63,32,1,0,0,115,0,0,16,-1,0
9750,63,32,1,0,0,115,0,0,16,-1,0
9751,63,32,1,0,0,115,0,0,16,-1,0
9752,63,32,1,0,0,115,0,0,16,-1,0
9753,63,32,1,0,0,115,0,0,16,-1,0
9754,63,32,1,0,0,115,0,0,16,-1,0
9755,63,32,1,0,0,115,0,0,16,-1,0
9756,63,32,1,0,0,115,0,0,16,-1,0
9757,63,32,1,0,0,115,0,0,16,-1,0
9758,63,32,1,0,0,115,0,0,16,-1,0
9759,63,32,1,0,0,115,0,0,16,-1,0
9760,63,32,1,0,0,115,0,0,16,-1,0
9761,63,32,1,0,0,115,0,0,16,-1,0
9762,63,32,1,0,0,115,0,0,16,-1,0
9763,63,32,1,0,0,115,0,0,16,-1,0
9764,63,32,1,0,0,115,0,0,16,-1,0
9765,63,32,1,0,0,115,0,0,16,-1,0
9766,63,32,1,0,0,115,0,0,16,-1,0
9767,63,32,1,0,0,115,0,0,16,-1,0
9768,63,32,1,0,0,115,0,0,16,-1,0
9769,63,32,1,0,0,115,0,0,16,-1,0
9770,63,32,1,0,0,115,0,0,16,-1,0
9771,63,32,1,0,0,115,0,0,16,-1,0
9772,63,32,1,0,0,115,0,0,16,-1,0
9773,63,32,1,0,0,115,0,0,16,-1,0
9774,63,32,1,0,0,115,0,0,16,-1,0
9775,63,32,1,0,0,115,0,0,16,-1,0
9776,63,32,1,0,0,115,0,0,16,-1,0
9777,63,32,1,0,0,115,0,0,16,-1,0
9778,63,32,1,0,0,115,0,0,16,-1,0
9779,63,32,1,0,0,115,0,0,16,-1,0
9780,63,32,1,0,0,115,0,0,16,-1,0
9781,63,32,1,0,0,115,0,0,16,-1,0
9782,63,32,1,0,0,115,0,0,16,-1,0
9783,63,32,1,0,0,115,0,0,16,-1,0
9784,63,32,1,0,0,115,0,0,16,-1,0
9785,63,32,1,0,0,115,0,0,16,-1,0
9786,63,32,1,0,0,115,0,0,16,-1,0
9787,63,32,1,0,0,115,0,0,16,-1,0
9788,63,32,1,0,0,115,0,0,16,-1,0
9789,63,32,1,0,0,115,0,0,16,-1,0
9790,63,32,1,0,0,115,0,0,16,-1,0
9791,63,32,1,0,0,115,0,0,16,-1,0
9792,63,32,1,0,0,115,0,0,16,-1,0
9793,63,32,1,0,0,115,0,0,16,-1,0
9794,63,32,1,0,0,115,0,0,16,-1,0
9795,63,32,1,0,0,115,0,0,16,-1,0
9796,63,32,1,0,0,115,0,0,16,-1,0
9797,63,32,1,0,0,115,0,0,16,-1,0
9798,63,32,1,0,0,115,0,0,16,-1,0
9799,63,32,1,0,0,115,0,0,16,-1,0
9800,63,32,1,0,0,115,0,0,16,-1,0
9801,63,32,1,0,0,115,0,0,16,-1,0
9802,63,32,1,0,0,115,0,0,16,-1,0
9803,63,32,1,0,0,115,0,0,16,-1,0
9804,63,32,1,0,0,115,0,0,16,-1,0
9805,63,32,1,0,0,115,0,0,16,-1,0
9806,63,32,1,0,0,115,0,0,16,-1,0
9807,63,32,1,0,0,115,0,0,16,-1,0
9808,63,32,1,0,0,115,0,0,16,-1,0
9809,63,32,1,0,0,115,0,0,16,-1,0
9810,63,32,1,0,0,115,0,0,16,-1,0
9811,63,32,1,0,0,115,0,0,16,-1,0
9812,63,32,1,0,0,115,0,0,16,-1,0
9813,63,32,1,0,0,115,0,0,16,-1,0
9814,63,32,1,0,0,115,0,0,16,-1,0
9815,63,32,1,0,0,115,0,0,16,-1,0
9816,63,32,1,0,0,115,0,0,16,-1,0
9817,63,32,1,0,0,115,0,0,16,-1,0
9818,63,32,1,0,0,115,0,0,16,-1,0
9819,63,32,1,0,0,115,0,0,16,-1,0
9820,63,32,1,0,0,115,0,0,16,-1,0
9821,63,32,1,0,0,115,0,0,16,-1,0
9822,63,32,1,0,0,115,0,0,16,-1,0
9823,63,32,1,0,0,115,0,0,16,-1,0
9824,63,32,1,0,0,115,0,0,16,-1,0
9825,63,32,1,0,0,115,0,0,16,-1,0
9826,63,32,1,0,0,115,0,0,16,-1,0
9827,63,32,1,0,0,115,0,0,16,-1,0
9828,63,32,1,0,0,115,0,0,16,-1,0
9829,63,32,1,0,0,115,0,0,16,-1,0
9830,63,32,1,0,0,115,0,0,16,-1,0
9831,63,32,1,0,0,115,0,0,16,-1,0
9832,63,32,1,0,0,115,0,0,16,-1,0
9833,63,32,1,0,0,115,0,0,16,-1,0
9834,63,32,1,0,0,115,0,0,16,-1,0
9835,63,32,1,0,0,115,0,0,16,-1,0
9836,63,32,1,0,0,115,0,0,16,-1,0
9837,63,32,1,0,0,115,0,0,16,-1,0
9838,63,32,1,0,0,115,0,0,16,-1,0
9839,63,32,1,0,0,115,0,0,16,-1,0
9840,63,32,1,0,0,115,0,0,16,-1,0
9841,63,32,1,0,0,115,0,0,16,-1,0
9842,63,32,1,0,0,115,0,0,16,-1,0
9843,63,32,1,0,0,115,0,0,16,-1,0
9844,63,32,1,0,0,115,0,0,16,-1,0
9845,63,32,1,0,0,115,0,0,16,-1,0
9846,63,32,1,0,0,115,0,0,16,-1,0
9847,63,32,1,0,0,115,0,0,16,-1,0
9848,63,32,1,0,0,115,0,0,16,-1,0
9849,63,32,1,0,0,115,0,0,16,-1,0
9850,63,32,1,0,0,115,0,0,16,-1,0
9851,63,32,1,0,0,115,0,0,16,-1,0
9852,63,32,1,0,0,115,0,0,16,-1,0
9853,63,32,1,0,0,115,0,0,16,-1,0
9854,63,32,1,0,0,115,0,0,16,-1,0
9855,63,32,1,0,0,115,0,0,16,-1,0
9856,63,32,1,0,0,115,0,0,16,-1,0
9857,63,32,1,0,0,115,0,0,16,-1,0
9858,63,32,1,0,0,115,0,0,16,-1,0
9859,63,32,1,0,0,115,0,0,16,-1,0
9860,63,32,1,0,0,115,0,0,16,-1,0
9861,63,32,1,0,0,115,0,0,16,-1,0
9862,63,32,1,0,0,115,0,0,16,-1,0
9863,63,32,1,0,0,115,0,0,16,-1,0
9864,63,32,1,0,0,115,0,0,16,-1,0
9865,63,32,1,0,0,115,0,0,16,-1,0
9866,63,32,1,0,0,115,0,0,16,-1,0
9867,63,32,1,0,0,115,0,0,16,-1,0
9868,63,32,1,0,0,115,0,0,16,-1,0
9869,63,32,1,0,0,115,0,0,16,-1,0
9870,63,32,1,0,0,115,0,0,16,-1,0
9871,63,32,1,0,0,115,0,0,16,-1,0
9872,63,32,1,0,0,115,0,0,16,-1,0
9873,63,32,1,0,0,115,0,0,16,-1,0
9874,63,32,1,0,0,115,0,0,16,-1,0
9875,63,32,1,0,0,115,0,0,16,-1,0
9876,63,32,1,0,0,115,0,0,16,-1,0
9877,63,32,1,0,0,115,0,0,16,-1,0
9878,63,32,1,0,0,115,0,0,16,-1,0
9879,63,32,1,0,0,115,0,0,16,-1,0
9880,63,32,1,0,0,115,0,0,16,-1,0
9881,63,32,1,0,0,115,0,0,16,-1,0
9882,63,32,1,0,0,115,0,0,16,-1,0
9883,63,32,1,0,0,115,0,0,16,-1,0
9884,63,32,1,0,0,115,0,0,16,-1,0
9885,63,32,1,0,0,115,0,0,16,-1,0
9886,63,32,1,0,0,115,0,0,16,-1,0
9887,63,32,1,0,0,115,0,0,16,-1,0
9888,63,32,1,0,0,115,0,0,16,-1,0
9889,63,32,1,0,0,115,0,0,16,-1,0
9890,63,32,1,0,0,115,0,0,16,-1,0
9891,63,32,1,0,0,115,0,0,16,-1,0
9892,63,32,1,0,0,115,0,0,16,-1,0
9893,63,32,1,0,0,115,0,0,16,-1,0
9894,63,32,1,0,0,115,0,0,16,-1,0
9895,63,32,1,0,0,115,0,0,16,-1,0
9896,63,32,1,0,0,115,0,0,16,-1,0
9897,63,32,1,0,0,115,0,0,16,-1,0
9898,63,32,1,0,0,115,0,0,16,-1,0
9899,63,32,1,0,0,115,0,0,16,-1,0
9900,63,32,1,0,0,115,0,0,16,-1,0
9901,63,32,1,0,0,115,0,0,16,-1,0
9902,63,32,1,0,0,115,0,0,16,-1,0
9903,63,32,1,0,0,115,0,0,16,-1,0
9904,63,32,1,0,0,115,0,0,16,-1,0
9905,63,32,1,0,0,115,0,0,16,-1,0
9906,63,32,1,0,0,115,0,0,16,-1,0
9907,63,32,1,0,0,115,0,0,16,-1,0
9908,63,32,1,0,0,115,0,0,16,-1,0
9909,63,32,1,0,0,115,0,0,16,-1,0
9910,63,32,1,0,0,115,0,0,16,-1,0
9911,63,32,1,0,0,115,0,0,16,-1,0
9912,63,32,1,0,0,115,0,0,16,-1,0
9913,63,32,1,0,0,115,0,0,16,-1,0
9914,63,32,1,0,0,115,0,0,16,-1,0
9915,63,32,1,0,0,115,0,0,16,-1,0
9916,63,32,1,0,0,115,0,0,16,-1,0
9917,63,32,1,0,0,115,0,0,16,-1,0
9918,63,32,1,0,0,115,0,0,16,-1,0
9919,63,32,1,0,0,115,0,0,16,-1,0
9920,63,32,1,0,0,115,0,0,16,-1,0
9921,63,32,1,0,0,115,0,0,16,-1,0
9922,63,32,1,0,0,115,0,0,16,-1,0
9923,63,32,1,0,0,115,0,0,16,-1,0
9924,63,32,1,0,0,115,0,0,16,-1,0
9925,63,32,1,0,0,115,0,0,16,-1,0
9926,63,32,1,0,0,115,0,0,16,-1,0
9927,63,32,1,0,0,115,0,0,16,-1,0
9928,63,32,1,0,0,115,0,0,16,-1,0
9929,63,32,1,0,0,115,0,0,16,-1,0
9930,63,32,1,0,0,115,0,0,16,-1,0
9931,63,32,1,0,0,115,0,0,16,-1,0
9932,63,32,1,0,0,115,0,0,16,-1,0
9933,63,32,1,0,0,115,0,0,16,-1,0
9934,63,32,1,0,0,115,0,0,16,-1,0
9935,63,32,1,0,0,115,0,0,16,-1,0
9936,63,32,1,0,0,115,0,0,16,-1,0
9937,63,32,1,0,0,115,0,0,16,-1,0
9938,63,32,1,0,0,115,0,0,16,-1,0
9939,63,32,1,0,0,115,0,0,16,-1,0
9940,63,32,1,0,0,115,0,0,16,-1,0
9941,63,32,1,0,0,115,0,0,16,-1,0
9942,63,32,1,0,0,115,0,0,16,-1,0
9943,63,32,1,0,0,115,0,0,16,-1,0
9944,63,32,1,0,0,115,0,0,16,-1,0
9945,63,32,1,0,0,115,0,0,16,-1,0
9946,63,32,1,0,0,115,0,0,16,-1,0
9947,63,32,1,0,0,115,0,0,16,-1,0
9948,63,32,1,0,0,115,0,0,16,-1,0
9949,63,32,1,0,0,115,0,0,16,-1,0
9950,63,32,1,0,0,115,0,0,16,-1,0
9951,63,32,1,0,0,115,0,0,16,-1,0
9952,63,32,1,0,0,115,0,0,16,-1,0
9953,63,32,1,0,0,115,0,0,16,-1,0
9954,63,32,1,0,0,115,0,0,16,-1,0
9955,63,32,1,0,0,115,0,0,16,-1,0
9956,63,32,1,0,0,115,0,0,16,-1,0
9957,63,32,1,0,0,115,0,0,16,-1,0
9958,63,32,1,0,0,115,0,0,16,-1,0
9959,63,32,1,0,0,115,0,0,16,-1,0
9960,63,32,1,0,0,115,0,0,16,-1,0
9961,63,32,1,0,0,115,0,0,16,-1,0
9962,63,32,1,0,0,115,0,0,16,-1,0
9963,63,32,1,0,0,115,0,0,16,-1,0
9964,63,32,1,0,0,115,0,0,16,-1,0
9965,63,32,1,0,0,115,0,0,16,-1,0
9966,63,32,1,0,0,115,0,0,16,-1,0
9967,63,32,1,0,0,115,0,0,16,-1,0
9968,63,32,1,0,0,115,0,0,16,-1,0
9969,63,32,1,0,0,115,0,0,16,-1,0
9970,63,32,1,0,0,115,0,0,16,-1,0
9971,63,32,1,0,0,115,0,0,16,-1,0
9972,63,32,1,0,0,115,0,0,16,-1,0
9973,63,32,1,0,0,115,0,0,16,-1,0
9974,63,32,1,0,0,115,0,0,16,-1,0
9975,63,32,1,0,0,115,0,0,16,-1,0
9976,63,32,1,0,0,115,0,0,16,-1,0
9977,63,32,1,0,0,115,0,0,16,-1,0
9978,63,32,1,0,0,115,0,0,16,-1,0
9979,63,32,1,0,0,115,0,0,16,-1,0
9980,63,32,1,0,0,115,0,0,16,-1,0
9981,63,32,1,0,0,115,0,0,16,-1,0
9982,63,32,1,0,0,115,0,0,16,-1,0
9983,63,32,1,0,0,115,0,0,16,-1,0
9984,63,32,1,0,0,115,0,0,16,-1,0
9985,63,32,1,0,0,115,0,0,16,-1,0
9986,63,32,1,0,0,115,0,0,16,-1,0
9987,63,32,1,0,0,115,0,0,16,-1,0
9988,63,32,1,0,0,115,0,0,16,-1,0
9989,63,32,1,0,0,115,0,0,16,-1,0
9990,63,32,1,0,0,115,0,0,16,-1,0
9991,63,32,1,0,0,115,0,0,16,-1,0
9992,63,32,1,0,0,115,0,0,16,-1,0
9993,63,32,1,0,0,115,0,0,16,-1,0
9994,63,32,1,0,0,115,0,0,16,-1,0
9995,63,32,1,0,0,115,0,0,16,-1,0
9996,63,32,1,0,0,115,0,0,16,-1,0
9997,63,32,1,0,0,115,0,0,16,-1,0
9998,63,32,1,0,0,115,0,0,16,-1,0
9999,63,32,1,0,0,115,0,0,16,-1,0
10000,63,32,1,0,0,115,0,0,16,-1,0
10001,63,32,1,0,0,115,0,0,16,-1,0
10002,63,32,1,0,0,115,0,0,16,-1,0
10003,63,32,1,0,0,115,0,0,16,-1,0
10004,63,32,1,0,0,115,0,0,16,-1,0
10005,63,32,1,0,0,115,0,0,16,-1,0
10006,63,32,1,0,0,115,0,0,16,-1,0
10007,63,32,1,0,0,115,0,0,16,-1,0
10008,63,32,1,0,0,115,0,0,16,-1,0
10009,63,32,1,0,0,115,0,0,16,-1,0
10010,63,32,1,0,0,115,0,0,16,-1,0
10011,63,32,1,0,0,115,0,0,16,-1,0
10012,63,32,1,0,0,115,0,0,16,-1,0
10013,63,32,1,0,0,115,0,0,16,-1,0
10014,63,32,1,0,0,115,0,0,16,-1,0
10015,63,32,1,0,0,115,0,0,16,-1,0
10016,63,32,1,0,0,115,0,0,16,-1,0
10017,63,32,1,0,0,115,0,0,16,-1,0
10018,63,32,1,0,0,115,0,0,16,-1,0
10019,63,32,1,0,0,115,0,0,16,-1,0
10020,63,32,1,0,0,115,0,0,16,-1,0
10021,63,32,1,0,0,115,0,0,16,-1,0
10022,63,32,1,0,0,115,0,0,16,-1,0
10023,63,32,1,0,0,115,0,0,16,-1,0
10024,63,32,1,0,0,115,0,0,16,-1,0
10025,63,32,1,0,0,115,0,0,16,-1,0
10026,63,32,1,0,0,115,0,0,16,-1,0
10027,63,32,1,0,0,115,0,0,16,-1,0
10028,63,32,1,0,0,115,0,0,16,-1,0
10029,63,32,1,0,0,115,0,0,16,-1,0
10030,63,32,1,0,0,115,0,0,16,-1,0
10031,63,32,1,0,0,115,0,0,16,-1,0
10032,63,32,1,0,0,115,0,0,16,-1,0
10033,63,32,1,0,0,115,0,0,16,-1,0
10034,63,32,1,0,0,115,0,0,16,-1,0
10035,63,32,1,0,0,115,0,0,16,-1,0
10036,63,32,1,0,0,115,0,0,16,-1,0
10037,63,32,1,0,0,115,0,0,16,-1,0
10038,63,32,1,0,0,115,0,0,16,-1,0
10039,63,32,1,0,0,115,0,0,16,-1,0
10040,63,32,1,0,0,115,0,0,16,-1,0
10041,63,32,1,0,0,115,0,0,16,-1,0
10042,63,32,1,0,0,115,0,0,16,-1,0
10043,63,32,1,0,0,115,0,0,16,-1,0
10044,63,32,1,0,0,115,0,0,16,-1,0
10045,63,32,1,0,0,115,0,0,16,-1,0
10046,63,32,1,0,0,115,0,0,16,-1,0
10047,63,32,1,0,0,115,0,0,16,-1,0
10048,63,32,1,0,0,115,0,0,16,-1,0
10049,63,32,1,0,0,115,0,0,16,-1,0
10050,63,32,1,0,0,115,0,0,16,-1,0
10051,63,32,1,0,0,115,0,0,16,-1,0
10052,63,32,1,0,0,115,0,0,16,-1,0
10053,63,32,1,0,0,115,0,0,16,-1,0
10054,63,32,1,0,0,115,0,0,16,-1,0
10055,63,32,1,0,0,115,0,0,16,-1,0
10056,63,32,1,0,0,115,0,0,16,-1,0
10057,63,32,1,0,0,115,0,0,16,-1,0
10058,63,32,1,0,0,115,0,0,16,-1,0
10059,63,32,1,0,0,115,0,0,16,-1,0
10060,63,32,1,0,0,115,0,0,16,-1,0
10061,63,32,1,0,0,115,0,0,16,-1,0
10062,63,32,1,0,0,115,0,0,16,-1,0
10063,63,32,1,0,0,115,0,0,16,-1,0
10064,63,32,1,0,0,115,0,0,16,-1,0
10065,63,32,1,0,0,115,0,0,16,-1,0
10066,63,32,1,0,0,115,0,0,16,-1,0
10067,63,32,1,0,0,115,0,0,16,-1,0
10068,63,32,1,0,0,115,0,0,16,-1,0
10069,63,32,1,0,0,115,0,0,16,-1,0
10070,63,32,1,0,0,115,0,0,16,-1,0
10071,63,32,1,0,0,115,0,0,16,-1,0
10072,63,32,1,0,0,115,0,0,16,-1,0
10073,63,32,1,0,0,115,0,0,16,-1,0
10074,63,32,1,0,0,115,0,0,16,-1,0
10075,63,32,1,0,0,115,0,0,16,-1,0
10076,63,32,1,0,0,115,0,0,16,-1,0
10077,63,32,1,0,0,115,0,0,16,-1,0
10078,63,32,1,0,0,115,0,0,16,-1,0
10079,63,32,1,0,0,115,0,0,16,-1,0
10080,63,32,1,0,0,115,0,0,16,-1,0
10081,63,32,1,0,0,115,0,0,16,-1,0
10082,63,32,1,0,0,115,0,0,16,-1,0
10083,63,32,1,0,0,115,0,0,16,-1,0
10084,63,32,1,0,0,115,0,0,16,-1,0
10085,63,32,1,0,0,115,0,0,16,-1,0
10086,63,32,1,0,0,115,0,0,16,-1,0
10087,63,32,1,0,0,115,0,0,16,-1,0
10088,63,32,1,0,0,115,0,0,16,-1,0
10089,63,32,1,0,0,115,0,0,16,-1,0
10090,63,32,1,0,0,115,0,0,16,-1,0
10091,63,32,1,0,0,115,0,0,16,-1,0
10092,63,32,1,0,0,115,0,0,16,-1,0
10093,63,32,1,0,0,115,0,0,16,-1,0
10094,63,32,1,0,0,115,0,0,16,-1,0
10095,63,32,1,0,0,115,0,0,16,-1,0
10096,63,32,1,0,0,115,0,0,16,-1,0
10097,63,32,1,0,0,115,0,0,16,-1,0
10098,63,32,1,0,0,115,0,0,16,-1,0
10099,63,32,1,0,0,115,0,0,16,-1,0
10100,63,32,1,0,0,115,0,0,16,-1,0
10101,63,32,1,0,0,115,0,0,16,-1,0
10102,63,32,1,0,0,115,0,0,16,-1,0
10103,63,32,1,0,0,115,0,0,16,-1,0
10104,63,32,1,0,0,115,0,0,16,-1,0
10105,63,32,1,0,0,115,0,0,16,-1,0
10106,63,32,1,0,0,115,0,0,16,-1,0
10107,63,32,1,0,0,115,0,0,16,-1,0
10108,63,32,1,0,0,115,0,0,16,-1,0
10109,63,32,1,0,0,115,0,0,16,-1,0
10110,63,32,1,0,0,115,0,0,16,-1,0
10111,63,32,1,0,0,115,0,0,16,-1,0
10112,63,32,1,0,0,115,0,0,16,-1,0
10113,63,32,1,0,0,115,0,0,16,-1,0
10114,63,32,1,0,0,115,0,0,16,-1,0
10115,63,32,1,0,0,115,0,0,16,-1,0
10116,63,32,1,0,0,115,0,0,16,-1,0
10117,63,32,1,0,0,115,0,0,16,-1,0
10118,63,32,1,0,0,115,0,0,16,-1,0
10119,63,32,1,0,0,115,0,0,16,-1,0
10120,63,32,1,0,0,115,0,0,16,-1,0
10121,63,32,1,0,0,115,0,0,16,-1,0
10122,63,32,1,0,0,115,0,0,16,-1,0
10123,63,32,1,0,0,115,0,0,16,-1,0
10124,63,32,1,0,0,115,0,0,16,-1,0
10125,63,32,1,0,0,115,0,0,16,-1,0
10126,63,32,1,0,0,115,0,0,16,-1,0
10127,63,32,1,0,0,115,0,0,16,-1,0
10128,63,32,1,0,0,115,0,0,16,-1,0
10129,63,32,1,0,0,115,0,0,16,-1,0
10130,63,32,1,0,0,115,0,0,16,-1,0
10131,63,32,1,0,0,115,0,0,16,-1,0
10132,63,32,1,0,0,115,0,0,16,-1,0
10133,63,32,1,0,0,115,0,0,16,-1,0
10134,63,32,1,0,0,115,0,0,16,-1,0
10135,63,32,1,0,0,115,0,0,16,-1,0
10136,63,32,1,0,0,115,0,0,16,-1,0
10137,63,32,1,0,0,115,0,0,16,-1,0
10138,63,32,1,0,0,115,0,0,16,-1,0
10139,63,32,1,0,0,115,0,0,16,-1,0
10140,63,32,1,0,0,115,0,0,16,-1,0
10141,63,32,1,0,0,115,0,0,16,-1,0
10142,63,32,1,0,0,115,0,0,16,-1,0
10143,63,32,1,0,0,115,0,0,16,-1,0
10144,63,32,1,0,0,115,0,0,16,-1,0
10145,63,32,1,0,0,115,0,0,16,-1,0
10146,63,32,1,0,0,115,0,0,16,-1,0
10147,63,32,1,0,0,115,0,0,16,-1,0
10148,63,32,1,0,0,115,0,0,16,-1,0
10149,63,32,1,0,0,115,0,0,16,-1,0
10150,63,32,1,0,0,115,0,0,16,-1,0
10151,63,32,1,0,0,115,0,0,16,-1,0
10152,63,32,1,0,0,115,0,0,16,-1,0
10153,63,32,1,0,0,115,0,0,16,-1,0
10154,63,32,1,0,0,115,0,0,16,-1,0
10155,63,32,1,0,0,115,0,0,16,-1,0
10156,63,32,1,0,0,115,0,0,16,-1,0
10157,63,32,1,0,0,115,0,0,16,-1,0
10158,63,32,1,0,0,115,0,0,16,-1,0
10159,63,32,1,0,0,115,0,0,16,-1,0
10160,63,32,1,0,0,115,0,0,16,-1,0
10161,63,32,1,0,0,115,0,0,16,-1,0
10162,63,32,1,0,0,115,0,0,16,-1,0
10163,63,32,1,0,0,115,0,0,16,-1,0
10164,63,32,1,0,0,115,0,0,16,-1,0
10165,63,32,1,0,0,115,0,0,16,-1,0
10166,63,32,1,0,0,115,0,0,16,-1,0
10167,63,32,1,0,0,115,0,0,16,-1,0
10168,63,32,1,0,0,115,0,0,16,-1,0
10169,63,32,1,0,0,115,0,0,16,-1,0
10170,63,32,1,0,0,115,0,0,16,-1,0
10171,63,32,1,0,0,115,0,0,16,-1,0
10172,63,32,1,0,0,115,0,0,16,-1,0
10173,63,32,1,0,0,115,0,0,16,-1,0
10174,63,32,1,0,0,115,0,0,16,-1,0
10175,63,32,1,0,0,115,0,0,16,-1,0
10176,63,32,1,0,0,115,0,0,16,-1,0
10177,63,32,1,0,0,115,0,0,16,-1,0
10178,63,32,1,0,0,115,0,0,16,-1,0
10179,63,32,1,0,0,115,0,0,16,-1,0
10180,63,32,1,0,0,115,0,0,16,-1,0
10181,63,32,1,0,0,115,0,0,16,-1,0
10182,63,32,1,0,0,115,0,0,16,-1,0
10183,63,32,1,0,0,115,0,0,16,-1,0
10184,63,32,1,0,0,115,0,0,16,-1,0
10185,63,32,1,0,0,115,0,0,16,-1,0
10186,63,32,1,0,0,115,0,0,16,-1,0
10187,63,32,1,0,0,115,0,0,16,-1,0
10188,63,32,1,0,0,115,0,0,16,-1,0
10189,63,32,1,0,0,115,0,0,16,-1,0
10190,63,32,1,0,0,115,0,0,16,-1,0
10191,63,32,1,0,0,115,0,0,16,-1,0
10192,63,32,1,0,0,115,0,0,16,-1,0
10193,63,32,1,0,0,115,0,0,16,-1,0
10194,63,32,1,0,0,115,0,0,16,-1,0
10195,63,32,1,0,0,115,0,0,16,-1,0
10196,63,32,1,0,0,115,0,0,16,-1,0
10197,63,32,1,0,0,115,0,0,16,-1,0
10198,63,32,1,0,0,115,0,0,16,-1,0
10199,63,32,1,0,0,115,0,0,16,-1,0
10200,63,32,1,0,0,115,0,0,16,-1,0
10201,63,32,1,0,0,115,0,0,16,-1,0
10202,63,32,1,0,0,115,0,0,16,-1,0
10203,63,32,1,0,0,115,0,0,16,-1,0
10204,63,32,1,0,0,115,0,0,16,-1,0
10205,63,32,1,0,0,115,0,0,16,-1,0
10206,63,32,1,0,0,115,0,0,16,-1,0
10207,63,32,1,0,0,115,0,0,16,-1,0
10208,63,32,1,0,0,115,0,0,16,-1,0
10209,63,32,1,0,0,115,0,0,16,-1,0
10210,63,32,1,0,0,115,0,0,16,-1,0
10211,63,32,1,0,0,115,0,0,16,-1,0
10212,63,32,1,0,0,115,0,0,16,-1,0
10213,63,32,1,0,0,115,0,0,16,-1,0
10214,63,32,1,0,0,115,0,0,16,-1,0
10215,63,32,1,0,0,115,0,0,16,-1,0
10216,63,32,1,0,0,115,0,0,16,-1,0
10217,63,32,1,0,0,115,0,0,16,-1,0
10218,63,32,1,0,0,115,0,0,16,-1,0
10219,63,32,1,0,0,115,0,0,16,-1,0
10220,63,32,1,0,0,115,0,0,16,-1,0
10221,63,32,1,0,0,115,0,0,16,-1,0
10222,63,32,1,0,0,115,0,0,16,-1,0
10223,63,32,1,0,0,115,0,0,16,-1,0
10224,63,32,1,0,0,115,0,0,16,-1,0
10225,63,32,1,0,0,115,0,0,16,-1,0
10226,63,32,1,0,0,115,0,0,16,-1,0
10227,63,32,1,0,0,115,0,0,16,-1,0
10228,63,32,1,0,0,115,0,0,16,-1,0
10229,63,32,1,0,0,115,0,0,16,-1,0
10230,63,32,1,0,0,115,0,0,16,-1,0
10231,63,32,1,0,0,115,0,0,16,-1,0
10232,63,32,1,0,0,115,0,0,16,-1,0
10233,63,32,1,0,0,115,0,0,16,-1,0
10234,63,32,1,0,0,115,0,0,16,-1,0
10235,63,32,1,0,0,115,0,0,16,-1,0
10236,63,32,1,0,0,115,0,0,16,-1,0
10237,63,32,1,0,0,115,0,0,16,-1,0
10238,63,32,1,0,0,115,0,0,16,-1,0
10239,63,32,1,0,0,115,0,0,16,-1,0
10240,63,32,1,0,0,115,0,0,16,-1,0
10241,63,32,1,0,0,115,0,0,16,-1,0
10242,63,32,1,0,0,115,0,0,16,-1,0
10243,63,32,1,0,0,115,0,0,16,-1,0
10244,63,32,1,0,0,115,0,0,16,-1,0
10245,63,32,1,0,0,115,0,0,16,-1,0
10246,63,32,1,0,0,115,0,0,16,-1,0
10247,63,32,1,0,0,115,0,0,16,-1,0
10248,63,32,1,0,0,115,0,0,16,-1,0
10249,63,32,1,0,0,115,0,0,16,-1,0
10250,63,32,1,0,0,115,0,0,16,-1,0
10251,63,32,1,0,0,115,0,0,16,-1,0
10252,63,32,1,0,0,115,0,0,16,-1,0
10253,63,32,1,0,0,115,0,0,16,-1,0
10254,63,32,1,0,0,115,0,0,16,-1,0
10255,63,32,1,0,0,115,0,0,16,-1,0
10256,63,32,1,0,0,115,0,0,16,-1,0
10257,63,32,1,0,0,115,0,0,16,-1,0
10258,63,32,1,0,0,115,0,0,16,-1,0
10259,63,32,1,0,0,115,0,0,16,-1,0
10260,63,32,1,0,0,115,0,0,16,-1,0
10261,63,32,1,0,0,115,0,0,16,-1,0
10262,63,32,1,0,0,115,0,0,16,-1,0
10263,63,32,1,0,0,115,0,0,16,-1,0
10264,63,32,1,0,0,115,0,0,16,-1,0
10265,63,32,1,0,0,115,0,0,16,-1,0
10266,63,32,1,0,0,115,0,0,16,-1,0
10267,63,32,1,0,0,115,0,0,16,-1,0
10268,63,32,1,0,0,115,0,0,16,-1,0
10269,63,32,1,0,0,115,0,0,16,-1,0
10270,63,32,1,0,0,115,0,0,16,-1,0
10271,63,32,1,0,0,115,0,0,16,-1,0
10272,63,32,1,0,0,115,0,0,16,-1,0
10273,63,32,1,0,0,115,0,0,16,-1,0
10274,63,32,1,0,0,115,0,0,16,-1,0
10275,63,32,1,0,0,115,0,0,16,-1,0
10276,63,32,1,0,0,115,0,0,16,-1,0
10277,63,32,1,0,0,115,0,0,16,-1,0
10278,63,32,1,0,0,115,0,0,16,-1,0
10279,63,32,1,0,0,115,0,0,16,-1,0
10280,63,32,1,0,0,115,0,0,16,-1,0
10281,63,32,1,0,0,115,0,0,16,-1,0
10282,63,32,1,0,0,115,0,0,16,-1,0
10283,63,32,1,0,0,115,0,0,16,-1,0
10284,63,32,1,0,0,115,0,0,16,-1,0
10285,63,32,1,0,0,115,0,0,16,-1,0
10286,63,32,1,0,0,115,0,0,16,-1,0
10287,63,32,1,0,0,115,0,0,16,-1,0
10288,63,32,1,0,0,115,0,0,16,-1,0
10289,63,32,1,0,0,115,0,0,16,-1,0
10290,63,32,1,0,0,115,0,0,16,-1,0
10291,63,32,1,0,0,115,0,0,16,-1,0
10292,63,32,1,0,0,115,0,0,16,-1,0
10293,63,32,1,0,0,115,0,0,16,-1,0
10294,63,32,1,0,0,115,0,0,16,-1,0
10295,63,32,1,0,0,115,0,0,16,-1,0
10296,63,32,1,0,0,115,0,0,16,-1,0
10297,63,32,1,0,0,115,0,0,16,-1,0
10298,63,32,1,0,0,115,0,0,16,-1,0
10299,63,32,1,0,0,115,0,0,16,-1,0
10300,63,32,1,0,0,115,0,0,16,-1,0
10301,63,32,1,0,0,115,0,0,16,-1,0
10302,63,32,1,0,0,115,0,0,16,-1,0
10303,63,32,1,0,0,115,0,0,16,-1,0
10304,63,32,1,0,0,115,0,0,16,-1,0
10305,63,32,1,0,0,115,0,0,16,-1,0
10306,63,32,1,0,0,115,0,0,16,-1,0
10307,63,32,1,0,0,115,0,0,16,-1,0
10308,63,32,1,0,0,115,0,0,16,-1,0
10309,63,32,1,0,0,115,0,0,16,-1,0
10310,63,32,1,0,0,115,0,0,16,-1,0
10311,63,32,1,0,0,115,0,0,16,-1,0
10312,63,32,1,0,0,115,0,0,16,-1,0
10313,63,32,1,0,0,115,0,0,16,-1,0
10314,63,32,1,0,0,115,0,0,16,-1,0
10315,63,32,1,0,0,115,0,0,16,-1,0
10316,63,32,1,0,0,115,0,0,16,-1,0
10317,63,32,1,0,0,115,0,0,16,-1,0
10318,63,32,1,0,0,115,0,0,16,-1,0
10319,63,32,1,0,0,115,0,0,16,-1,0
10320,63,32,1,0,0,115,0,0,16,-1,0
10321,63,32,1,0,0,115,0,0,16,-1,0
10322,63,32,1,0,0,115,0,0,16,-1,0
10323,63,32,1,0,0,115,0,0,16,-1,0
10324,63,32,1,0,0,115,0,0,16,-1,0
10325,63,32,1,0,0,115,0,0,16,-1,0
10326,63,32,1,0,0,115,0,0,16,-1,0
10327,63,32,1,0,0,115,0,0,16,-1,0
10328,63,32,1,0,0,115,0,0,16,-1,0
10329,63,32,1,0,0,115,0,0,16,-1,0
10330,63,32,1,0,0,115,0,0,16,-1,0
10331,63,32,1,0,0,115,0,0,16,-1,0
10332,63,32,1,0,0,115,0,0,16,-1,0
10333,63,32,1,0,0,115,0,0,16,-1,0
10334,63,32,1,0,0,115,0,0,16,-1,0
10335,63,32,1,0,0,115,0,0,16,-1,0
10336,63,32,1,0,0,115,0,0,16,-1,0
10337,63,32,1,0,0,115,0,0,16,-1,0
10338,63,32,1,0,0,115,0,0,16,-1,0
10339,63,32,1,0,0,115,0,0,16,-1,0
10340,63,32,1,0,0,115,0,0,16,-1,0
10341,63,32,1,0,0,115,0,0,16,-1,0
10342,63,32,1,0,0,115,0,0,16,-1,0
10343,63,32,1,0,0,115,0,0,16,-1,0
10344,63,32,1,0,0,115,0,0,16,-1,0
10345,63,32,1,0,0,115,0,0,16,-1,0
10346,63,32,1,0,0,115,0,0,16,-1,0
10347,63,32,1,0,0,115,0,0,16,-1,0
10348,63,32,1,0,0,115,0,0,16,-1,0
10349,63,32,1,0,0,115,0,0,16,-1,0
10350,63,32,1,0,0,115,0,0,16,-1,0
10351,63,32,1,0,0,115,0,0,16,-1,0
10352,63,32,1,0,0,115,0,0,16,-1,0
10353,63,32,1,0,0,115,0,0,16,-1,0
10354,63,32,1,0,0,115,0,0,16,-1,0
10355,63,32,1,0,0,115,0,0,16,-1,0
10356,63,32,1,0,0,115,0,0,16,-1,0
10357,63,32,1,0,0,115,0,0,16,-1,0
10358,63,32,1,0,0,115,0,0,16,-1,0
10359,63,32,1,0,0,115,0,0,16,-1,0
10360,63,32,1,0,0,115,0,0,16,-1,0
10361,63,32,1,0,0,115,0,0,16,-1,0
10362,63,32,1,0,0,115,0,0,16,-1,0
10363,63,32,1,0,0,115,0,0,16,-1,0
10364,63,32,1,0,0,115,0,0,16,-1,0
10365,63,32,1,0,0,115,0,0,16,-1,0
10366,63,32,1,0,0,115,0,0,16,-1,0
10367,63,32,1,0,0,115,0,0,16,-1,0
10368,63,32,1,0,0,115,0,0,16,-1,0
10369,63,32,1,0,0,115,0,0,16,-1,0
10370,63,32,1,0,0,115,0,0,16,-1,0
10371,63,32,1,0,0,115,0,0,16,-1,0
10372,63,32,1,0,0,115,0,0,16,-1,0
10373,63,32,1,0,0,115,0,0,16,-1,0
10374,63,32,1,0,0,115,0,0,16,-1,0
10375,63,32,1,0,0,115,0,0,16,-1,0
10376,63,32,1,0,0,115,0,0,16,-1,0
10377,63,32,1,0,0,115,0,0,16,-1,0
10378,63,32,1,0,0,115,0,0,16,-1,0
10379,63,32,1,0,0,115,0,0,16,-1,0
10380,63,32,1,0,0,115,0,0,16,-1,0
10381,63,32,1,0,0,115,0,0,16,-1,0
10382,63,32,1,0,0,115,0,0,16,-1,0
10383,63,32,1,0,0,115,0,0,16,-1,0
10384,63,32,1,0,0,115,0,0,16,-1,0
10385,63,32,1,0,0,115,0,0,16,-1,0
10386,63,32,1,0,0,115,0,0,16,-1,0
10387,63,32,1,0,0,115,0,0,16,-1,0
10388,63,32,1,0,0,115,0,0,16,-1,0
10389,63,32,1,0,0,115,0,0,16,-1,0
10390,63,32,1,0,0,115,0,0,16,-1,0
10391,63,32,1,0,0,115,0,0,16,-1,0
10392,63,32,1,0,0,115,0,0,16,-1,0
10393,63,32,1,0,0,115,0,0,16,-1,0
10394,63,32,1,0,0,115,0,0,16,-1,0
10395,63,32,1,0,0,115,0,0,16,-1,0
10396,63,32,1,0,0,115,0,0,16,-1,0
10397,63,32,1,0,0,115,0,0,16,-1,0
10398,63,32,1,0,0,115,0,0,16,-1,0
10399,63,32,1,0,0,115,0,0,16,-1,0
10400,63,32,1,0,0,115,0,0,16,-1,0
10401,63,32,1,0,0,115,0,0,16,-1,0
10402,63,32,1,0,0,115,0,0,16,-1,0
10403,63,32,1,0,0,115,0,0,16,-1,0
10404,63,32,1,0,0,115,0,0,16,-1,0
10405,63,32,1,0,0,115,0,0,16,-1,0
10406,63,32,1,0,0,115,0,0,16,-1,0
10407,63,32,1,0,0,115,0,0,16,-1,0
10408,63,32,1,0,0,115,0,0,16,-1,0
10409,63,32,1,0,0,115,0,0,16,-1,0
10410,63,32,1,0,0,115,0,0,16,-1,0
10411,63,32,1,0,0,115,0,0,16,-1,0
10412,63,32,1,0,0,115,0,0,16,-1,0
10413,63,32,1,0,0,115,0,0,16,-1,0
10414,63,32,1,0,0,115,0,0,16,-1,0
10415,63,32,1,0,0,115,0,0,16,-1,0
10416,63,32,1,0,0,115,0,0,16,-1,0
10417,63,32,1,0,0,115,0,0,16,-1,0
10418,63,32,1,0,0,115,0,0,16,-1,0
10419,63,32,1,0,0,115,0,0,16,-1,0
10420,63,32,1,0,0,115,0,0,16,-1,0
10421,63,32,1,0,0,115,0,0,16,-1,0
10422,63,32,1,0,0,115,0,0,16,-1,0
10423,63,32,1,0,0,115,0,0,16,-1,0
10424,63,32,1,0,0,115,0,0,16,-1,0
10425,63,32,1,0,0,115,0,0,16,-1,0
10426,63,32,1,0,0,115,0,0,16,-1,0
10427,63,32,1,0,0,115,0,0,16,-1,0
10428,63,32,1,0,0,115,0,0,16,-1,0
10429,63,32,1,0,0,115,0,0,16,-1,0
10430,63,32,1,0,0,115,0,0,16,-1,0
10431,63,32,1,0,0,115,0,0,16,-1,0
10432,63,32,1,0,0,115,0,0,16,-1,0
10433,63,32,1,0,0,115,0,0,16,-1,0
10434,63,32,1,0,0,115,0,0,16,-1,0
10435,63,32,1,0,0,115,0,0,16,-1,0
10436,63,32,1,0,0,115,0,0,16,-1,0
10437,63,32,1,0,0,115,0,0,16,-1,0
10438,63,32,1,0,0,115,0,0,16,-1,0
10439,63,32,1,0,0,115,0,0,16,-1,0
10440,63,32,1,0,0,115,0,0,16,-1,0
10441,63,32,1,0,0,115,0,0,16,-1,0
10442,63,32,1,0,0,115,0,0,16,-1,0
10443,63,32,1,0,0,115,0,0,16,-1,0
10444,63,32,1,0,0,115,0,0,16,-1,0
10445,63,32,1,0,0,115,0,0,16,-1,0
10446,63,32,1,0,0,115,0,0,16,-1,0
10447,63,32,1,0,0,115,0,0,16,-1,0
10448,63,32,1,0,0,115,0,0,16,-1,0
10449,63,32,1,0,0,115,0,0,16,-1,0
10450,63,32,1,0,0,115,0,0,16,-1,0
10451,63,32,1,0,0,115,0,0,16,-1,0
10452,63,32,1,0,0,115,0,0,16,-1,0
10453,63,32,1,0,0,115,0,0,16,-1,0
10454,63,32,1,0,0,115,0,0,16,-1,0
10455,63,32,1,0,0,115,0,0,16,-1,0
10456,63,32,1,0,0,115,0,0,16,-1,0
10457,63,32,1,0,0,115,0,0,16,-1,0
10458,63,32,1,0,0,115,0,0,16,-1,0
10459,63,32,1,0,0,115,0,0,16,-1,0
10460,63,32,1,0,0,115,0,0,16,-1,0
10461,63,32,1,0,0,115,0,0,16,-1,0
10462,63,32,1,0,0,115,0,0,16,-1,0
10463,63,32,1,0,0,115,0,0,16,-1,0
10464,63,32,1,0,0,115,0,0,16,-1,0
10465,63,32,1,0,0,115,0,0,16,-1,0
10466,63,32,1,0,0,115,0,0,16,-1,0
10467,63,32,1,0,0,115,0,0,16,-1,0
10468,63,32,1,0,0,115,0,0,16,-1,0
10469,63,32,1,0,0,115,0,0,16,-1,0
10470,63,32,1,0,0,115,0,0,16,-1,0
10471,63,32,1,0,0,115,0,0,16,-1,0
10472,63,32,1,0,0,115,0,0,16,-1,0
10473,63,32,1,0,0,115,0,0,16,-1,0
10474,63,32,1,0,0,115,0,0,16,-1,0
10475,63,32,1,0,0,115,0,0,16,-1,0
10476,63,32,1,0,0,115,0,0,16,-1,0
10477,63,32,1,0,0,115,0,0,16,-1,0
10478,63,32,1,0,0,115,0,0,16,-1,0
10479,63,32,1,0,0,115,0,0,16,-1,0
10480,63,32,1,0,0,115,0,0,16,-1,0
10481,63,32,1,0,0,115,0,0,16,-1,0
10482,63,32,1,0,0,115,0,0,16,-1,0
10483,63,32,1,0,0,115,0,0,16,-1,0
10484,63,32,1,0,0,115,0,0,16,-1,0
10485,63,32,1,0,0,115,0,0,16,-1,0
10486,63,32,1,0,0,115,0,0,16,-1,0
10487,63,32,1,0,0,115,0,0,16,-1,0
10488,63,32,1,0,0,115,0,0,16,-1,0
10489,63,32,1,0,0,115,0,0,16,-1,0
10490,63,32,1,0,0,115,0,0,16,-1,0
10491,63,32,1,0,0,115,0,0,16,-1,0
10492,63,32,1,0,0,115,0,0,16,-1,0
10493,63,32,1,0,0,115,0,0,16,-1,0
10494,63,32,1,0,0,115,0,0,16,-1,0
10495,63,32,1,0,0,115,0,0,16,-1,0
10496,63,32,1,0,0,115,0,0,16,-1,0
10497,63,32,1,0,0,115,0,0,16,-1,0
10498,63,32,1,0,0,115,0,0,16,-1,0
10499,63,32,1,0,0,115,0,0,16,-1,0
10500,63,32,1,0,0,115,0,0,16,-1,0
10501,63,32,1,0,0,115,0,0,16,-1,0
10502,63,32,1,0,0,115,0,0,16,-1,0
10503,63,32,1,0,0,115,0,0,16,-1,0
10504,63,32,1,0,0,115,0,0,16,-1,0
10505,63,32,1,0,0,115,0,0,16,-1,0
10506,63,32,1,0,0,115,0,0,16,-1,0
10507,63,32,1,0,0,115,0,0,16,-1,0
10508,63,32,1,0,0,115,0,0,16,-1,0
10509,63,32,1,0,0,115,0,0,16,-1,0
10510,63,32,1,0,0,115,0,0,16,-1,0
10511,63,32,1,0,0,115,0,0,16,-1,0
10512,63,32,1,0,0,115,0,0,16,-1,0
10513,63,32,1,0,0,115,0,0,16,-1,0
10514,63,32,1,0,0,115,0,0,16,-1,0
10515,63,32,1,0,0,115,0,0,16,-1,0
10516,63,32,1,0,0,115,0,0,16,-1,0
10517,63,32,1,0,0,115,0,0,16,-1,0
10518,63,32,1,0,0,115,0,0,16,-1,0
10519,63,32,1,0,0,115,0,0,16,-1,0
10520,63,32,1,0,0,115,0,0,16,-1,0
10521,63,32,1,0,0,115,0,0,16,-1,0
10522,63,32,1,0,0,115,0,0,16,-1,0
10523,63,32,1,0,0,115,0,0,16,-1,0
10524,63,32,1,0,0,115,0,0,16,-1,0
10525,63,32,1,0,0,115,0,0,16,-1,0
10526,63,32,1,0,0,115,0,0,16,-1,0
10527,63,32,1,0,0,115,0,0,16,-1,0
10528,63,32,1,0,0,115,0,0,16,-1,0
10529,63,32,1,0,0,115,0,0,16,-1,0
10530,63,32,1,0,0,115,0,0,16,-1,0
10531,63,32,1,0,0,115,0,0,16,-1,0
10532,63,32,1,0,0,115,0,0,16,-1,0
10533,63,32,1,0,0,115,0,0,16,-1,0
10534,63,32,1,0,0,115,0,0,16,-1,0
10535,63,32,1,0,0,115,0,0,16,-1,0
10536,63,32,1,0,0,115,0,0,16,-1,0
10537,63,32,1,0,0,115,0,0,16,-1,0
10538,63,32,1,0,0,115,0,0,16,-1,0
10539,63,32,1,0,0,115,0,0,16,-1,0
10540,63,32,1,0,0,115,0,0,16,-1,0
10541,63,32,1,0,0,115,0,0,16,-1,0
10542,63,32,1,0,0,115,0,0,16,-1,0
10543,63,32,1,0,0,115,0,0,16,-1,0
10544,63,32,1,0,0,115,0,0,16,-1,0
10545,63,32,1,0,0,115,0,0,16,-1,0
10546,63,32,1,0,0,115,0,0,16,-1,0
10547,63,32,1,0,0,115,0,0,16,-1,0
10548,63,32,1,0,0,115,0,0,16,-1,0
10549,63,32,1,0,0,115,0,0,16,-1,0
10550,63,32,1,0,0,115,0,0,16,-1,0
10551,63,32,1,0,0,115,0,0,16,-1,0
10552,63,32,1,0,0,115,0,0,16,-1,0
10553,63,32,1,0,0,115,0,0,16,-1,0
10554,63,32,1,0,0,115,0,0,16,-1,0
10555,63,32,1,0,0,115,0,0,16,-1,0
10556,63,32,1,0,0,115,0,0,16,-1,0
10557,63,32,1,0,0,115,0,0,16,-1,0
10558,63,32,1,0,0,115,0,0,16,-1,0
10559,63,32,1,0,0,115,0,0,16,-1,0
10560,63,32,1,0,0,115,0,0,16,-1,0
10561,63,32,1,0,0,115,0,0,16,-1,0
10562,63,32,1,0,0,115,0,0,16,-1,0
10563,63,32,1,0,0,115,0,0,16,-1,0
10564,63,32,1,0,0,115,0,0,16,-1,0
10565,63,32,1,0,0,115,0,0,16,-1,0
10566,63,32,1,0,0,115,0,0,16,-1,0
10567,63,32,1,0,0,115,0,0,16,-1,0
10568,63,32,1,0,0,115,0,0,16,-1,0
10569,63,32,1,0,0,115,0,0,16,-1,0
10570,63,32,1,0,0,115,0,0,16,-1,0
10571,63,32,1,0,0,115,0,0,16,-1,0
10572,63,32,1,0,0,115,0,0,16,-1,0
10573,63,32,1,0,0,115,0,0,16,-1,0
10574,63,32,1,0,0,115,0,0,16,-1,0
10575,63,32,1,0,0,115,0,0,16,-1,0
10576,63,32,1,0,0,115,0,0,16,-1,0
10577,63,32,1,0,0,115,0,0,16,-1,0
10578,63,32,1,0,0,115,0,0,16,-1,0
10579,63,32,1,0,0,115,0,0,16,-1,0
10580,63,32,1,0,0,115,0,0,16,-1,0
10581,63,32,1,0,0,115,0,0,16,-1,0
10582,63,32,1,0,0,115,0,0,16,-1,0
10583,63,32,1,0,0,115,0,0,16,-1,0
10584,63,32,1,0,0,115,0,0,16,-1,0
10585,63,32,1,0,0,115,0,0,16,-1,0
10586,63,32,1,0,0,115,0,0,16,-1,0
10587,63,32,1,0,0,115,0,0,16,-1,0
10588,63,32,1,0,0,115,0,0,16,-1,0
10589,63,32,1,0,0,115,0,0,16,-1,0
10590,63,32,1,0,0,115,0,0,16,-1,0
10591,63,32,1,0,0,115,0,0,16,-1,0
10592,63,32,1,0,0,115,0,0,16,-1,0
10593,63,32,1,0,0,115,0,0,16,-1,0
10594,63,32,1,0,0,115,0,0,16,-1,0
10595,63,32,1,0,0,115,0,0,16,-1,0
10596,64,32,1,1,1,124,1,1,16,141,16
10597,64,32,1,1,1,124,1,1,16,148,16
10598,64,32,1,1,1,124,1,1,16,240,16
10599,64,32,1,1,0,124,0,0,16,-1,0
10600,64,32,1,1,0,124,0,0,16,-1,0
10601,64,32,1,1,1,124,1,1,16,141,16
10602,64,32,1,1,1,124,1,1,16,148,16
10603,64,32,1,1,1,124,1,1,16,240,16
10604,64,32,1,1,0,124,0,0,16,-1,1
10605,64,32,1,1,0,124,0,0,16,-1,1
10606,64,32,1,1,1,124,1,1,16,141,16
10607,64,32,1,1,1,124,1,1,16,148,16
10608,64,32,1,1,1,124,1,1,16,240,16
10609,64,32,1,1,0,124,0,0,16,-1,2
10610,64,32,1,1,0,124,0,0,16,-1,2
10611,64,32,1,1,1,124,1,1,16,141,16
10612,64,32,1,1,1,124,1,1,16,148,16
10613,64,32,1,1,1,124,1,1,16,240,16
10614,64,32,1,1,0,124,0,0,16,-1,3
10615,64,32,1,1,0,124,0,0,16,-1,3
10616,64,32,1,1,1,124,1,1,16,141,16
10617,64,32,1,1,1,124,1,1,16,148,16
10618,64,32,1,1,1,124,1,1,16,240,16
10619,64,32,1,1,0,124,0,0,16,-1,4
10620,64,32,1,1,0,124,0,0,16,-1,4
10621,64,32,1,1,1,124,1,1,16,141,16
10622,64,32,1,1,1,124,1,1,16,148,16
10623,64,32,1,1,1,124,1,1,16,240,16
10624,64,32,1,1,0,124,0,0,16,-1,5
10625,64,32,1,1,0,124,0,0,16,-1,5
10626,64,32,1,1,1,124,1,1,16,141,16
10627,64,32,1,1,1,124,1,1,16,148,16
10628,64,32,1,1,1,124,1,1,16,240,16
10629,64,32,1,1,0,124,0,0,16,-1,6
10630,64,32,1,1,0,124,0,0,16,-1,6
10631,64,32,1,1,1,124,1,1,16,141,16
10632,64,32,1,1,1,124,1,1,16,148,16
10633,64,32,1,1,1,124,1,1,16,240,16
10634,64,32,1,1,0,124,0,0,16,-1,7
10635,64,32,1,1,0,124,0,0,16,-1,7
10636,64,32,1,1,1,124,1,1,16,141,16
10637,64,32,1,1,1,124,1,1,16,148,16
10638,64,32,1,1,1,124,1,1,16,240,16
10639,64,32,1,1,0,124,0,0,16,-1,8
10640,64,32,1,1,0,124,0,0,16,-1,8
10641,64,32,1,1,1,124,1,1,16,141,16
10642,64,32,1,1,1,124,1,1,16,148,16
10643,64,32,1,1,1,124,1,1,16,240,16
10644,64,32,1,1,0,124,0,0,16,-1,9
10645,64,32,1,1,0,124,0,0,16,-1,9
10646,64,32,1,1,1,124,1,1,16,141,16
10647,64,32,1,1,1,124,1,1,16,148,16
10648,64,32,1,1,1,124,1,1,16,240,16
10649,64,32,1,1,0,124,0,0,16,-1,10
10650,64,32,1,1,0,124,0,0,16,-1,10
10651,64,32,1,1,1,124,1,1,16,141,16
10652,64,32,1,1,1,124,1,1,16,148,16
10653,64,32,1,1,1,124,1,1,16,240,16
10654,64,32,1,1,0,124,0,0,16,-1,11
10655,64,32,1,1,0,124,0,0,16,-1,11
10656,64,32,1,1,1,124,1,1,16,141,16
10657,64,32,1,1,1,124,1,1,16,148,16
10658,64,32,1,1,1,124,1,1,16,240,16
10659,64,32,1,1,0,124,0,0,16,-1,12
10660,64,32,1,1,0,124,0,0,16,-1,12
10661,64,32,1,1,1,124,1,1,16,141,16
10662,64,32,1,1,1,124,1,1,16,148,16
10663,64,32,1,1,1,124,1,1,16,240,16
10664,64,32,1,1,0,124,0,0,16,-1,13
10665,64,32,1,1,0,124,0,0,16,-1,13
10666,64,32,1,1,1,124,1,1,16,141,16
10667,64,32,1,1,1,124,1,1,16,148,16
10668,64,32,1,1,1,124,1,1,16,240,16
10669,64,32,1,1,0,124,0,0,16,-1,14
10670,64,32,1,1,0,124,0,0,16,-1,14
10671,64,32,1,1,1,124,1,1,16,141,16
10672,64,32,1,1,1,124,1,1,16,148,16
10673,64,32,1,1,1,124,1,1,16,240,16
10674,64,32,1,1,0,124,0,0,16,-1,15
10675,64,32,1,1,0,124,0,0,16,-1,15
10676,64,32,1,1,0,124,0,0,16,-1,0
10677,64,32,1,1,0,124,0,0,16,-1,0
10678,64,32,1,1,1,124,1,1,16,140,16
10679,64,32,1,1,0,124,0,1,16,-1,0
10680,64,32,1,1,1,124,1,4294967295,16,140,16
10681,64,32,1,1,0,124,0,4294967295,16,-1,0
10682,64,32,1,1,1,124,1,4294967296,16,140,16
10683,64,32,1,1,0,124,0,4294967296,16,-1,0
10684,64,32,1,1,1,124,1,9223372036854775808,16,140,16
10685,64,32,1,1,0,124,0,9223372036854775808,16,-1,0
10686,64,32,1,1,1,124,1,18446744073709551615,16,140,16
10687,64,32,1,1,0,124,0,18446744073709551615,16,-1,0
10688,1,32,1,1,0,76,0,0,1,-1,0
10689,4,32,1,1,0,77,0,0,1,-1,0
10690,15,32,1,1,0,79,0,0,4,-1,0
10691,16,32,1,1,0,88,0,0,4,-1,0
10692,17,32,1,1,0,88,0,0,5,-1,0
10693,31,32,1,1,0,91,0,0,8,-1,0
10694,32,32,1,1,0,100,0,0,8,-1,0
10695,33,32,1,1,0,100,0,0,9,-1,0
10696,63,32,1,1,0,115,0,0,16,-1,0
10697,64,32,1,1,0,124,0,0,16,-1,0
